# Resource object code (Python 3)
# Created by: object code
# Created by: The Resource Compiler for Qt version 6.9.0
# WARNING! All changes made in this file will be lost!

from PySide6 import QtCore

qt_resource_data = b"\
\x00\x00PZ\
\x89\
PNG\x0d\x0a\x1a\x0a\x00\x00\x00\x0dIHDR\x00\
\x00\x01,\x00\x00\x01,\x08\x06\x00\x00\x00y}\x8eu\
\x00\x00\x00\x01sRGB\x01\xd9\xc9,\x7f\x00\x00\x00\
\x09pHYs\x00\x00\xa6\x18\x00\x00\xa6\x18\x01~u\
\xc9\x8d\x00\x00O\xffIDATx\x9c\xed\x9d\x09|\
\x15\xd5\xbd\xc7\x81\x0b\xca\xe2V\x0a}P@\x8b\xbb\xd6\
'\xda\xba\xd5\xadV\xd4*\xca\xa2u\xa1\xb6B\x17\xb5\
ue\x11wT\xc0\xb0&\x10\xc2\x16 d\xbfs\x09\
!\x0b!$,a',\xeeO\xab\xd5>}\x8b\xf6\
=E\xebB)>\xb4\x0a\xff\xf7\xff\xcd\x9d\x13&\x93\
\xbb\xcc\xdc;w\xce\xdc\x9bs>\x9f/YH\xee\x9d\
\xe5\x9co\xfe\xe7?\xff9\xd3\xa1\x83j\xed\xbeUW\
Wwd\xba2=\x99~\xcc f\x083\x9a\x19\xcb\
Lf\xe63A\xa6\x91\xd9\xcd\xbc\xc5\xbc\xc7\xbc\xcf|\
\xc4|\xca\xecg\x0e2\xdf\x1a\x1c4\xbe\xf7\xa9\xf13\
\xef\x1b\xbf\xf3\x96\xf1\x1a\x8d\xc6k\xce7\xdec\xac\xf1\
\x9eC\x8cm\xe8gl\x13\xb6\xad\xa3\xec\xe3\xa4\x9aj\
\xaay\xd8x\xd0\x07\x98\xe3\x98\xfe\xcc%\xccHf<\
\x93m\x88c\x13\xf3g\xe6C\xe6s\xe6\x00\xf35s\
\x98\xa1\x14s\xd8x\xaf\x03\xc6{\x7fhl\xcb&c\
\xdb\xb2\x8dm\x1dil{\x7fc_\x02\xb2\x8f\xabj\
\xaa\xa9\x96d\xe3\x81|\x14\xd3\x8b9\x87\x19\xce<\xc2\
,b60\xef2\x9f\x19\x11\x90\x172rSj\x07\
\x8dm\x7f\xd7\xd8\x97E\xc6\xbe\x0d7\xf6\x15\xfb|\x94\
\xec\xe3\xaf\x9aj\xaaEi\xd5\xe1)]wf\x003\
\x98\x19\xc7\x143/3{\x8d\xa8\xe5\x90\x0f\x84\x93*\
\x0e\x19\xfb\xb8\xd7\xd8\xe7b\xe3\x18\x0c6\x8e\x09\x8e\x8d\
\x9aR\xaa\xa6\x9a\xacV\x1d\xce\xeb\xfc\x80\x19\xc1Lb\
j\x98\xbf0\x7f\xcfp99\x91\xd8>\xe3\x98\xd4\x18\
\xc7h\x84q\xcc\xba\xca>\x7f\xaa\xa9\x96\xd1\xad:\x9c\
\x7fB\x02\xfabf\x0cSQ\x1d\x9e\x16}\xe9\x039\
\xa4\x0b_\x1a\xc7\xac\xc28\x86\x17\x1b\xc7T\xe5\xc1T\
S-\xd9\xc6\x03\xa9su8\xb9|3\x93\xc343\
\x7f\xab\x0e_\x81\x93=\xf8\xd3\x9do\x8dc\xd9l\x1c\
[\x1c\xe3\xfeUUU\x9de\x9fw\xd5TK\x9bV\
SS\xd3\x99\xf9~ux\xfa\xb2\x90y\xb3ZEQ\
\xae\xc3\xc7\xd8\xfa\xf5\x97\xcc\x9b\xccBf\x04\xce\x01\xce\
\x85\xec\xfe\xa0\x9aj\xbek<0:1}\x98\xa1L\
\x1e\xf3\xba1\x80H!\x85/\x8ds\x90g\x9c\x13\x9c\
\x9bN\xb2\xfb\x89j\xaaIm<\x08z0\x173Y\
\xcc+\xcc\x01\x1f\x0cVEk\x0e\x18\xe7&\xcb8W\
=d\xf7\x1b\xd5T\xf3\xacq\x87\x0f0\x03\x98\xd15\
\xe1\xf61s\xd8\x07\x03S\x11\x9b\xc3\xc6\xb9\xaa1\xce\
\x1d\xce\xa1J\xd6\xab\x96\x99\x8d;w7\xe6Rf&\
\xf3'\xe6+\x1f\x0cBEb|e\x9cC\x9c\xcbK\
kkk\xbb\xc9\xee_\xaa\xa9\xe6J\xe3\xce|\x023\
\x94\x091\x9f\xd4\x98\xa2)\xfe:#\xc8\xa4}q\xc8\
a\x9cS\xe3\xdc\xe2\x1c\x9f \xbb\xbf\xa9\xa6\x9a\xe3\xc6\
\x1d\xb7#\xd3\x87\x19\xcd\xacc\xf6\xfb`p)R\xcb\
~\xe3\x5c\x8f6\xce\xbd\xaa\xacW\xcd\xdf\xad6,\xaa\
\x81\xccx\xe6\x05\xe6+\x1f\x0c$\x85\xb7|e\x9c{\
\xf4\x01\xf4\x05%.\xd5\xfc\xd5j\xc3\xa2:\x91\x99\xc0\
\xbc\xc1|\xe3\x83\x81\xa3\x90\x0b\xfa\x00\xfa\x02\xfa\xc4\x89\
<mV\xe2RMn\xab\xab\xab\xeb\xb8j\xd5\xaa\xfe\
\xdc!\xc70\xaf\xd5*Q\xa5\x0c>\xce\xd2\xb7!\xc1\
\xed\xfe\x86y\x8d\x19\x83\xbe\xc2(q\xa9\xe6}\xe3\x8e\
\xd7\x97\xb9\x9fy\x89\xf9'\x06\x94B\x11\x03\xf4\x11\xf4\
\x15\xf4\x99\xbe\xb2\xfb\xafj\xed\xa4qg;\x96\xb9\x93\
\xd9\xc9|\xed\x83\x81\xa0H/\xd0g\xd0w\xd0\x87\x8e\
\x95\xdd\x9fU\xcb\xd0\xc6\x9d\xeb(\xe6*\xa6\x8a9\xe0\
\x83\x8e\xafHo\xd0\x87\xd0\x97\xd0\xa7\xd4\x82\x83\xaa\xb9\
\xd3\x90,\xe5\x0eu\x163\x97\xf9\xd8\x07\x1d]\x91Y\
\xa0O\xcd\xad\xab\xab;k\xf5\xea\xd5*\xbf\xa5Z\xe2\
\x8d;Qof<\xf3\x0ew\xaa\xc3\xe8`\xfcyF\
\x90I\xfb\x92\x01\x1cf\xde\xa9\x0b\xf7\xb5\xde\xb2\xfb\xbd\
ji\xd6\xb8\xd3ta\xaef\xd63_\xfb\xa0C+\
\xda\x07\xe8k\xe8s\xe8{]d\x8f\x03\xd5\xd2\xa0q\
G\xe9\xcfd1{}\xd0\x81\x15\xed\x13\xf4=\xf4\xc1\
\xfe\xb2\xc7\x83j>m\xdc9\xba2\xc3\x98f\xe6[\
\x1ftZE\xfb\x06}\x10}q\xd8\xea\xd5\xab\xd5\x1a\
\xf4\xaa\x1di\xdc!\x06r\xc7\xc8c>w\xab\xc3\xf1\
k*\xd2\x14\x9f\x9d\xbf\xcf\x99<f\xa0\xecq\xa2\x9a\
\xe4\xc6\x9d\xa03s\x03\xb3\x9b9\xec\x83\xce\xa9PD\
\x02}\x13}\x14}U-\xdb\xdc\x1e\x1b\x9f\xf8^\xcc\
3\xcc\xc7>\xe8\x90\x0a\x85\x1d\xd0W\xd1g{\xc9\x1e\
?\xaay\xd4\xf8dwd.\x5c\x1dn_\xfb\xa0\x13\
\xfa\x96\xfa\xfa\xfaV\xe0{\x98.\xa1$\x02\xf7\xc9a\
\x1d,\xf3\x83\x1c\xaa\xaa\xaah\xe5\xca\x95TYY\xa9\
\x83\xcf\xf1=\xeb\xc3\x1f\xc4\xbd\x81b\xea\x15\xe9}\x14\
QA\x9fE\xbb\x90\x8f\x9f\xaa\xdb\xca\xe4\xc6\x83\xa1;\
\x9f\xe8\xbb\x99w}\xd0\xf1|\x81Y\x14\x10\x88\x10\x11\
\x84\x13\x0a\x85\xa8\xb4\xb4\x94\x96-[FK\x96,\xa1\
E\x8b\x16\xd1\x82\x05\x0b(//\x8f\xe6\xcc\x99C\xd9\
\xd9\xd94s\xe6L\x9d\xe9\xd3\xa7\xb70m\xda4\x1d\
\xf1\xf5\x8c\x193Z~\x0e\xbf\x83\xdf\xc5k\xe0\xb5\xf0\
\x9ax\xed\xc2\xc2B\xfd\xbd\xf0\x9e\x10\x1d\xb6AH\xcd\
*4%6\xfd\xbc\xbd\xcb\xdc\x8d>-{\x5c\xa9\x96\
\x82\xc6'\xb6\x0f\x93\xcb\xfc#\xda\x00h\x0f\xacY\xb3\
F\xff\x08\x19@\x0a\x15\x15\x15\xba(\x96.]\xaa\x0b\
$77\x97f\xcd\x9a\xa5\x0bg\xea\xd4\xa9\xf4\xfc\xf3\
\xcf\xd3\x94)Sh\xf2\xe4\xc9m\xc0\xf7\x13!\xdak\
\xe1\xbd\xf0\x9e\x90\x1c\xb6\x01\xdb\x82m*((\xa0\xb2\
\xb22}[\x85\xc8\xc4\xbe\x88\xfdi\xa7\xfc\xa3>\xdc\
\xa7\xfb\xc8\x1e_\xaa\xb9\xd8\xf8\x84\x0eb\xd60\xdf\xfa\
\xa0\x93y*'\x80\xbf\xc8\x88\x9c0\xe0\x8b\x8b\x8b)\
??\x9f\xe6\xce\x9d\xabG<\x10\x13D\xe1\x86\x88\xdc\
\xc6*3l+\xb6\x19\xdb\x8e}())\xa1\x15+\
V\xe8\xfb\x86}l\xa7\x02\xfb\xd6\xe8\xdb\x83d\x8f3\
\xd5\x92l|\x12;3\xc3\x997|\xd0\xb1<\x93\x14\
\x06/\x22\x11L\xaf0\xd5B\x94\x82\xa9\x98UN\xb2\
\x85\x94\xac\xc8\x84\xc4\xb0o\xd8G\xec\xeb\xf2\xe5\xcb[\
\x09L\xf6\xf9\xf0\x907\x8c\xbe\xae\xae\x22\xa6c\xe3\x13\
w,3\x81\xf9\xd8\x07\x9d)\xa5\x82\xc2GL\x93\x90\
\xfbA\xd4\xb1p\xe1B}\x10cz%\x06\xb8l\xc9\
x!1|\xc4>c\xdf\x91\x1b\xc3T\x17\xc7D\xe4\
\xc1\xda\x81\xc0\xd0\xd7'\xf0~\xaaek\xd2\xa9\xf1\x09\
C\xbe*\x9f\xf9?\xa7\x83?\x9d\xc0@\xc4\x94\x08I\
qL\x93\x90\xfb\x11\x11\x94l\x81\xc8FD`8&\
868F8V8f\xb2\xcf[\x8a\xf9?&\x1f\
c@\xf68T\xcdF\xe3\x13u:S\xc3\x1c\xf2A\
\xe7q\x95\x86\x86\x06}\xaa\x83+x\x98\xfe` b\
J\xd4^\xa2\xa8d\xe4\x85\x8f8V8f8v8\
\x868\x968\xa6\xb2\xcfk\x0a8d\x8c\x81\xd3e\x8f\
G\xd5b4>A\x171\xdb}\xd0a\x5c\x95\x14\xa2\
?\xd40!a\xae$\xe5\x9e\xbcPZ\x81)4\x8e\
\xad8\xd6\xb2\xcf\xb7\xcb`,\x5c${\x5c\xaafi\
|R:270o\xfa\xa0\x93\xb8\x06\xa6/H\x9c\
\xe3\x8a\x18\xae\x8e\xa9\xe9\x9e\xfb\xf2\xc21E\x09\xc5\xe2\
\xc5\x8b\xf5\x84}\x06N\x19\xdf4\xc6\x86*2\xf5C\
\xe3\xbf\x8a]\xf8d\x8cb\xfe\xea\x83\xce\x91\x14\xe2/\
<\xae\xf0!\x9aB\x1d\x12\x92\xc8JR\xde\x80c\x8d\
c\x8e\xa8\x0bW\x1aq>\x04\xe2\xfc\xa4\x1b\xc6v\xff\
\x95\x19\x85\xb1\x22{\xbc\xb6\xeb\xc6'\xe0h\xe6A\xe6\
3\xd9\x1d\xc3\x8d\x8e\x85\xdbX\x90\x1c\xc6U.\x15M\
\xc9AD]999z\xae\x0b\xd3E\x9c\x9f\xc6\xc6\
F\xe9}$I>3\xc6\xca\xd1\xb2\xc7m\xbbl|\
\xe0\xbb1\x13\x98}>\xe8\x0c\x09\x81A\x00Q!\x01\
\x8c)\x09\xa6}b\xd0\xc8\x1e\xb8\x91\xc8\x9a\x92\xd5\x8a\
\xa9\x93\xa7\xd2\xb4I\xd3\x1c\x81\xdf\xb1\xbe\x8e\xec\xfd\x8a\
&.|\xc49\xc1\xadC8G8Wi.\xae}\
\xc6\x98\xe9&{\xfc\xb6\xab\xc6\x07\xbc\x073\x91\xd9\xef\
\x83N\x90\x94\xa8\x90\x9f\xc2\xa5w\xd9\x03\xd4,%\xab\
\x88\x9e\x9b\xfa\x1c=1\xe3\x09z$\xfb\x11zx\xce\
\x18\xfa\xe3\x9c\xfb\xe8W\xf3\x7fM\xc3\x16\x0f\xa7\x9f\x15\
\x0c\xa6+\x8a\xae\xa4\x9f\x14]J\x17\x94\x5cH\xe7\x95\
\x9cOg\x95\x9c\xad\x83\xcf/(\xbeP\xff\xbf+\x0a\
\xaf\xd4\x7f\x16\xbf\x83\xdf\xc5k<<{\x8c\xfe\x9ax\
m\xbcG$\xb1\xc9>\x1e\x02\xdc\x0f\x89?*\xa8\xeb\
Jsq\xed7\xc6N\x0f\xd9\xe3\xb8]4>\xd0\xc7\
2Y\xcc\x01\x1f\x9c|\xc7\xa0\xb3\xa3\xd3\xa3\xf3\xcb\x14\
\x95\x88n\x84 &??\x99\x1e\x9f\xf18=8\xe7\
!\xba}\xe1\x1d,\x98\x9f\xd2\x19egRO\xad\x17\
u\x08\x05\xa8\xc3\x0af%S\xe5\x12+\x0d\xf0\xba\xcb\
\x99\xf2N\xd4\xb3\xbc\x17\x9dQr&]\xb1\xecJ}\
\x1b\x1e\x9c\xfd\x90\xbeM\xd86\xb1\x9dnEe\x98\xf6\
\x89\xfb$\xc5\xe7v\x80\xb8\x10q\xe1\x1c\x8a?>\xb2\
\xfb\x94Sx\x9b\x0f0Y\x8c*0Me\xe3\x03|\
<\x93\xcd\x1c\x94}\xd2\x1dt\x8e\x16\x90\x0fAgG\
\xa7\x97)(|\xfd\xf8\xcc\xc7\xe9\xee\xb9\xf7\xd0\xe0\xc2\
ki`\xd9\xc9\xd49t\x14u\xa8\x8c \x96Z\x13\
5Q\xb0+\xa9h\xbfo~\x0f\xf3\xcfc{X\x96\
\x9d\xcb\x8f\xa2\x81%'\xd3\xe0e\xd7\xe8\xdb\x8cm\xc7\
>X\x05f\x16\x8bS\x119\x05SE\xdc0\x8e\x0b\
$\xe6s\x9cF\x1c4\xc6\xd2\xf1\xb2\xc7uF6\xfc\
50\x0e\xf0W>8\xd9\xb6Y\xbbv\xad~\xa9\x1c\
W\xfdp\xf9\xdckI\x09AM\x989\x81~\xb5\xe0\
\xd7\xf4\xe3\xe2\x0b\xa8[y\x0f\xea\xa0\xb1\x0c\x82\x88l\
\x0c\xb4\xc0\x91\xef\x99\xbf/\x0b\xb1\x1db\xbb\xf0\xbdR\
\xe3cI\x80\xba\x17\x1dC?^v\x01\xfdz\xc1]\
\xf4\xc8\xccG\xc2U\xed\x93\xa7\xd3\xd4\xe7\xa7\xba*\xa6\
\xac\xac\xac\x16\xac_\x03$\xe7qU\x11E\xa88\xd7\
\xb2\xfb\x9bC\xbe2\xc6\x94\x8a\xb4\xdcl|@{4\
\x86C\xd8\x83>8\xc9\xb6E\x85\xe9\x9f\xa6i\xfa\xa5\
r\xf1W\xdf+I==\xfdi\xbaw\xee\x1f\xe8\xb2\
\xc2\xcb\x8f\x08\x0a\x94\xf9PN\x89J\xac\xec\x88\xc8\xba\
\x17\x1fC\x97\x15\x5cN\x7f\x9c{\x1fM\x9c1\xb1E\
^\xd1\x04\x16ODv\x11K\xe2\xa0\x08\x155s\x22\
\xbf\x95F\x1c4\xc6\x96\xcai\xb9\xd1\xf8@ve&\
2_\xfa\xe0\xe4\xda\x069\x0e\xac \x80N\x9d\xea\xab\
~BRON{ROh\x9fRz*\x0f\xe8N\
\xe1\xdcS\xd0\x82l\xe9\xa4JbA\x93\xc08\x02;\
\xb5\xe84\xfa\xf5\xfc\xbb\xe8\xe9\x19O\xd3\xf4\xe7\xa7\xeb\
$*%\xbb '\x89\x8b((O\x91\xdd\xff\x1c\x82\
\xb15\x91\xff\xc8\xaa\xa7\xf3$\xd3\xf8\x00\x1e\xc5\x07r\
\x02\xb3\xdf\x07'5.\x88\xaa05(**Jy\
\x9e\xca\x1cI\xdd5\x7f\x14\x9dQzfXPBR\
\xe6\xa9T{\xc2\x1a=r\xf4uF\xf1\x994j\xc1\
hzf\xe634c\xca\x0c\x9a\x965-\xae|\x10\
5\x09\xac_\xc7CL\x13qK\x15\xfa\x84\x98*\x8a\
\xcf\xed\x92\xc8\xef$\xc1~f\x02\xc6\x9c\xecq\x9f\x96\
\x8d\x0f\x5cg\xe6Af\x9f\x87'-a\xd0\xb9\xb0\x1a\
\x00\xa6\x06\xa9\x9c\xfe\xe1r?>\xa2\xbc\xe0\x82\xa2\x0b\
[G\x17\xd6\xbcT{G\x88\xbb\xcc\xa08@\x97\x14\
\xfe\x84\xc6\xe6\x8e\xd3\xa55#k\x86#\x119\x01\xf7\
*\x22\xc2F\xa4-\xbbo:`\x9f1\xe6\xd4\x9aZ\
N\x1a\x1f\xb0\x8e\xcch\xe6S\x1f\x9c\xc4\x98\xac[\xb7\
N\x8f\xaaP\xa1\x8e)A*\xa6\x7f\xe6h\xea\xb6\xfc\
\xdb\xa9g\xb0W\xebHJI\xca\xbe\xbcJ\xc3\xf2\xea\
Y\xdc\x8b\xee\xc8\x1fI\xcf\xcez\x96f>?\x93\xa6\
O\x9d\xee\xba\xb4\x10\x99\xe1B\x0b\x22nD[\xe8+\
\xb2\xfb\xab\x0d>5\xc6\x9e\xba\xf7\xd0n\xe3\x835\x84\
\xf9\xc0\x07'/.\xf8\x0b\x8a\x15\x14R5\xed\x03\xb8\
\xc2\x87\xba(]R\x9ai\x00\xca\x96@\xbab>v\
%\x01\xfa\xe9\xb2\xab\xe8\xf1\x9c\xc7\xf5\x88+\x15\xe2B\
\xb45\x7f\xfe|=\xb7%\xbb\xbf\xda\x04co\x88l\
\x0f\xa4E\xe3\x03u\x11\xf3\xa6\x0fNZT\xf0\x97\x12\
W\x83\x90\xa7@\xae*\xd9\xa8\xaa\xa5v(\xcbX\xbb\
|Jx)\xe3\x87r\x1f\xa6sK\x07\x1d\x11\x95\x8a\
\xa6\xdc\x17\x978\xa6\x1cu\x9dW|>\x8d\x99;V\
\x97V*\xc4\x85\xdcVyy\xb9^\x9f\x87>\xe4W\
\x8c>\xfe&\xa3\x96\xa6\x89\xd5\xf8\x00\x9d\xc6l\x17R\
\xf0\x13\xe6m\xc2\x9d\xfcX\x86\x18!\x7f<\x099)\
b\x14\x97\xe1!\xaa\x93\xcbN\x09W\x80\x8b\xdc\x94\xec\
\xc1\x9d\xc9\x98s]<e<\xa5\xe8Tz0\xf7\xa1\
\xb8\xe2\x12\x8f3\x13O\x182\x7f\x1d\x0dQ)\x8f\xda\
<\xd9}\xda\x06\xdb1&e{\xc1\x97\x8d\x0fL_\
\xa6\xc6\x07')&H\xac\xcf\x9e=;\xa2\x98\x12E\
\x88jL\xeeX:\xb3\xec,\xe3V\x95\x80\x8a\xa6d\
\xc9\xcb\x10\xd7Y\xc5g\xd3\xb8\xb9\xe3i\xe6\xd4\x994\
c\xda\x0c[B\xb2\x0b\xd2\x08H'\xc8\xee\xcf6\xc0\
\x98\xec+\xdb\x0f\xbej|@\x8ee\xf2\x99C>8\
A\x11\xc1U@<\xd4@\x94+\xb8%*\xd4\x07M\
\x985\x81\xfe\xb5\xf4\x5c%*?!\xc4eL\x15\x1f\
\xcbyL\x17\x97\x9b\xd2\xc2\x141\x18\x0c\xea}Kv\
\xff\x8e\xc1!cl\xaajx4>\x10\x01f\x02s\
\xd0\x07''\x22\xb8\x0a\x880^<X\xd4\xe9m\x1d\
\x91*\xa9!\xaa\xe7f<G\xd7\x14^\x17\x16U\xa6\
\x16v\xa6;\xa6\xdb\x82\xaeYv-M\x9e59j\
\xb4e~\xea\xb5\xf9\xc9\xd7\xb1\xc0=\x89Xw\x0bW\
\x11\xd7\xaf_/\xbd\xaf\x9b\x11\xdb\xc3\x1f\x0f2\x136\
l\xd8\x10\x90\xed\x0b\xe9\x8d\x0f\xc8pf\xaf\xf9\x00\xf9\
\x01l\x0b\xc0\xcd\xad\xf3\xe6\xcds\xed\x96\x0eQ\xb48\
2\xff\x97\xad+\xd1e\x0fLElp\x8eJ\x98\xa2\
Ntg\xfe\xafh\xda\x8ci4s\xfa\xcc\x982B\
4n\x17<\x96\x0c\x8fj\x13\xfd\xce\x87\xece\x86\xcb\
\xf6\x85\xd4\xc6\x07`\x10\xf3\x86\x0fNFD\x90c\x98\
3gNR\xf7\x9a\x99\xc1e\xf3qs\xc6\xd3\xbf\x04\
\xfb*Y\xa5#\xa6\x22\xdd\xbe\xc5\xfdh\xc2\xdcG)\
{z\xb6#1\xc5\x02\x7f\x18\xb1\xa2\x87\xec~\x1f\x03\
\x8c\xd5\xf6\xf9\x84i\xde\xf1>L\xbd\x0fNBD\xf0\
@\x02\xb1T\xb1S1\xb5\x14\x0eN\x0b\x7f\x0eQM\
\x991\x85~^x\x83\xcaSe\x02\xa6\xc4\xfc\xf5\xcb\
n\xa0\xa9\xd9Si\xd6\x8cY\xaeH\x0b7\xca\xe3\xc2\
\x8e\xec\xfe\x1f\x03\x8c\xd9\xf6\xf5\xccC\xde\xe1nL.\
s\xc8\x07'\xa0\x15(_@\xad\x0c:\x8f\x1b\xf7\x96\
\xe1\xb2\xf8\x03y\x0fR\x0f\xedXUG\x95i\x18\xe7\
\xf2\x98\x92\xe3\xe8\xa1\x85\x0f\xbb&-$\xe3\xb1\xca\x87\
95\xe1#0fs7l\xd8\xd0~\x96Y\xe6\x1d\
\xbe\x9b\xf9\x87\x0f\x0e~\x1bY\xe16\x0a\xe4\x1f\x9c\xde\
\xf0\x1aIT\x88\xb0\xae_6$<\xfd3upW\
\x06J\xb4\xd7\x8a\xb5:\x83\x9a\x82\xa6LZ\x88\xb6\x86\
\x14\xdcH\xd3gNwE\x5c\x88\xee\xcb\xca\xcati\
\xb1\x1c\xfc\xc6?\x98\xbbe{\xc4\x93\xc6;z!\xf3\
\xae\x0f\x0ez+ +\x5c\xad\x11E\x80\xc9\xca\xea\xe9\
\xec\xa7i\xa0v\x8a;\x92\x08F\xf9\x1cp\xd4v\x5c\
\xf0\x04:E;\x8d.\x0c]L?\xd1.\xa3\x8b\xb5\
\x9f\xe8\x9f\x9f\xa9\x9dM\xfd\xb4\x01tt\xb0\xfb\x91\xdf\
\xb3~T\xb8'.\x9e&\x9e\x5cr*M\x9c=\xd1\
\x96\xb4p\x85P`\xfd\x1a@Z\xb8\x9b\xc2\xa7\xd2\xc2\
\x18\xbeP\xb6OR\xdax\x07{1u>8\xd8\xad\
@\x1dLAA\x81k\xb2\xbaw\xfe\x1f8\xaa\xea\x14\
\xces$*\x86H\xbf\xc7r\x82\x84n\xd6~A\x0f\
h\x0f\xd0\x13\xa1'\xe8Y\xed9\x9a\x1a\x9aJ\xd9\xa1\
l\x9d\xe9\xa1\xe94U\x9bJS\xb4\xe7iRh2\
M\xd4&\xd2\x84\xd0\xa3t\x9fv?\xdd\xa1\xfd\x92\xce\
\xd7~L]\x82G\xcb\x1f\xe0\x99\x888g\xc5\x9d\xe8\
\xbe\x85\xf7S\xce\x8c\x1c]\x5cV\x119A\xdc<\x8d\
?\xa8\xb2\xc7I\x040\x96{\xc9\xf6JJ\x1a\xefX\
\x80y\x86\xf9\xc6\x07\x07\xba\x05\xdc\xd7\x85\x1a\xabde\
\xa5\xdf\xc21}*]_4\xe4Hb\xdd\x05Q\xf5\
\xd2\xfe\x85~\xa6\x0df\xe1<\xa0\x0b(;\x94C9\
\xa1\xd9\xfaG!\xa9\x19\xa1\x99,\xadi\xf4|(,\
)H\x0c\xa2zR{\x8a\x1e\x0b=F\x8f2\x8fh\
\x13h\x8c6\x96\x19C\x7f\xd0\xfeH7iC\xe9{\
Z\xdf\xcc^\xdcO\xa6\xb8\xf8\x8f\xd5\x90\xc2\x1bi\xc6\
,\x9e\xde\xcd\xccNZZ\x88\xfe\xf1\x87U\xf6x\xb1\
\xf0\x8d1\xa63\xaf>\x8bw\xea\x06f\xaf\x0f\x0er\
+Y\xe1\xe95\xc9\xde+\x86B\xc2\x899\x13\xc3S\
@\x17\x12\xeb\x1d\xf95\xae\x09]\xa7\xcb\x06\x11\x93Y\
P3C\xb3Z\x80\xa8\xf0\xffY\xa1pD\xf5\x5ch\
\x12=\x1bbY\x85&\xd2\x13\xda\x13\xf4\xa8vDT\
\x0f\x85\x1e\xa6\x07B\x0f\xea\x91\xd6\xbd,\xac{C\x7f\
\xa0\xdf\x85~O\xd7i?\xd7\xdf/\x92,\x15\xc9K\
\xeb\x94\xd2\xd3\xe8\x999\xcf\xb8\x22-,a\x14+\xd2\
jjj\xf2\x14\xe3=\xf727\xc8\xf6\x8b\xab\x8dw\
\xe8df\x97\x8c\x83\x1a\xe5 \xeb'\x1eO=I\xf6\
\xf6\x0a\xc8\xea\x0f\x0b\xfex\xe4F\xe5$\xa6\x80=\x83\
\xbd\xe9\x8e\xd0H=J\x0aK\xaa\xb5\xa0\xccL\xd7f\
D\x8c\xaa\x9e\x0a=\xa5O\x15\x11U\x8d\xd3\xc6\xeb\x11\
\xd5\x03\xda\x83z\x84\x86\xc8\xean\xed^\xfa\x9dv7\
\xfdF\xfb-\xfdZ\x1b\xc5\xdcE\xbf\xd0n\xd5s]\
JZ\xa9\x91\x96\x98\x22:\x91\x16\x04e\x059-L\
\x0f\x91\xd3\x92=\x8e,\xec\xc2\x18\x97\xed\x19W\x1a\xef\
\xc8\xd1L\x1es\xd8\x07\x07V\x07'\x5c,\xb8\x97\xac\
\xacn.\xb8\xe5\xc8\xad5N;\xb3\xb1J\xc0\xe9\xda\
\x99z\xd4\x03\x01\xc5\x13\x95\x88\xaaD\x9e*RT5\
^{\x84\xc6\x85XV\xa11z\xaeKDU\xbf\xd7\
E\xf5;\x1a\xa5\x8d\xd6E\xf5K\xedN\x16\xe4/\xe9\
6\xed\x0e\xba9t\x0b\x9d\xa4\x0dT\xd2J\x95\xb8J\
\x03t\xeb\xb2\xdbh\xf6\xcc\xd9Qed\x07\xb1\xfc2\
\xaej\xcb\x1eG&\x0e\x1bc\xfch\xd9\xbeI\xba\xf1\
N\x0cg>\xf7\xc1A\xd5\xc1\x89\x16\xa5\x0b\xc9FW\
\xd7\x14]w\xa4b\xddI\xe75>\xef\xa3\xf5\xd3#\
\x1f\x88\x08S\xbeh\x922\xcbJDU\x93\xb5)z\
T\xf5\xac\xf6l\xd4\xa8\x0aS\xc0?\x86\xee\x0bO\xff\
LQ\xd5\x9d\xda\xaf\x0cY\x8d\xd4\xa3+\xc8j\xa86\
\x8cn\xd4n\xa2\x9eZo%\xadTI\x8b\xa3\xad\x9f\
\x17]o[N\xb1\xa4\x85\x92\x07\x9fI\x0bc<\xbd\
o\xdd\xe1\x1d\x18\xc04\xfb\xe0`\xb6\xc8\x0a\x7f\x9d\x92\
\x91\x15\xa2\xaa\xac\x19Ytq\xd9%\xcee%:.\
\x03Q\x84\xaf\xee\xd9\x13\x95>\x05DT\x15\x9a\x12\x9e\
\x02\x1aQ\x15\x12\xeb\x8fsd\x85+\x81m\xa2\xaa\x90\
1\x05\x0c\xfd\x9e~\x13\xfam\xab\xa8\xea\x17\xdam\xfa\
6\x8c\xd0n\xd6\x13\xf0CB7\xd1\xf5\xda\x10\xba:\
t\x8d\x92U\x8a\xa5ui\xc9e4+g\x16\xcd\xce\
\x9e\x9d\xb0\xb4\xb0\xc4\x11Vz\xf0C\x9a\xc5\x04\xc6\xfa\
\x00\xd9\xdeI\xa8m\xdc\xb8\xb13o|\x16s\xc8\x07\
\x07R\x07'\x18\xf5.\xd1\xee\xb4\x8f{g\xfd\xf4\x99\
4e\xd6\x14:;\xf8Cg\xc9u\xd3\xcf\xa1Fj\
b\xe8\x99\x88I\xf4XS@$\xd6\x11UM\xd2&\
\xe9\xbfo\x8d\xaa\xc6i\xe3Z\x12\xeb\xad\xa2\xaa\x90u\
\x0a\xd8:\xaa\xd2e\xa5\xddH\xd7\x05\xaf\xd7\x13\xfd\x83\
\xb5k\xe9\x9c\xd0\xb9m\xb6[\xe1\xa2\xb4xz\xf8\xc3\
\xd2sh\xda\xeciII\x0b\xf7\xb9VTT\x10\x8f\
5\xbfp\x88\xc9\xc2\xd8\x97\xed\x1f\xc7\x8d7z0\xf3\
\x91\x0f\x0e\xa2Nee\xa5~\x92\x13\xb9\x93\x1e\xa0\x9e\
\xe6\xb9\x9c\xe7\xa8\x7f\xe8D\xe7W\x02\xf9gQB\x80\
i\x9a(E\x88'\xaa\x96\xc4\xba5\xaa2\x95+\x98\
\xa3\xaa\x87\xb4\x87\xe8~sb\xdd\x14U\xdd\x19\xfaU\
K\xae\xca\x1aU\xfd\x5ccQiaQ\xa1|\xe2\xca\
\xd0Ut\x99v\xc5\x91+\x87\x8a\x94Ik@\xc9I\
4e\xce\x94\xa4\xa4\x85\x85\x00\xb1V\xbc\xec\xf1e\x02\
c~\xb0l\xff8j\xbc\xc1\xbd\x99\xf5>8x:\
X\x22\x06\x7f\x8d\x12\xbdM\x02\xb2z*\xf7):v\
\xf9\xf1\x09]\x09D\xf59\xf2Nv\xa6\x7fq\xa3\xaa\
(\xe5\x0azT\xa5\xcb\xea\x9e\x08\x89u\x8e\xaaB\xb7\
\xe9Q\xd5pmD\x9b\xa8\x0a\xd3\xc0\x9fj?\xa3+\
\xb4\x9f\xea\xb2B\x14\xa8'\xe0U}Vj\xa5\xc5}\
\xe9\xb8\xd2\x13\xe8\x99y\xcf\xb4\x92\x16rT\x02\xeb\xd7\
\x91\xc0\x03.\xb04\x8d\xecqf\x02c\xbf\xb7l\x0f\
\xd9j\xbc\xa1\x1d\x99\xf1\xcc?}p\xe0\xf4\xc5\xf7\xb0\
lG\x22Q\x95\x90\xd5c\xf3\x1es\xb6\xca\x82i\xa0\
\xdf\x1e\xba\xc3H\xaa;\x88\xaab\x14\x81\xb6DUZ\
8\xaa\xba/BTu\x97\x91XGe\xbb9\xaa\x12\
\x89u\xe4\xaaP\x7f\xd5*\xaa\x0a\x85E\x05.\x08^\
D\xe7j\xe7\xa9\xb5\xe4=\x92V\xc7\xe2\x00=\xb9\xe0\
I\x9a\x933'\xae\x9c\xa2\x81\xf5\xb4\xf0`\x14\xd9\xe3\
\xcd\x00c\x7f\xfc\xd6\xad[\xfd\xff\xa80\xde\xd0\xb3\x99\
\xb7e\x1f\xb4M\x9b6\xe9\xb5V8\x91\xae\xc9\xcan\
'\xe4\x8f\xdd\x83\xc7\xe8\xd1O\x22Q\x95\xd3\x22\xd0\x88\
\xe5\x0a\xdaH=\xb1\x8e\xdbxZEU\xa1\xf0\x14\xf0\
j\xcd\x12U\x85~B\x17j\x17\xd3\x8f\xb5\x0b\xe9\xbc\
\xe0\x8fh\x90v\xbe\x8a\xb0\xbc\x84\xa5\xf5D\x92\xd2B\
]!Jv\xd0\xf7\xc5\x18H\x156^\xffm\xe6l\
\xd9>\x8a\xd9x\x03\xbb0s%\x1e\xa4\x16\x90d\x17\
\x8f\x8cOf\x1a\x98\xc8m6gk\xe7\xe8\xb2\xb1+\
+\xb7\x8a@\xadQ\xd5\xcd\xda-\x11\xa3\xaa\xabBW\
\xd3\x95Z8W%n\x96FT\xf5\xa3\xe0\x05\xba\xa8\
\xce\xd1\xce\xa5s\x82\xe7\x86\xef9T\xc2\xf2\x0cDZ\
\x93\xe6MJJZ(w@\xdfO\xa5\xac\x1c\x00\x17\
t\x91\xed\xa5\xa8\x8d7\xee*f\xaf\x0f\x0e\x14\x85B\
!\xbd \xcf\x89\xa4\xf4\xbb\xe6g\x85e5y\xf6\xe4\
p\xce\xcaa\xa7\xbb\x22\xf8S=Rrr\x05\xd0q\
\x11h\xe8HT\x15\xa9\x5c\xa1uTu$\xb1n\x8e\
\xaatQ\x19Q\xd5\x05\xdaEzTun\xf0<]\
T\xb8\xc1\xfa\xcc\xe0\xd9\xd4C;N\x09\xcbKxz\
xBiOz>\xf7\xf96\xd2B\x19\x83\xc0\xfa\xb5\
\x19\xb1\x00\xa0\xec\xf1g\x00\x17\x5c%\xdbK\x11\x1bo\
\xd8\xb1L\x95\x0f\x0e\x92\x9ed\xc7\xc9\xb3\xb3\x84G\x9b\
%=ffSVNV\xf8j\xa0\xc3\x04\xbb.+\
\x8e\x96\xec\xca*\xd5E\xa0\x22\xaa\xba&x\xad\x9eX\
\xb7FUX\x82\x06\xab7\x9c\xa7\xfdH\xcfY\xfdP\
\xfbW]T\xa8\xbc?M;\x83\x8e\x09\x1e\x17\xde7\
%-o0rZ'\x96\xfe\x80f\xe4\xce\x88*\xa5\
h\xe0\xc2\x12>\x8a$\xbc\xecqh\x00'\xf8\xef\x89\
;\xbcQw2\x07d\x1f \xdc\xd0\x8c\x13fGN\
\x91@\x84\xf5C\x9e\xd29-]p\x22+/\x8a@\
\xcdQ\x15\x12\xeb\xd8>\x91Xo\x13U\xf1\x14\x10\xd3\
\xd83\xb4\xb3tQ\x0d\x0c\x9e\xa2_%\xecQ\xae\x84\
%EZ\xa5\x01:\xb7l\x10\xe5\xcc\xc9\xa1\xdc\xd9\xb9\
\xba\x88\x04BL\xf1\xc0M\xfdX\xdda\xf3\xe6\xcd\xfa\
\xb8\xc0GI\x1c`\xee\x94\xed\xa7V\x8d7\xa8/\xb3\
S\xd6\x81\x11\xef\x8b\xb9;\xee\x11L\xe6\xae\xf8\x9f\x94\
_\xea\x5cV\x9a=Yy]\x04\xda&\xaa\x0a\x86\xa3\
*=\xb1\x1e!\xaa\xc2\x22\x80Xq\x02\xb2\x1a\xa0\x9d\
\xa4rX\x92\xa5uy\xe9\x15\xb6\xe4\x14\x0d<G\x13\
y_\x89\xb2\x12\xec\x84#d{\xaa\xa5\xf1\xc6\xdc\xcf\
\xfcS\xf6\x81\x11\x0f\x8eHDT\x98\x0a^Wr\xbd\
\xfd\xdbm\x8c+hve\xe5j\x11\xa8\x16\xbd\x084\
f\xb9\x82\x16N\xac\x9f\x17<?jT\x05Qa\xe5\
\x86\xbeZ?U\xd6 [Z\xfc\xf1\xfa\x92\x1bh\xee\
\x9c\xb9q\xe5\x84\xdc\x150\x7f\x9e\x97\x97\xa7?\xf9I\
\xf6\xb84\xdcp\xbflO\xe9\x8d7\xa4?\xf3\xa2\xcc\
\x03\xb2e\xcb\x16\xbd\xde\x0a')\x11Q\xe1\x0e\xfa[\
\x0bos,+\x0c\xfax\x09\xf6hQU\xacr\x85\
d\x8b@\x11U\xb5*W0GUFb\xfd\xac\xe0\
\x0f\xdbDU\xfdYV\x10\x15\xaa\xf2{k}\x94\xb0\
dc\xe4\xb4n+\xba\x9d\xe6\xcd\x99\xd7\x22\x22',\
\x5c\xb8P\xaf\xcf\xf2\x81\xb4\xe0\x88\xfe\xb2}\x05a\x8d\
a\xbe\x91y0pS3\xe6\xecv\xd6\x14\xb2\x923\
+\x87\xee\xcf\x7f\xc0\xd9\x121\xfcs\xb8\x82\x86Dy\
\x22kV\xb5\x8a\xaa\xb4\x18E\xa0Z\xe2E\xa0-\xe5\
\x0aZ\xebr\x05DU\x98\x02\x9e\x16<\x83N\x09\x9e\
\xda*\xaa\xc2\xea\x11\x10\x15\xd6\xe5:A\xeb\xa9\x9e\xf2\
\xe3\x07\x0ci=\xbcd\x0c\xe5\xe5\xe6%$-\xacV\
\x8a\x9b\xa4%\x0b\x0b\x8e\x18#[V'1\xaf\xca<\
\x10\xc8_\xe1\xb1\x5c\xb1\xa4\x14\xf5\x8e\xf7\xec\xd9\xf4\xdc\
\xdc\xe7\x12Z\x22&|_`\xe4:+\xaf\x8a@#\
\x95+D*\x025\x97+\xb4\x8a\xaa\x82\x1cU\x05O\
\xa4\xbe\xc1pT\x85\xe5\x98{j\xbdtYu\xd5z\
\x1c\x190\xb2\x07m{\x07\xe7\xa08@\xcf/x>\
!i\xe1~C\xa4K6\x1b\xb3\x11\x89\xbc\xca\x9c$\
MX\xfc\xe6\x13\x98oc\x09%\xd5\x07AL\x05\x9d\
,\x82&\xc0\x12\x1f\xa7\x86Nw\xdc\x81\x10\xe5D\x93\
U\x22E\xa0\x98\x02\xa6\xb2\x08T$\xd6\x11U\x9d\xac\
Y\xa2\xaar\x8e\xaa\x82FT\x15\xfc\xae\xfe\x04\x9e\x96\
\xab\x83\x0a\xff\xc0Q\xd6\xe9eg\xd2\x9c\xb9s\x12\x8a\
\xb2\xc4\xd4p\xeb\xd6\xad2\x85\xf5-\x9c!KV\x03\
\x99\xd7%\xee\xbc~U\x10\xb7#$\x22+DW7\
\x95\x0c\xb3\x7f\xfb\x89\xf13\xa8[B\x04\x95H\x11h\
\xc4r\x05#\xaa\x8aV\xae\xe0F\x11\xa8\xa8\xab\xd2\x13\
\xeb\xc1\xb0\xacZEU\xe5\x1cU\x95\xf7\xd4\xeb\xaep\
K\x91\x1e]\xa9\xfc\x95\xbf0\xa6\x86\xc3KG\xd0\xfc\
\xdc\xf9-\x91\x130\x7f\x1e\x0b\xdc\xf9\x81\xab\x862\xc7\
\xac\xe1\x8c\x812\x845~K\xd8\x98\xd2v\x1ek\x01\
\x89;\xda\xed\xae\xd4\x98=;\x9br\xb3s\xe9\xc1\xfc\
\x87\x1cO\x05\x03Z\x17]D\x91\x1e\x06\x91T\x11h\
\xe8w)-\x02ETeN\xac#\xaa\x82\xac\xacQ\
U\xb7\xf2c\xe8h\xad;uT\xcf.\xf4'\x86\xb4\
\xc6,\x1dK\xf3\xe6\xce\xb3%)3\xe2\xaa\xa1da\
\xc1\x19\xe3\xbd\x96U\x1ff\x8f\xac\x9dFX\x8b\xf0\x16\
\xab0\x98\x97\xdf\xb0\xb3\x14\x07ny\x98\x947)\xfc\
\xdc@'\x1d\x85?B$Xs\xddn\xb9\x82\xd7E\
\xa0Q\xcb\x15\x82\x11\x12\xeb\xe5\xe1\x5c\x95\x88\xaa\xf0\xb0\
U\xd4]A\xca\xea\xa6g\x1f\x83\xf3R\x12\xa0\xac\x85\
Y\x09I+??__\x14@L\x0d\xf1\xd1K\x8c\
\xf7\xdc\xc3\xf4\xf1LX\xfcf\xa3\x99\xaf\xbc\xdeY\x01\
\x12\xed\x08o\xed\x08\xca\x0a\x22\xac\xd3Bg8\xee$\
\x88F &\x11]\xd9)\x02Eb\xdd\x0fE\xa0\xe6\
\xa8J$\xd6\x8fgY\xe9Q\x95\x16\x8e\xaa\x02\xc1\xa3\
\xa8SP\xc9*-\xe0(\xeb\x8c\xf2\xb3(7\xcf\xde\
T\xd0\x0a.R!\xbf,k\xfc\x1a\xee\x18\xed\x95\xac\
\x8eg\xd6\xc9\xda\xd9m\xdb\xb6Qmm\xad>ow\
*+DWC\x8b\x87;\x1f\x94Z@\x97\x8cH\xb4\
\xbbV\x04\x1a\xa1\x5c!\x15E\xa0\x91\xa2*\x94e \
Wu\xb4\xd6M\x8f\xaa:\x8a\x12\x06\x95\xbb\xf2?F\
\xdf\x1dQ|s\x9b(\x0b\xd3\xbeH`6\x22X\xb0\
`\x81~\xb1\x0acI\xa2\xb4\xe0\x90\xe3\xbd\x10\xd6P\
f\xbf\xac\x1dE\xa2\x1dOjv\x1a]AV\xe3\x16\
\x8dO\xe8\xc1\x11\x88V\x10Q\xa5l%P\xeb\x9aU\
\xd1V\x02M\xb0\x084bTeL\x01\xf5\xa8J\x0b\
\xa8\x9a\xabt\xc3\xb8}\xe7\xb1\xa5\x8f\xd3\xc2\xbc\x85\xad\
\x84\x14\x0f\x08L$\xe0%\x0a\x0b\x0e\x19\x9ajYu\
cB\x12wR_:C,\xb1a\x07\xfdfQ\x96\
\xd5\xcc\xdc\x99t\x5c\xe8\x04\xe7\x1d\x83\x072\xa2$D\
V\xb2\x8a@\xadQ\x95\xed\x22Pk\xb9\x82\x11Uu\
\xd1\xba\xb6\x8e\xaaDd\xa5\x84\x95v|\xa7\xec\xbb\x94\
\xbb0\xd7\x91\xb0\x00\x16\x08\xa8\xae\xae\xf6t\xec\x22\xa2\
\x13\x18_\x87\x98n\xa9\x14\xd6e\xcc'2D\x85\x9d\
\xc4j\x8a\x08g\xcd\xeb\x01\xc5Z\x1b\xa8e\x8d\xa0\xd9\
\xb94\xb4txB\x83\xb2\x9fv\xa2.\xaaX\xe5\x0a\
\xad\xa2\xaax\x0f.Mr%P\xa7E\xa0\xc7GH\
\xac\xb7\x8a\xaa\xcc\xd2*W\xd2J+\x8c\xf3vs\xd9\
-\xb4h\xde\x22\xc7\xd2BI\x10*\xe0\xcd\x22\xf1\x98\
O\x98\xcbR\x22+~\xe1N\xcc,Y;\x07i\xe1\
1]N\xd7\x08\x82\xac\x9e\x5c\xf8T\xc2\x0f<\xc5\xb4\
\x0d\xc2rR\x04\x1ai\xcd*;E\xa0\x91\xca\x15P\
\x04\x8ar\x85\x84\x8b@[rU\xe1\xc4z\xc7\xe0\x91\
\x8e\xde*\xb2R\x11V\xfa\xc2S\xc3g\x16?K\x0b\
\xe6-\xb0\x1d]\x89\x8f\x98\xb1H\x14\x16\x19N\xe9\x94\
\x0aa\x0d`\xde\x90\xb1S\xdb\xb7o\xd7/\xc5\xe2\x00\
;\x15\x16\xd6\x14\xd2\x17\xe3K\xa4#\xf0\x00\xc6t\xcf\
\xbcf\x95\x9d\x95@\x93.\x02\x8d\xb4f\x95\x11UE\
*W\x88U\x04j\x8e\xaaZM\x01\xadQ\x95\x92U\
Z3\xb0\xfc\x14\x9a\xb7`\x9e.-\xb3\x90\xe2\x81|\
0\xee\xc5\x95(,8\xc5\xfd\x87\xaf\xf2\x8b\x8eb\xbe\
\x92\x15]\xe1R\xacSY\xe5\xcd\xce\xa3\xd1\x85\xbfI\
,z\xe0\x9f\xc7TK\x9f\x02F)\x02\x8dX\xae`\
DU\xd1\xca\x15\xec\x14\x81\x8a\xa8\xca\x8d\x22\xd06Q\
U$i)Y\xa57FA\xe9\xdd\xc5\xf7P\xfe\xfc\
|[\xa22\x83\x02l\x89\xc2\x82SF\xb9-\xab\xee\
L\x8d\xac\xe8\x0a+'F\x8a\xaeb\xad\x0f\x845\x84\
f\xce\x9b\xc9\x03\xb4Sb\x8f\x93\xe7\x8f\xc8-!\xb2\
rZ\x04*\x1e\x5c\x9a\x92\x95@m\x16\x81\xea\xe5\x0a\
\xe5Q\xa2*k\xfeJ\xf6\x80S\xb8\x22\xad\x8e\xc5\x9d\
i\xce\xa29\x8e\x85\x85\x95N\x10ea\xacI\x1a\xe3\
5Lw\xd7\x84\xc5/v\x09\xf3\xb1\x0cY\xe1#\xa2\
\xabX\x8b\x96E\x02\xf7[\xddT>\xac\x95\x80\x9c\x82\
\x88\x09\xb2\x12\x89\xf5t*\x02\xedh\x8e\x9cbIK\
\x09+30\xca\x1c\x86\x97\x8fH*\xca\xc2\x98\x93\xc0\
\xc7p\x8c[\xb2\xea\xc8d\xc9\xd8\x91\x1d;v\xe8\xb9\
+\x5c\x19trg:\x96\xe0xn\x91\xb1lL\xa2\
\x1d@\x0b\xe8Q\x94>\x05\xf4\xa8\x08\xd4\x5c\xae`\xb7\
\x08\xb4ub\xbd[\xdbr\x05\xb3\xb44S\xe7\x96=\
\xc0\x14\xa9\x81\xa5\xf5\xfc\xd2\xe7i\xe1\xfc\x85\xba\x880\
v\xccb\xc2\xd7\x91\x10\xb9,\x8c9I\xd2\x82c\x92\
\x7f\xf0*\xbfH\x1f\xe6\x15I;A\x9a\xa69^J\
\x03\xc2\xba\x80\xa3\x95d\xaa\xb6\x11\xa5@RiQ\x04\
\xaa\xc5)W\xb0FU\xe5\x01%\xadL\xa5,@?\
\x09^J\x8b\x16,\x8a*\xa7h\xe0\x8a\xa1\xacqn\
8&\xf9\xfb\x0b\xf9E\x861\x07d\xec\x04jD\xf0\
\xe4f\xa7\xb2zj\xf1\xd3\x09U\xb4\x9bA>HD\
U^\xad\x04\xaaGU\x0e\x8b@[\xa2\xaaXy\xaa\
r\xd3\xf7\xca\x93;.\x8a4\x80\xa3\xac\xe7\x96N\x8a\
+-\xac\x91%\xc0\xd7\x05\x05\x05\xfa\x9d$\xe6(\x0b\
\x9f{\xc4\x01fXR\xb2\xe2\x17\xe8\xc4\x1b\x9d\xe7\xa5\
\xa4\xcc;QYY\xe9h\xbd\x1f\xc8\x0a\xb9\xabA\xda\
yI\x9f\xf4\x9eZo\xa3\xb6\xca\xe3\x95@\x831V\
\x02\x8dR\xae\x105\xaa\x8a\x94\x5cW\xb2\xca|8\xca\
\xfa1\xff1\x5c\xbc`q+)\xd9\x01\xcf\xf4\xf4P\
RV\xf2\xe0\x9cd\x84\xd5\x8fy]\xc6\xc6cE\x06\
\xcc\xab\xed\xca\x0a\xe0F\xd0\xc7\x16?\x9e\x5c\xee\xca\x00\
S\xaed\x8a@\xa3\xad\x04*\xca\x15RV\x04\x1aI\
Z\xe5\x81\xd6\xf9,E\xe6\x83(k\xd9$\xca_\x98\
\x1fSP\x98\xc1\x08\xf0uqq\xb1\xbe\x92\x83$a\
\xc15\xfd\x92\x11\xd6\x08#T\xf3|\xe3az\xdc\xa4\
\xe9d\xd9\x0c\x08\xeb,\x8eV\xdc8\xe1\x98j\xfd.\
UE\xa0\xa1\xe8\xe5\x0aI\x15\x81F\x92\x96\xd8'%\
\xab\xf6\x05GY\x83\xca\xcf\xd3\x85e\x96R<\xb0^\
\x16Vr\x90$,\xb8fD\xa2\xb2\x0a0\x0bel\
8\x0aEq7\xb9\xd3\xe8\xea\xc9%O\xb9\x12]\x09\
PO\x85)`2+\x81z^\x04*\x84%\xf6C\
s\xefx(\xd2\x0c\x8e\xb2&\x15M\xa6\xc5\x8b\x16\xdb\
\x16\x16\xa2,\x94\x11\xa1\xc4A\x92\xb4\x16677\x07\
\x12\x11V\x7f\xe6M\xaf7\x987\xb6\xa5P4\xda2\
\xaf\x91\xd6\xfeY0w\x01G2\x17\xe9\x7fY\x5c9\
\xd9<\xf8!%}\x0a\x18\x8a^\xae\x90\xec\xe3\xe0\xe3\
\x15\x81\xb6$\xd6\xe3\x15\x81\x96\x07\xda\x8aL\xf6\x80Q\
\xc8\x85\xc7\xc2e\xda\xe5\xb4t\xd1RGQ\x16n\x8a\
F\x89\x03\xc6\xa2\x04\xded\x9c?\xbf\x90\x7f\xe9\x16\xe6\
K\xaf7\x18\xd2\xc2#\x89b-Ffe~\xde|\
\x9a\xb2h\x8a{\xd1\x951\xd8!\x1d\xe4\xab|Q\x04\
\xaa\x05\xec\x97+(Y)\x04%\x01\x9a^0]\x8f\
\xb20\xdd\xb3N\xff\xa2\x81\xb5\xdf%\x09\x0b\xce\xb9\xc5\
\xa9\xac:2926X$\xdb\xed\xca\x0a`\x01\xb3\
k\x83\xd7\xb9\x1eY \xc9\xedf\x11h\xd4\x07\x97&\
[\x04j\xddg%,\x050\xaa\xdf\xf1\x87\xb6 \xbf\
 \xa6\xa0\xac \xf9\x8e\xf5\xd7%I\x0b\xee\xb1_D\
\xca?\xdc\xb39\xdc<\xdd\xd0\x9d;w\xea\xcb\x1f\x8b\
U\x11\xedFW3\x16\xccH\xcd4\x88_\x0fR\x1a\
\x1a\x1af\xbf\x084\xd6\x9aU\xa2\x084\xc2\x9aU\x09\
\x17\x81*Y)\xe2Q\x1c\xa0\xdc\xa5\xb9\x8e\x84\x85\xfb\
\x0b\xeb\xeb\xeb\xf51)AXh=\x9d\x08\xebb\xe6\
o^o(\xea\xb0JJJb\xaeGm\x05\x0b\x97\
\x8d.\xfdMj\xa6B\xfcz\xc7i\xdf\x09\xcb\xca\xcd\
\xc7\xc1\xc7[\x09\xd4I\x11\xa8B\x11\x0bc%\x87{\
\xca\xee\x8d\x18eAL\x91\xc0\xff\x85B!=E\xe3\
\xa5\xb4\xf0^\xcc\xdf\x98\x8bm\x0b\x8b\x7fx\x0cs\xc8\
\xeb\xe8\x0a\x95\xed8P\x91\x16\x1c\x8b\x84X\xb0\xec{\
<\xadJIda\x08\x03\x11\x13d\x95\xe8J\xa0m\
\xca\x15\x9c\xae\x04\x1a\xaf\x08TEU\x8a8\xf4+\x1f\
\x10UN\xd1(,,\xd4S4\x86D\xbc\xe4\x10\x1c\
dWV]\x99\x0a\x09\x1b\xa9\xd7^9\xb9\xc3\x1c7\
xN\x5c\xf6Lj\xa3\x0dC\x16\x88\xa2\xcc\xb5U\xd1\
\xca\x15\xacE\xa0\x22\xb1\x1e)\xaa\x8aZ\xae\xa0\x8a@\
\x15n\x83\x12\x87\xe2\xc9\xb4t\xf1RG\xd2BM\x96\
\x0c\x17\x18\x0e\xeajGX\x03\x99w\xbd\xde@L\x07\
KKKm\xaf\x94\x08\xb0\x8c\xc6O\xb5\xab\xbc9\xe1\
,\x0bL\xf9\xc4\x14\xd0\xb3\x22\xd0\xf2\x08_+\x14N\
@\xa9OI\x80\xae\xd5\xae\xa3e\x8b\x97\xb5\x12\x12.\
p\x99?7\x83\xef\x99\xa7\x85\x1e\x03\x07\xc5\x7f\xa4=\
\xff\xd0\x08\xe6\x80\x97\x1b\xb7k\xd7\xae\x96\xe9\xa0\x93\x08\
\x0b\x8b\x95yz\xe2\xb5\xf0#\xbftY\xc9(\x02U\
(\x9cPf\x82#\xac\x0eE\x01\xca[\x96\xd7FL\
\xb1\x10\xd3B\x8cQ\x8f\x85\x05\x07\xc5\xafz\xe7\x1f\x9a\
$\xc1\xa6\x09M\x07\x1f(~0|b\xbc\x9c\x1e\x05\
\xc3\xe5\x0e\x90\x94>\x05t\xb0\x12h\xcc\x22P\xbc\xb6\
YP\xd6)\xa1\xec\xce\xafH/\xca\x02m\x85\xc5\x8c\
-\x1bG\x85K\x0a\xf5\xe2P\x08\x09\x1f\xe3\x81i!\
\x84%\x81I1e\xc5?\xd0\x9d\xa9\xf1z\xc3\x10r\
\x96\x95\x95\xc5\x5c`\xcc\x0a\xeeD?/t\xbe\xf7\x1d\
\xc1$\x0f\x08\x08\xd1T\xac\xc4z\xc4\xc7\xc1\xc7*W\
(\x8f\xf0Q\xa1pB\x14YaZxa\xf0\x22*\
ZZdKTBjX\x8d\x14\x17\xc6$\x08\x0b.\
\x8a\xbet2\xff\xe7\x00\xe6/^o\x18\xee\x0e\xc7\x81\
q\xb2\xd8XN~\x8e\xbc\xe9R\x04\xc1 \x1f\x85i\
\x1f\x22*L\x01c.[\xac\x05ZO\xf9\xacS\xc2\
\xf2\x80\x92\x95\x221\x22\x89\xcaL~\x80\xe6.\x9bK\
\xcb\x96.\xb3--\x14\x91\xe2\xfe^\x09\xc2\x82\x8b\xa2\
?Q\x87\xffs0\xb3\xcf\xcb\x8d\xda\xbd{\xb7^\xa0\
&\x16\x11\xb3\x03\x16&\xbb\xbf\xf8\x01\x7f\xdc3g\x15\
L\xac\xab{\xd6\xff\x8f\xf4:\x0aE\xa2\xc4\x93\x15(\
\x0e\xd0\xc3\xa5c\x1c\x09\x0b\x0b\xfba\xa9r\x8cU\x8f\
\x85\x05\x17\x0d\x8e%\xacq\xcca/7\x0a\xf9+\x84\
\x9c\xf1\xa6\x83-\xeb\xf7\xb0\xac0\x1d<74\xc8\x7f\
\x09\xe9H\xd3\xbbX?#{{\x15\x99A\xb4)`\
\x14a\xfd\xa8\xfc\xc7\xfa\xb4\x10\xd2\x82\x8cb!\xa4\x85\
\x1c\xb3\x080\xccD\xfa\x9e\x8b\x1cf\xc6E\x94\x15\xff\
G\x17\xa68\x85o\x1e\x11\x943`)\x19\xeb\x92\xad\
\xb1\x98\xbdxv\xf8D\xf9MX\x0a\x85\xd7Xe\x15\
K^%\x81\x96i\xe1\xfc\xa2\xf9qee\x06O]\
G\x1e\xcbk?\x18N\xea\x12IX\xbd\x99\x97\xbd\xdc\
\x98={\xf6\xe8\xe5\x0c\xa8\xf7\xb0++,H\xf6D\
\xd1\x93\xea\x92\xbfBaWTBV\x82\xc2\x00=S\
\xf6,\x15\x16\x14\xda\x16\x16\x82\x0a\x947H\x10\x16\x9c\
\xd4;\x92\xb0\xcea\xf6z-\xac\xba\xba:[K\xb7\
\xb6\xac\xd5\xb3`)]\xaf\xdd\x10>ajZ\xa5h\
\xaf$*+CXC\xcb\x86QqA\xb1\xa3(k\
\xcd\x9a5\xfa\x98\xf5XXp\xd29\x91\x845\x9c9\
\xe0\xe5\xc6`\xfe\x8b\xfc\x95UP\xf1\xf8\xae\xd6[\xe5\
\x81\x14\xed\x13'S\xc0H\xb2*\x0e\xf3\xbd\xc2>T\
\xb0\xb4@\x8f\xb2\x96-[\xd6B,aUWW\xb7\
\x04\x1a\x1e\x065\x07\x98\xe1\x91\x84\xf5\x88\x97\x1b\x83\xf7\
A\xfd\x15Vg\xb0.&\x16m\xad\xe9%\xf9Kh\
Z\xc14\x95\xb8V(\x80\x13Y\x15[(\x08PN\
q\x0e\x15-+j%\xacX\xe06\x1d\x5c$\xc3\xd8\
\xf5\x98GZ\xc9\x8a\xbf\xd1\x89Y\xe4\xe5F\xbc\xf0\xc2\
\x0bz\xfd\x15\xccmw\x8d\x1e\x08\xeb\xfe\xb2\x07\x94\xb0\
\x14\x8a\x04\xa2\xaaV,\x0bW\xbd\x97,+i%%\
\xdc\x8a\x13\x0d\xdc\xeb\x8bz,\x09\xc2\x82\x9b:\x99\x85\
u\x1c\xb3\xc1ka544\xb4\xac\xbdc\x07\xac\xe7\
sU\xe8g\xee\xad\xdb\xaeP\xa4#\xc9\xc8\xaa\xc8\xa0\
0@\xd7\x94]K\xa5\x85\xa51%e\x06\x89\xf7u\
\xeb\xd6\xe9c\xd7ca\xc1M\xc7\x99\x85\xd5\x9fy\xd7\
ksVUU\xc5][\xda\xcaw\x83\xbd\xe5w\x18\
\x85B\x06\x09\xe6\xab\xda\xc8\xaa(\xfcu\x9f%\xdf\xb7\
-+\x01.\x92I\x88\xb0\xe0\xa6\xfefa]\xc2|\
\xe6\xe5F \xe1\xaeiZ\x8b\xb0\xac\xab\x1dZ\xd7\xe5\
\xc1:>9\x859*\xbaR\xb4O\x92\x91UQ\x14\
\x16\x04(\xaf4\x8fJ\x8aJ\xf4\xe8)\x1e\x10\x16\x1e\
N\x81\x1c4\xa2,\x0f\xf9\x8c\xb9\xa4EX\xfc\xc5H\
\xe6\xa0\x97\x1b\x81\x224\xdc\xa3\x14k\x99V\xab\xb0\x1e\
/y\x22|\xf2T\xeeJ\xd1\x9eH&\xb9\x1eMV\
`i\xb8\x1e\xcb\xae\xb0\x00\x82\x0c$\xde=\x16\x16\xdc\
4\xd2,\xac\xf1^n\xc0\x8b/\xbe\xa8?\x91\x03I\
>\xbb+\x1fb\xe1\xb1\x9b\x97\xdf\x12>aJX\x8a\
t\xc3\xba.\xbf\xdd\xc2g\xb7\xa6\x80\x91(\x08\xd0H\
\xed\x97TVTf[XXU\x05\x0fY\xf5XX\
`\xbcYX\xd9^\x0b\x0b\xc9;\xf3j\x87V\xcc\x8b\
\x88!\xba*\xcc/\xa4\xf3VHXNF\xa1\x88E\
4\x11\xd9!\xdek\xa7JV\x85G\xb8\xb0\xf4\x22*\
/,\xd7g;\x10\x12>\xc6\x02W\x0a\x9b\x9a\x9a\xf4\
1\xec\xb1\xb0\xb2\x85\xac\xba2A\xaf\x85\x85\xe4]\xa4\
eY\xa3\xb1x\xe9b:\xae\xe2\x04\xf9\x1dT\xd1>\
HTBn\xc8*\x15\xf9*\xc1\xb2@+a\xf5\x5c\
\xd2\x8b\x8aJ\xe2\x8b\xca\x0c\x9e\xcc\x8e1\xec1A\xa6\
k\x07\xfe\xa7'\xb3\xc9\xcb7\x87\xb4\x90\xbc\xb3+\xac\
\x82%\x054\xa7p\x0euX\xe1\x83\x8e\xac\xf0\x17\xa9\
\x16\x8b\x97\xa2\x02\xa9\x96\x95EX\x1d\x16\x06h^\xd9\
<*-.\xb5%+Da\x086$\x08\x0b\x8e\xea\
\x09a\xf5c\xfe\xec\xe5\x9b\xe3*\x03\xaaf\xe3\x09K\
\xacx\x08aM.\x99B\x1dV\x06T\xfe\xaa=\x90\
\xcc4\xcb\xcf\xc4\xdb\xefT\xe6\xab\x96E!?@3\
JgF\x14\x16\xeeB1\x7f.\xbeF9\x12\xae\xf4\
{,,8\xaa\x1f\x845\x88\xf9\xd0\xcb7GI\x03\
\x92wv\xd7\x94\xc6\xda=\x7f\xd4\xee\xa3\x0eU\x01%\
\xact&SE\xe4gYE\x13\x95`I\x80\xc6\x94\
\x8f\xa5\xb2\x92\xb2\x16)\xc5\x03\xf7\xff\x22\xe8\xf0XX\
p\xd4 \x08k\x08\xf3\xb9\x97o\xbec\xc7\x0e\xdd\xd4\
\x91V64/\x1c&>\xc7]\xe5\xc3*\x86+a\
\xf9\x95\xf6*\xa1t\x97\x95!\xac[\xcbo\xa3`I\
0\xae\xa8\x90p\xc7GQ\xda\x90\xc8\xd8\x7f\xe9\xa5\x97\
\x12\xe5sf\x08\x845\x9a9\xe0\x95\xac\xf0\xe6(i\
\xc0\x5c\xd8\xee\xb2\x16%KK\xe8\xa2\xca\x8b\xa9Cu\
\x92\x03Ka_>\xd6\x01'{\xd0\xa7#ND\x95\
\xaa|U4\x0a\x0c\x96\x06\xe8\x8a\xb2+I+\xd6\xa8\
\xa4\xf4\x88\x98b\x81\xc5\xfc\xb0\xf0f\x12\xf2I\x84\x03\
\xcc\xe8\x0e\xfc\xcfX\xe6k\xaf\xde\xf8\xe5\x97_\xd6\x17\
\xedC\xd5\xac]a!\xc2\x1a\xb0\xe2$%,\xb7D\
\xa4\x04\x94^\xb2r+_%`I\x99\x85uj\xe1\
\xe9\xa4\x95jTZ\x12[T\x82\xf2\xf2r}\xe1\x02\
\x8ce\x0f\x85\x05G\x8d\x85\xb0\xa60\x87\xbd\x14\x16.\
\x8b\xda\x95\x15\xd6\xebY\x5c\xb8\x98\x8e^\xdeM\x09+\
\x96\x88\x94\x84\xfc\x83\x13Yy\x95\x5c\x17\xa2\x12\x14\x1c\
\xf9\xbc\xc7\xfcc\xa9\xa8\xbc\x88\xcaK\xcbu!!\xbf\
\x1c\x0f\x04\x1d\x1e\x0b\x0b\x8e\x9a\x02a\xcd\xf7\xf0M\xf5\
\x9d\xc4Sr #\xeb\xc2a\x91\xd6\xe0\xc1z=y\
\xc5y\xd4\xa1\x22\xd0~\x84e\xed\xfc\xb2\x07\xa0\xc2\xff\
\xb2\xb2\x13UE#/@\xf9\xa5\xf9\x14,\x0b\xda\x92\
\x15\xa4\x86\xa7\xe8x,,0\x1f\xc2\x0az\xfc\xa6\xb4\
j\xd5\xaa\xa8\x82\x8a$\xac\xec\xd2l\xeaP\x19H\x7f\
a)\x11e6vE\xe5'Y\x81\xf9\x01\x9a[>\
\xd7\x91\xb0\xb04\x14\x84\xe51\xc1\x0e\xfcO\xa3\x93_\
\x12QR\xa2\xe0\xf7\xf1\xc8 '\xc2\x9aV>=\x5c\
\x83U\x13\xa7S\xc8\x16\x91\x92P\xfb\xc4IT\xe5u\
r=\x96\xa8\x96\x18,\x0e\xd0lm6\x05K\xdb\x0a\
\x0b\xf9*\xf3\xe7\xe2k\xcc\x92\x92uA\x024BX\
\xbb\xbd|S\x5c)D\x95{$a!\x11o\xfd\xba\
\xb8\xb0\x98\x9e\xd3&y/,k\x87\x94=(\x14\xfe\
\xc4MY\xa5*_\x15KV ?@\xd3B\xd3I\
+\xd7Z\xa4\x14\x0b\x08\x0b\xd5\xee\x12\x84\xb5\x1b\xc2z\
\xcb\xcb7\xc5m9+V\xac\x88\xbb\x1c\xab\x00\xc2\x1a\
\x17\x1a\x1f\xae\xc1rCX\xd6\xce&\xbb\xc3+\xd2\x17\
'\xb2\x92\x95\x5c\x8f\x04GTVa=\x1e|\x82\xb4\
2\xfb\xc2\xaa\xad\xad\xd5\x83\x0f\x8f\x85\xf5\x16\x84\xf5\x9e\
\x97o\x8a\x92~\xdc\x96cw\x85C,\xe1\xfa\xfb\x15\
w\xc7\x16\x96\xb5\x13\xc9\xee\xc8\x8a\xccG\x96\xac\x92\xcd\
W-\x0e\x1c\x11\x96\xf8\x9c\x85\x85;I\x96\x97/\xd7\
k\xac\xe2\x01i\xe1\x09:\x10\xd6+\xaf\xbc\xe2%\xef\
u\xe0\x7f\xde\xf7\xf2M!,T\xca\x8a5\xa2#\xad\
jh\x15\xd6m\x95\xb7\x87\x13\xee5>\xe8\xa8\x0aE\
:\xe6\xab\x16\xc7`Q\x80\xee\x0a\x8e\xa2\x8a`\x85-\
a\x01\xdcO(AX\xefCX\x1f\xc9\x10\x96\xed\x05\
\xc3\x8a\xca\xe8\xe6\x95\xb7(a)\xe4\xe3\xd7|U2\
\xb22\x22\xac;\xcaG:\x12\x16\xf2\xd0H\xefx,\
\xac\x8f \xacO\xbd\x16\x16vX\x08\xc9\xbat\x85\xf5\
\x8e\xf1\xf2\xe2r\x1a\xb2\xf2F%,\x85\x5c\xd29_\
\x15\x0f\x8e\xb0F\x94\xdd\x9c\x0e\xc2\xfa\x14\xc2\xda/C\
Xv\x17\x0b\x83\xb0~^u\xbd\x12\x96B\x1e\xe9\x9e\
\xaf\xb2\x11a\xddT6\x94Vh+\xf4\xd9\x8f\x1d*\
++e\x08k?\x84u\xd0\xcb7\xc5\xb2\x14N\x85\
\xf5\xb3\xaa\xab\x95\xb0\x14rHU\xbe*\x95\xb2\xb2+\
*S\x84uC\xd9\x10\xaa\x0cU\xea\x17\xc4\xec\x00a\
!\x87\xf5\xea\xab\xafz\xc9\xc1\x0e\xfc\xcf\xb7^\xbe\xa9\
YXv\xd6\xde\xc1\xb2\x17\x97W]\x11\x96\x95\x12\x96\
\xc2+\xd2\xb5\x184\x01Y\x81\xabK\x07\xd3Jm\xa5\
#a!\xc2\xf2XX\xdfJ\x13\x96\xdd\xc5\xc2\x94\xb0\
\x14\x9e\xe3\xd7\xe4\xba[S@\x93\xa8\x04\xd7\x94^\x9b\
6\xc2:\xe8\xe5\x9b\x8a\xab\x84N\x84\xa5\xa6\x84\x0a\xcf\
\xc8\xe4\xe4z\x14Ya]w\xa7SB$\xddeM\
\x09\xf7{\xf9\xa6\xb0\xb2Sa]_}\x83\x12\x96\x22\
\xf5dzr=\x92\xac\x0ca\x0d+\x1bN+\x97\xaf\
\xa4\xe5\xcb\x97\xb7\x001\x99\xbf6\x83:,\xdc\x9a\xf3\
\xdak\xaf\xb9\x0a\x1c\x11\xe3\xff\xf7CX\x9f\xba\xfd\xa6\
\xb1\x80\x95q \xac+\x1bF[\xe9\x10\x0b\x8b\xddX\
u\x93\x12\x96\x22\xb5\xb4\x93\xe4zD\x16\x04\xe8\x17\xe5\
\xb7\xb6\x11V,P\xe9\x9e\x0aa\xc5\xe1\xd3\x0e\xfc\xcf\
G^\xbe)v\x12\x8b\xd8\xdbY\xd9P\x08\xeb\x17\xd5\
\xb7*a)RC;K\xae\x8b\x88\xca*\xac_\x96\
\xdf\xd9FX\x18\xa7\x02\xeb\xd7\xb8\x97\x10\xb7\xday,\
\xac\x8f \xac\xf7\xbd\x16\x16n~\x8e&(\xeb\xba;\
\xa1\x92\x10\x8d\xac\xfa\xa5\x12\x96\xc2}\x92\x91U\x1a\xe7\
\xabZ\x09\x0b\x9f\xcf\x0f\xd0h\xed7TUQ\xd5J\
J\xb1\x90$\xac\xf7!\xac\xf7\xbc\x16\x16\x12vv\x97\
b\x0d\x95\x85\xe8\xee\x95\xf7\xa8\xab\x84\x0awi\x8f\xf9\
\xaa\x85\x16\x16\x04Z\x84\xf5\xa0\xf6\x90-a!\xd8\xc0\
G,/\x83\xba\xca\x7f\xfb\xb7\x7f\xf3\x0c\xb8\x0a\xc2z\
+\xd5\x922\xbf)v\x12\x0b\xf8\x99\x17\x04\xb3.]\
a\x15\xd6c+\x1fW\x11\x96\xc2=\x94\xac\xc2\xb22\
\x09\xeb\xe9\xd0DZY\xb1\xb2EJ\xf1X\xb3f\x8d\
\x9e \xf7RX\xcc[\x1d\xf8\x9f\xdd^\xbe)v\x12\
v\x8e&,+XTlj\xc54%,\x85;\xb4\
\xc7|U$Q\x99aa\xcdZ\x9e\xad\x0b\xcb\x8e\xac\
\x00\xd6t\xb7\x06#\x1e\xb0\x1b\xc2j\xf48\xac\xd3\xed\
\xecDX9+f\x1fY\x0fKv\x87W\xa4'~\
-\x06uSVv\xa3\xaa\x08\xc2\x9a\xbfb\xbe.,\
\x14\x84\x0a &\xf3\xd7\xe6\xef\xaf_\xbf\xdekY\x81\
F\x08+\xe8\xf5\x1b\xc3\xcefaY\x17\x073\x7f\x1d\
\x0a\x86h^\xc5\xbc\xf0\x12\xc9\xb5>\xe8\xf8\x8a\xf4\xa3\
\x9d\x16\x83\xc6\x94\xd5|\x03|>/@\x8bW,\xa6\
\xaa\x15U\x11\x05\x15IX\x1b7n\x94!\xac \x84\
5\xdf\xcb7}\xfd\xf5\xd7\xf5g\x9aY\xc5\x14\x0d\x08\
+\x7fy~\xf8\xa99JX\x0a\xa7\xa8|UtY\
\x09\xe6v\xa2\xa2\xca\xa2\xa8\xc2\xc2E2\x81\xf8\x1e\x1e\
\xa4\x8a\xb1\x0c\xc4\xb8\xf6\x80\xf9\x10\xd6\x14\xe6\xb0Go\
\xa8\xb3i\xd3\xa6\xa8\x82\xb2.c\x01a\x95\x86J\xa9\
[\xe51JX\x0ag\xb4\xc7b\xd0X\xb2\xb2\x8a\xca\
\x88\xb0z.\xecE\xcbW,\xa7\x95\x95+[\xc9)\
\x16\xdb\xb6m\xa37\xdex\xc33g0p\xd4\x94\x0e\
\xfc\xcfX\xe6k\xaf\xde\x18;\xb9}\xfbv\xbd\xda\xdd\
\xee\xda;X\xa7\xe7\xe4\xeaS\x95\xb0\x14\xf6h\xaf\xc5\
\xa0N\xa2*\x13g\x17\x9cC\xb5+km\x0b\x0bU\
\xee;w\xee\xf4ZXp\xd4X\x08k4s\xc0\xcb\
\x08\x0b+6\xe0\xf2\xa9\xed\xc5\xc2\x82\x95ty\xed\x15\
*\xe9\xae\x88\x8f_\x93\xeb~\x9a\x02\x9a\xc9\x0b\xd0\xe0\
\x92khU\xe5*\xdb\xc2BY\x12\xee\x09\xf6\xd2\x19\
\x86\xa3FCXC\x98\xcf\xbd|sQ\xed\xee$\xc2\
\xba\xad\xe6\xf6\xb0\xb0\x82>\x18\x14\x0a\x7f\xa2\x92\xeb\xce\
de\x08k\x946\x9aVU\xad\xa2\xaa\x95U\xfaM\
\xcd\xb1\x80\xb0\xf0\xe4v\xd4S\x22\xc2\xf2\x0a\xc3QC\
 \xacA\xcc\x87\x91\xa6n\xa9\x02\xb5X\x08+\xf5\x1c\
\x95\x8d\xa9!\x845\xaez\xbc\x12\x96\x22:*\xb9\xee\
LT\xf3\x02-\xc2z\xaa\xe2i\xdb\xc2\x02(KB\
y\x92\x97\xc2b>d\x06u\xe0\x7f\xfa1\x7f\xf6\xf2\
\xcdqUa\xf5\xea\xd5-\xc2\x8aGE\xa8\x82fW\
\xcd\x09\xd7b)a)\xac\xa8|\x95sY\x99\x845\
\xbfr\x01\xd5\xac\xac\xb1\x1da\xad[\xb7N\x1f\xc3\x1e\
\x0b\x0b\x8e\xea\x07a\xf5d6y\xf9\xe6\x88\xe0P\x8b\
eGX\xfa]\xe2,\xac\x82\x15\x05\xe1\xd2\x06\xd9\x83\
C\xe1\x1fTr=\xa1)`\x0b\x90\xd6\xdcNT\xb2\
\xa2\x84j\xaa\x22\x0b\x0b3!\xeb\xf7P\x83\xe5\xb1\xac\
\xc8pTO\x08\xab+\x13\xf4\xf2\xcd\xff\xf4\xa7?\xe9\
\xa5\x0dV1\xc5\x22T\x11\xa2^U\xdf\x93?H\x14\
\xfe\xa0=\xaf\xb4\x90`r=\x12\xfd\x17\x9f\xa8\x8b\xaa\
\xba\xaa:Lu|P\xd2\x801\xec\xb1\xb0\xe0\xa8\xae\
\x1d\xd0\xf8\x93l\xaf\x85\xd5\xdc\xdc\xac'\xde\xed.\x18\
V\x15\xaa\xa2\x8bk/QSB\x85\xcaW\xb9$+\
pU\xc9\xcfhu\xd5j\xdb\xc2\xc2\xb22\xb8\xca\x8f\
1\xec1\xd9\x1dD\xe3/\xc6{\xbd\x01Xy\x14\xf3\
a\xbb\xeb\xef`\xe9\x8bQu\xbf\x09wH%\xad\xf6\
K:\xca\xca\xebbP\x9b\xb2\xea\x90\x1b\xa0{B\xf7\
\xd0\xea\x9a\xd5TS]\xa3\x03)\xa1l!\x1aX\xb8\
\x00\xeb`I\x10\xd6x\xb3\xb0F2\x07\xbd\xdc\x00\x5c\
e\x80\xad\xed\x0a\xab\xb2\xa2\x92\xb2j\xa6\x86e\xa5\x84\
\xd5\xfeP\xf9\xaa\xe4\xf2UQ\x84\x95\xb3r6\xad\xaa\
Y\x15SRf\x1a\x1a\x1a\xf4\x84\xbb\xc7\xb2\x82\x9bF\
\x9a\x85u\x09\xf3\x99\x97\x1b\x81\xc4;v\xde\xba\xf4j\
,a\x15\xac,\x08wN\xd9\x83G\x91\xbe\xb2\xca\x94\
\x95\x16\x92\x11\xd5\x5c\x83\xdcNTZ]\xdaFX\x08\
$\x04\xe6\xaf\xf19\xee\x03\x16i\x1d\x0f\x81\x9b.1\
\x0b\xab?\xf3\xae\xc7\x1bAMMMQW5\x8cF\
\xbf\x8a\x01\xf2\x07\x90\xc2\x9f\xb2R\xc5\xa0\xf6e\xc5\x9c\
\xb6\xf8\x8cVr\xb2\xc3\xd6\xad[\xe9\xcd7\xdf\xf4\x9a\
w\x99\xfefa\x1d\xc7l\xf0zCv\xec\xd8\xd1\xb2\
\x5c\x85\x1dj*j\xe8\xa6\xea\xa1jJ\xd8^H\xc7\
|U\x9a\xc8\x0a\xd3\xc1[\xcbn\xa355kb\x0a\
\x0aU\xed\xe2s\xe4\xaf\x90p\x7f\xeb\xad\xb7\xbc\x16\x16\
\xdct\x5c\x8b\xb0\xf8\x8bN\xcc\x22\xaf\x85\x85\xe4\x1d\x92\
|f)\xc5Z<\xac\xaa\xb2\x8a&\xd6>\x13\xee\xcc\
JZ\x99M{_i\xc1\xcd|U\xae\x81IV\x1d\
\xe6\x04h\xd2\x8a\xc9\xb4z\xd5\xea\x161\xc5\xa3\xbe\xbe\
^\xbfKEB\x84\x057u\xea`n\xfc\x8dG\xbc\
\xde\x10\xe4\xb1P\xf1\x1eme\xc3H\xc2Z\x5c\xb5X\
\xc9*\x93Q\xc9\xf5\xd4\xc8\xca,,0\xa7\x13\x95\xd6\
\x94\xea\xc2\xb2#+\x80\x0aw\x8cY\x09\xc2z\xa4\x83\
\xb5\xf17\x873\x07\xbc\xdc\x10\xe4\xb1\x90\xc4\xb3+,\
A\xff\x15'\xca\x1fX\x0a\x7f\xcbJ\xe5\xab\xa2\xcb\xca\
\xc8_!\xd9nWV`\xcb\x96-\xae\x8d}L+\
\xed`8ix$a\x9d\xc3\xec\xf5RX\xd8 \xac\
\x8d\xe5DV5\x955t{\xcd\x1d\xaa\xbc!\xd3P\
\xc9\xf5\xd4\xc9*\xc2t\xf07\xdao\xa9aU\x83\x9e\
\x97\xb2\xcb\xae]\xbbl\x8b\xc6E\xf62\xe7\xb4\x11\x16\
\x7f\xb37\xf3\xb2\xd7\x1b\x84\xa5fp\xb9\xd4\xeeJ\x87\
XhlVm\xb6\xfc\x01\xa6H\x7fY\xf95\xb9\xee\
B}U<a\xe5U\xcf\xa3\xfaU\xf5\xb6e\x85\x15\
\x1a\xb0\xa4\x8c\x04a\xc1I\xbd#\x09\xab\x0bS\xec\xf5\
\x06\xa1\xa6\x03\x07\x032\xb2\xb3\xb4\x05n\xd2\x0c\xd5\x84\
\xc2\x1d9\xe4\x83\xc1\xa6H\x9d\xacT\xbe*\xf1|U\
$a\x19\x1f\x8f\xca\xedJ\x95\xb5\x95TW\x1b[R\
\xc8/\x8b\xcfE\xfd\x95\x04a\xc1I]\xda\x08\xcb\x90\
\xd68\xe6\xb0\xd7\x1b\x85\x1b\xa1\xed\x0a\x0b`\xed\x9e\xcb\
k\xae\x90?\xd8\x14\xa9\x11U\xa6\xc8*\x05\x8b\xed%\
%+\x83k\x8a\xaf\xa5\xc6\xbaF=\xc2\x82\x94\xec\x80\
\xd4\x8d\x04Y\xc1E\xe3\x22\xca\xca\x10\xd6`f\x9f\x97\
\x1b\xf5\xe7?\xffY\x9f\x1bGZ\xc6\x22\x96\xb0\x9e\xad\
{.\x1ca\xa9<V\xfa\xa1\xf2U\xa9\xcdW\xc5\x82\
\xa7\x83Y+\xa7\xea\xc2Z]\xd7ZJ([\x10\x98\
\xbf\xc6\x0c\x08\xf7\xfeb\xacz\xcc>fp,a\x0d\
`\xfe\x12\xef\x85\x84h\xdcB,\xe8ggi\x0bA\
Yu\x99\xfc\x81\xa7H\x1fY\xf95_\xe5\xa5\xac\x98\
N\xb3;\xd3\x8a\xba\x15T\xbf\xba>L}|D9\
\x83\x04a\xc1E\x03\xa2\x0a\x8b\xff\xb3;S\xe3\xf5\x86\
\xe1\x8a!\x9e$+\x16\x0c\xb3C]u\x1d\xfd\xb4\xf6\
*\x15a\xa5\x13\xe9(+7\x8bA\xddN\xae[\xa6\
z1\x99\x1d\xe6\xfa\x92\x1bhm\xfdZG\xc2B9\
\x83\xdbA\x8aM\xe0\xa2\xeeQ\x85eHk\x92\x84\x0d\
\xd3o\xd3\x89&'\xf3\x8d\x99\xe2k\xd4\x90L\xa9{\
^\x957\xa4\x03\xed!_\xe5Vr\xdd\xb4t\xb1\x8e\
X\xcexn\x0c\xec\xc8\x0a\x1fs\x024\xb3j\x96#\
aa:\x88\xdbqd8\x01.\x8a)+CX#\
\x98\x03^o\x1cJ\xfeq5\xc2\xee2\x17\xa0bU\
E\xb8\x83\xcb\x1e\x90\x0aod\x95I+-\x98\xbf\x9e\
\x17\x83X\xa2\x8a'\xab\xd9&\xf8\xebn\xb9=\xa8\xba\
\xbe\x9a\xd6\xd4\xaf9\xc2\x9a\xb6`\x15\x15\x80\xcf\xc5t\
\xf0\xed\xb7\xdf\xf6\x14\xc3A#\xec\x08k \xf3\xae\xd7\
\x1b\x88\x90\x13\x97N\xe3- f^\x02\xa3\xbe\xba\x9e\
n^u\x8b\x8a\xb2\xfcJ:%\xd7\x97\x98p*(\
3V9\xc5\x22\x96\xa8\x9c\xcajv\x84\xaf\x05s\xc2\
\x1f\x7f]~\x17\xadoX\xdf\x22$;`u\x06\x04\
\x14^\xfb\x80\x81\x83\x06\xc6\x15\x16\xffPW\xa6B\xc2\
\x06\xeaO\x93\x15\xeb\xeeX\xd7\xe5\x89\x04\xeaH\x16\xae\
^\xa4\xd6\xc8\xf2#~\xc9W\x15X\x88%\xaax\xb2\
\x8a%*/e\x15m\xca\x17IVBX9\x9d\xa8\
\xb0\xae\x90\xd66\xacu$,<0U\x86\x0b\x0c\x07\
u\x8d+,CZc\x98C^o$V!\xc5\xbc\
\xd9\xe9\x1a=\xa7V\x9e\xae\x22,?\xe1\xd5J\x0b\x85\
\x16\x92\x91U2Q\x95LY\xc5\x9a\x06\x9a8\x7f\xc9\
\x8f\xa8\xa1\xde\xbe\xa8\x00.\x84\xc9\x98\x0e\x1a\xee\x19c\
KV\x86\xb0.f\xfe\xe6\xf5\x86bZ\x88G\x08\xd9\
\x89\xae\x04\xf5\xb5\xf5\xf4X\xfd\xe3jZ\xe8\x07\x92\xcd\
WY\xe5\x14+\xaaJFVN\xa2*7\xa7\x80\xa9\
\xccW\xc5\x90U\x87\xec\x00M\xaa\x9aL\xeb\xd78\x9b\
\x0e\xe2\xe98v\xa6\x83\xef\xbc\xf3\x8e\xab\x18\xee\xb9\xd8\
\x89\xb0z2\xcd^\x0b\x0b\x1b\xbbg\xcf\x9e\x96E\xc3\
\xec\xdcA\x8e\xe51Bu\xa1\xb0\xac\xd4\xad:\xf6\xc5\
\xe2\xb5\xac\xacrJ\x95\xac\xdc\x9c\x02\xfa5_eW\
T '@=r\x8f\xa5\xda\x86Zjlh\xa4\xc6\
F{\xe0\xb9\xa1X\xaf\xcem\x19\xd9\xa4\x99\xe9i[\
Xl\xd5\x8e\xfc\x0b926\x16K\xce\xe0`AF\
vo\xccl\xa8k\xa0Q\xf5\xa3U\x94e\x15Q<\
\x89xE\xa2\xa2\x92)+\xbfL\x01\x9d$\xd7\xa3D\
W\xf7\x86\xee\xa5\x0d\x8d\x1b\xe2\x0a\x0b\xe3\x0e\xe0s\xdc\
.\x87\xfaHI\xc2\x82{:\xda\x16\x16\x1a\xff\xc2-\
\xcc\x9726\x18\xf7-9Y\xf6\xa2\xbe\xae\x9eJV\
\x97d\xae\xac\xca-\x9f\xa7\x13n\xc9\xca\xcd|U\xba\
\xc8\xcair=Bt\x85d\xfb\xf25\xcbim\xe3\
Z\x1d\xb3\x98b\x81\xda+I\xb2\x82snq$+\
CX\xfd\x997el4j\xb2P\x03\xe2DZ\x88\
\xb2nX5$}\xa4\xe5\xd7h\xc8\x0bQ\xa9|U\
\xca\x92\xebGD\x15\xe6\xb6\xf2\xdb\xa9imS\x8b\xb0\
\xec\xc8\x0a\xe5EH\xb6K\x12\x16\x9c\xd3?\xbe\xa1\xda\
\x0a+\xc0,\x94\xb1\xd1H\xf4!\xf9\x1eoZ(n\
\xda\xac\xab\x0f\x0b+\x7f\x8d\x0f\x96O\xcet\x11)Y\
\xf97\xb9n\x91U\x87\xecNT\xbc\xa6\x986\xac\xdb\
\xa0\x17\x80\x9a\x81\x98\xac\xdf\x13\xdf\xc7\x0c\x079\xe5\xbf\
\xfc\xe5/\x9ec8'\xe0XX\x86\xb4F0\x07d\
l8\xee\x0e\x17\xeb\xf1\xd8]\x02c\xcd\xea5tE\
\xcd\x95\xb1\xa5e\x15J{\x97\x8b\x97\xb2\xf2k\xbe*\
\x13\x92\xebVY1CJn\x8c(\xabX\xa0\x94\x01\
\x0b\xf5\xc9\x18\xf3\x0c\x5c\x13\xbf\xba=Z\xe3_\xee\xc7\
\xbc.c\xe3E\xe5\xbb]Y\xad^\xb3\x9a\x1aW7\
\xd2\xc2z\xa3\x904(a\xb0\xb6wR%+\x95\xaf\
\xb2\x95\x5co\x13]\xd5G\x8e\xae\xac\x822\x7f-*\
\xdb%\x09\x0b\xae\xe9\x97\x8c\xb0:1y\x926^O\
\xfc\x89\xb5y\xac\xeb\xf5D\x03\xc5q\x83W]#\x7f\
\xf0\xb6'\x92\x99\x02\xa62\xb9\x9e\xe1\xc5\xa0-\xa2\xb2\
\xca\x8a\x19^:\x82\x9a\xd65\xb5\x08\x09\x1f\xed\x80%\
\xcbe\x8dw\xc35\x9d\xe2\x9b)\xb6\xb4\x86\xfd%\x1c\
\xaay\xbe\x03(q\xc0A\xb4#*\xb3\xb0\x0a\xd6,\
\x0b\x0f$5\xcd\xf3\xb7\xac\xdaC\xbe\xca\x0bYE\x88\
\xae\xca\x1b\xca[\x84e\x17\xb1\x8c\xcc\xbf\xff\xfb\xbf{\
\x8e\xe1\x98aI\xc9\xca\x10V\x1f\xe6\x95d\xe5\x93\xe0\
N\xe8\xf7\x17\x9a\x97\xba\xb0\x03\x96\xcf\xb8\xb1\xee\xa6#\
\xb9,\xd9\x83:S\x91%\xabL\xc9W\xc5\x9b\x12:\
\x95\x95\xf15\xae\x0cnZ\xbf\x89\xd6\xaf\x0b\x8b\x08\xa9\
\x15`\xfe<\x12\xc8\x1b\xcb\x90\x95\xc1+L\x9f\xa4\x85\
\xf5\xf6\xdbow\xe4\x17\xca\x92\xb5#\x88\xb2\x10\xd2\xda\
\x95\x15h\x5c\xd3H\xa5kJ\xc3\x83J\xe5\xb2\xbc\x97\
\x95J\xae{/+St\xb5\xbcq9m\xdc\xb0\x91\
6\xac\x8f.'+\x9b7o\xd6\x0bE%\x0a\x0b\x8e\
qV,\x1a\xad\xf1\x0b]\xc2|,cGD\x94\xe5\
DX\xb8\x0fj\xdd\x9au\xf4\x87\x86?\x1eY/K\
\xf6\x00\xcf$Tr\xdd\x1f\xb2j3\x15\x0c\xd0\xc3\x95\
\x0f\xd3\xe6\x0d\x9b\xc3\xb2r ,\xac\xca QVp\
\xcb%\xae\xc8\xca\x10Vw\xa6Ff\x94\x85p6\xd2\
\x22c\xd1\xc02\x1a\xb5\x8d\xb5t\xbc\xf6\x1d%,/\
D\x95\xae\xc9u/\xf3U\xc9\xc8\xca*\xaa\x08\xf4\x99\
\xf7}\xaa__\x1f\x8e\xael\x8a\x0a\xc8\xcc]\x19\xc0\
-\xb1\x97BN@Z\xa3\x98\xafd\xed\x14\x9e\xac\x13\
OR\xb8\xed\xc0\xfc\xf5\xba\xc6u\xf4\xfc\xda\xac\xf0`\
RSCy\xb2j\x0f\xc9u'\xa2J$\xb2\x8a\x17\
e\xcd\xecD\xd3kg\xd0\x96\xa6-\xd4\xd4\xd4\xe4\x08\
\xe4\xae\xde}\xf7]Y|\xc5\x8crUVh\xfc\xa2\
\x03\x987d\xed\x18\xe6\xd78\xb8v\xef6\x1744\
6\xd0\x05\xd5\x17)a\xa5JV*_\xe5LX\xc9\
\x88*F\xa4u\xf9\xb2+\xf4hIH\x08w\x8a\xd8\
A\xd4]I\x14\x16\x9c\x12\xfd\xc98I\x08\xab\x133\
K\xe2\x8e\xe9K\xcf8Y\x1e\xa3q]\xa3~\x97z\
\xf1\xda\x92p.KI\xcb?\xb2\xca\x94|U\xb2\xc5\
\xa1\xc9\xca\x0a\xd1\xd5\xacp\x19\xc3\xe6\xa6\xcd\xb6E%\
\xc0\x1222\xc7\xb4\xe1\x94\xe4j\xafbH\xeb2\xe6\
\x13Y;\x87\xbf\x04X\xf6\xc2\xee\x1d\xe7\x02\xdc\xfc\xf9\
`\xe3C\xaa\xccA\x96\xac2u\xa5\x05\xafd\x15+\
w\xc5S\xc1\xf1\x95\xe3i\xeb\xc6\xad\xb4\xb1)\xba\x98\
0n\x04\xe2{;v\xec\xd0\xef\x19\x94(+\xb8\xe4\
\xb2\x94\xc8\xca\x10V7&$\xd3\xc8\xf8\x8b n\xd2\
\xb4\xcb\xfa\xb5\xeb\xa9~]=\x9d\xb2\xf24\xf9\x12H\
\x07T\xbe\xca=Q\xa5RV\xcc\xa0%\xe7\xd3\xfa\xa6\
\xf5\xb4i\xe3&]Xf1\xc5\x02e\x0cx\x80\xf1\
{\xef\xbd\x97r0n\xa3\xfc_\x88\xe9\x962a\x19\
\xd2\x1a\xca\xec\xf7bG#\x812\x07,\xdd*d\x14\
\xed\x8es\xeb\xf7pO\xd5\xe2\xf5K\xd4\xd4P\xc9J\
\x9e\xac\x5c\xcaW\xe9\xcc\x0a\xe8S\xc1\xa2\xc6b\xda\xb6\
i\x9b.,\x1d\x9b\xc2\xc2E,\x5c\xcc\x925\x8e\x19\
8dhJe\x85\xc6or<\xb3N\xe2\x8e\xeak\
\xf5 \xc1\xe8\xe4.t\xb0q\xddFz\xa8\xf1\xe1\xf0\
\xc0SSCg\xb2R\xc9\xf5\xe4o\xb9\x99\x1d\xb0/\
\xae\xb8\xb2\x0a\xd0c+\x1fk%\xab\xcd\x9b6\xeb\x91\
\x93\x88\xa0\xa2\x81D;.b\xc9\x1c\xc3\x86C\x8eO\
\xb9\xb0\x0ci\x8df\xbe\x92\xb5\xb3\x081\xf1\x17\xc2\xa9\
\xb0\xf4\xe8k\xfdZ\xba\xb2\xee*\x95\xcf\xf2JV*\
_\x95|qh\x04a\xe1\x91\xf3\xf1\xc4\x14\x0dQ\xc6\
 QVp\xc7hOde\x08\xab\x0f\xb3G\xa6\xa1\
Q\xe8\x86\x13\x16o\xb9\x0c\xeb\x0d\x9eM\xeb\x9bh\xe5\
\x86\x95tL\xe8x%\xacx\xa2J\xd7b\xd0t\x95\
\x95\x0dQ\x89\x02\xd1\xba\xf5u\xb4u\xf3V\xc7\xb2\x12\
\x89v\x99c\xd7pG\xf2\xf7\x0d:\x94\xd6x\xe6[\
\x99;\x8e\x85\xc6\xc4M\x9dN\xc0\x8d\xa1\xf3\xd7/8\
\xf2\xd0\x0a\xd9\xd2HGYeJ\xbe\xca\xcd\xe2\xd0\x14\
GU\x22o\xb5\xb4\xb1\x80vl\xd9A[6o\xd1\
\xab\xd4\xed\x82\xa9 \xd2)\xff\xf1\x1f\xff!\x93o\x99\
\xf1\x9e\xca\x0a\x8d\xdft \xf3\xba\xcc\x9dGX\x8b\xfb\
\x0c\x9d\xdc\x86\xd0r\xb3\xe7\x86\xcd\xf4\xf0\xba1\xed7\
\x9f\xd5\xdeWZp\x1ae\xf9BV\x01z\xb4\xea\xd1\
#\xb2r(,\xdc/\x881#YXpF\xfcG\
\xd0\xa7HZ\x13\x0ccJ;\x00\x98\x1a\x22\xd4\x8d'\
(\xf3\xad\x08\x1b\x9a6\xb4|\xfci\xdd\xcf\xc2\x03\xb8\
=I+\x1d\x93\xebnN\x01\xdd\x94U*\xf3UB\
T\xc6\xe7?/\xb9\x9e6o\xd9\xecHR\x021\x15\
\x94,+\xb8b\x82\x14Y\x19\xc2:\x89yU\xf2A\
\xd0k\xb3t\x01Y\xc4\x14\x8fMM\x9b\xa8\xba\xa9\x9a\
\x8e\xd1\xdaQ>\xcb\x8f\xf9\xaa\xf6(+\x07Q\x15\x8a\
C\x91\xb7Z\xbda5m\xdb\xb2\xcd\xd6\xd4\xcf\x0aj\
\xaed\x8fS\xc3\x15'I\x13\x96!\xad1\xcc72\
\x0f\x04\xeaI05tz\xd3'\xc0\xcd\xa2\x0b\x9b\xda\
\xc1:\xf0*_\x95\x9e\xb2\x023\xc2y\xab\xe6\xad\xcd\
\x11e\x04P\x9bhE\xfc\x1f\xae\x0a\x22\xe7\xfb\x9f\xff\
\xf9\x9f\x8e\xc6\x15~\xdeE\xbea\xc6H\x95\x95!\xac\
\xfe\xcc\x8bN\x0f\x86\xdb\x07\x08\xe1.N\x8e\xd3\x9b?\
\xc1\xe6\x8d\x9b\xe9\xe9\x0d\x133WZJVi\x99\xaf\
\x12\xd1\xd5\xe4USh\xc7\xb6\x1d\xb4mk[)\xc5\
\x03\x7f\xc8Ql\xed\xb2|\x12\x01\x8ep\xfe\xbc\xc1T\
4\xde\x90\xfb\x99\x7f\xca>(\xb8\x02b\xbeW\xca\xa9\
\xb4\xee[w\x7f\xe6-E\x93\x8e\xf9*\xbb\xd3@\x19\
\xebYy,\xab\xf1U\xe3\xc3\xb2r(*\x80\xe7\x0b\
b-9\xd9\xe3\xd2p\xc3\xfd\xb2=\xd5\xd2xc\xfa\
2;e\x1f\x18Di\xb8\x12\x92\xa8\xb0 \xbb_5\
\xfe:sV)\xcd\xc4b\xd0T\xd6[\xc9J\xae\xcf\
4\xb0\xc8\xea\xee\x8a{\x12\x92\x94\x00OPO\xc1\xd4\
.\x11\xe0\x86\xbe\xb2=\xd5\xaa\xf1\x06\xdd\xc9\x1c\x90}\
p\x10\xfe677\xdb\xbak=\x12\x1b6m\xa0\x1b\
\xd7\xdc\x94\xfe\xd2\xf2cr=\xd9\xa8*\x95\xf7\x07\xca\
\xcaWYe\xc5\xa2\x02\xb7\x06o\xd3S\x1cf\x01E\
\x02W\xff\xac\xe0\xfb\xa2\x84\xe1\xbf\xfe\xeb\xbf\xf4q\x81\
\x8f20\x9cp\xa7l?\xb5i\xbcQ\xc72U\xb2\
\x0e\x8c\x19,C\x83\xbf6\xd6\xbb\xd3\xe3\xb1iK\xf8\
~\xac\xf5\x9b\xd6\xd3O\xea.\x0b\x0f\xfct\x93V&\
\xe6\xabR)\xabd\xa6\x80)\x92\xd5\xcf\x0a\xaf\xa6\xcd\
\xdb6\xd3\x8e\xedmed\x07<\xcf\xf3\x9dw\xde\x91\
>\x0e\x0d\xe0\x84ce\xfb)b\xe3\x0d\xbb\x8a\xd9\xeb\
\x83\x83Do\xbc\xf1\x86~\x897\x91{\xadp\xcbC\
\xfd\xa6z:\xbd\xfa\xcc\xf4\x92\x96\x92U\xfa\xe4\xab\x22\
\xc9\x8a?\xfeh\xe9\x05\xd4\xb4\xad\x89v\xee\xd8\x99\x90\
\xac\x90dGm\xa2\xec\xf1g\x00\x17\x5c%\xdbKQ\
\x1bo\x5c\x17f\xae\x0f\x0e\x94\x1e\x06\xe3\xd6\x9dD\x84\
%\xa4U\xbd\xa5\x9a\xbeW\xd1'=n\x94\xce\xd4\xe4\
z\xa6\xc9jf \xaa\xacN\x9a?\x90\xd6lY\x93\
\xb0\xac\x90\x0a\xc1\x85'\x99S@\x0bpA\x17\xd9^\
\x8a\xd9x\x03\xcff\xde\xf6\xc1\xc1\xd2kO\xb0\xacr\
,1Y\xa30s\x01\x1e\x8a\xf4*6WP7\xed\
\x18\x7fKK%\xd7\xfd\x91\xafJBV\xbd\xe7\xfe\x0b\
Uo\xaa\xa6\xdd;v\xb7\x91\x100\x7f\x1e\x0d\xfc\x81\
F\x92]\xf6\xb83\x80\x03\xce\x96\xed\xa3\xb8\x8d7\xb2\
#3\x9e\xf9\xa7\x0f\x0eZ\xcb\x13w\xac2\xb2}K\
\xc3\x96\x1d\xba\xb4\xf4H\xcbo\xd3\xc3t]iA\x08\
+\x15U\xec\xe9\x92\x5c7\xc9\xea\xe4\x05\xa7R\xf5\xc6\
j\xda\xd5\xbc+\xae\x94\xa2!\x96\x8c\xf9\xef\xff\xfeo\
?\xf0O\x06\x8b#\xb8\xf3`\xd4T7\xde\xd8\xde\xcc\
z\x1f\x1c8\x1dq\xe50\xdam\x0b\xf1\xd8\xbeu;\
\xd5m\xad\xa33\xaa\xcf\xf2\x8f\xb4\xd25_\x95\xca\xe2\
P?N\x01c\xc9\x8a\xf9\xd1\x92\x0b\xa8ak\x03\xed\
i\xde\x93\xb0\xac\xc4CPe\x8f3\x13\x18\xfb\xbde\
{\xc8Q\xe3\x0d\x1e\xcc|\xe4\x83\x83\xa7\x83+\x87\x08\
\xab\x13\x11\x96\x90V\xc3\x96\x06\xba\xb4\xee\xf2\xb00d\
\x16\x97z%+\xb7\xf3U\xa9\xba?\xd0\xaf\xf9\xaah\
\xb22\x84uu\xd1`\xda\xb8}cR\x91\x95\xb8\x22\
({|\x99\xc0\x98\x1f,\xdb?\x8e\x1botg&\
\x8b9\xe4\x83\x83\xa8\x83eaQ\xa3bGP\xe6\xfb\
\xb1\xc4\xe7\xa88\xc6\x15\x9c\xa1\x0d\xc3\xe4\xad\x0d\x9f\xae\
\xc9u?\xca\xca\xeb|\x95IV\xb7\x05o\xa7-\xdb\
\xb7$%+\xa4:\xf0\x87X\xf6\xb82q\xc8\x18\xf3\
\x9de\xfb'\xa1\xc6\x1b>\x80i\xf6\xc1\x81\xd4AN\
\x0bWQ\x84\xb4\x12\xb9\xdd\x01\xd2\xda\xbcu3\xdd\xb5\
v\x94\xf7\xb7\xf1\xf81_\xd5\x1eee7\xaa\x8a\x22\
\xab{*\xee\x0d\x97 4\xeft,)\x94-\x08Y\
\xe1\x0f0\xfa\xf5\xfb\xef\xbf/}l\x19\xdb\x80\xb1\xee\
\xfeCQ\xbdl\xbc\x03\xc3\x99\xcf\xfdrP\xcd\xd2\xb2\
\xde\xca \xb0{\xfb\xc3CM\x0f{3=\xf4k\xbe\
\xca\xafO\xb6\xf1S1\xa89g5\xa3\x13=Z\xfd\
\xa8.\x9d\xdd;w\xeb\x1f\x13\xc1*+\x9f\x801>\
\x5c\xb6o\x92n\xbc\x13G3y\xcca\x1f\x1c\xd4\x96\
\xbfFX\x1fH\xdc\xc6\x90(\xcd\xdb\x9b\xe9\xb9\x8d\x93\
\xc2R\xd1\x02\xa9I\xc6g\x82\xac\xfc\x12UIL\xae\
CVY\xab\xa7&%*!+\xdc\xd0\xec3Y\x1d\
6\xc6\xf8\xd1\xb2}\xe3J\xe3\x1d9\x99\xd9\xe5\x83\x03\
\xdb\x02\x22\xad\xd7^{-!Q\xe9\xa2\xdb\x11\xfe\x88\
\x22\xbf\x82\xad\xcb\xe8\x84\xe5\xdfu?\xda\xf2k\xbeJ\
\xc9\xca\xd1\x14\xb0o^?*\xdePB/\xec|!\
iY\xe1\x0e\x0e\x9f\xc9\x8a\x8c\xb1}\xb2l\xcf\xb8\xda\
x\x87n`\xf6\xfa\xe0\xe0\xb6\x91V\xa4H\xcbv\x85\
\xf1\xf6\x1dz\xb1_\xe3\xf6F\xbaf\xcdu\xee\xe5\xb5\
\xfcZ\x0c\x9a\x8e\xb2\xf2*\xb9n\x15\x16GU7\x95\
\x0e\xa5u[\xd7\xd1\x9e\x9d{\xf4\x9cU2\xb2B*\
\xc3\x87\xb2\xc2\x98\xbeA\xb6_\x5co\xbcS\x01\xe6\x19\
\xe6\x1b\xb7\x0e\xd6\x07\x1f|\x900\xe2\xf7\xc5\xf4\xd0n\
5\xb1\xf8\xb9H\xb7E \xeazt\xd3c\xc9O\x11\
\xfd\x92\x5c\xf7\xcb\xe2{~O\xaeG\x9a\x022\x13W\
M\xa4\x9d\xbbv\xd2\x9e]{t\xe1$\x0aJ\x17\xc4\
40\x99>\x9f\x02\xbea0\xa6\x03\xb2\xfd\x92\x92\xc6\
;\xd7\x8b\xa9\xf3\xc1\x81n\x05:\x02Bmq\x05&\
QD2\xb5p{\x11\x9d\x10J`\x8a(3_\x15\
KZ~\x95\x95\xec\xe4\xbau\xfag\x08\xeb\xfby\xfd\
\xa9\xb4\xa9\x8c^\xdc\xf5bR\xa2\x12\xb2B\x82=\xd9\
?\xd0)\x02c\xb9\x97l\xaf\xa4\xb4\xf1\x0e^\xc8\xbc\
\xeb\x83\x83\xdd\x0at\x08\xfc\x15\x8b$-\xf3\xf7\xec\x84\
\xef\xc8U\xac\xdb\xb9\x8e\xaem\xf8\xb9\xfd)\xa2\x1fd\
\xe5\xa7\x87E\xf85_\x15MVFT\x85)\xe0\xfa\
m\xeb\xc3\xb2\xda\x99\xd1\xb2\xc2\x18\xbeP\xb6O<i\
\xbc\xa3w3\xff\xf0\xc1Ao#-t\x10t\x94d\
\x92\xa3\x22\xd2j\xde\xd9L\x8fo|\x22\x5cd\xea\xc7\
\xe4z&\xca*\xd5\xf9\xaaH\xa22\xf2U\x13k'\
\xea\xe7\x1e\xf9*]VI\x08\x0b7\xed\xa3(\xd4\xa7\
\xb2\xc2\xd8\xbd[\xb6G<k\xbc\xb3\xdd\x98\x5c\xe6\x90\
\x0f\x0e~\x1b\xf0@\x0bt\x98d\xa5%\xa2\xad\xf2\xed\
A:\xab\xe6\x87aqY\xe5%+\xb9\x9e\xae\x8f\x8d\
\x975\x05\x8c2\xfd\x03?^z!-\xdfT\xe1\xca\
\x14\x10\xe0\xde@\xdcn\x83\xbe\xf8\xd7\xbf\xfe\xd5o\x1c\
b0v\xbb\xc9\xf6\x88\xa7\x8dw\xba\x0fS\xef\x83\x13\
\x10\x11\xdcL\x8a;\xe0\xdd\xe8\x80\xe8\xc8\xdbwo\xa7\
\xc77=qDZe.\xca*\x99)\xa0\x9f\x9el\
\x93N\xb22\xa2\xaa'k\x9e\xa4\xed\xcd\xdb]\x99\x02\
\x82\x97^zI_uAv\xff\x8f\x01\xc6l\x1f\xd9\
\xfe\x90\xd2x\xc7\x071o\xf8\xe0$D\x04k\x0ba\
\x8d!7\xa4%\xc4U\xdd\x5cC\x97\xd7]\x19\x96N\
4q\xa5C\xbe*]\x92\xeb\xc9\xe6\xab\xa2\x5c\x01\x1c\
\x5ct\x0d\xd5n\xae=\x22\xaa$\xa7\x80@\xacg%\
\xbb\xdf\xc7\x00cu\x90loHm|\x00\x863{\
}p2\x22\x82Z-\x94=\xb8%-\x5c\xe2\xc6\xa5\
\xee\xb9\xdb\xf2\xe8_*\xfa\x86%d\x96U\x89\x09\x95\
\xaf\xf2\x87\xac\xc4\xe7,\xaa\x1f,8\x99\xe66\xe4\xe9\
5U\xadrUI\x0a\x0b}\x0c}Mv\x7f\x8f\x01\
\xc6h\xfa\xdfz\x93l\xe3\x83\x10`&0\x07}p\
R\x22\x22\x92\xf1\xc8k\xb9\x19mm\xd9\xb9\x85\x1e\xd9\
4\xa1\xb5\xa8Tr]~r=B\xae\xaa\xe3\xcc\x00\
=V\xf3\x18mi\xdeB/\xec~\xc1\x95\x88J\xff\
\x03\xc6}J\x5c\x09\xf4\xba_\xff\xcf\xff\xfc\x8f\xdd\x9f\
\xc1\xd8\x9c\xf0\xc1\x07\x1fdf\xbd\x95\xd3\xc6\x07\xe3X\
&\x9f9d\xe7 \xca:\xb1X\x08\xd0\x9c\xd7\xc2\xd5\
\xc4D\xd9\xb5;\xfc\xfb/\xed~\x89V7\xaf\xa6;\
\xd7\xfe*,\x9ex\xb9\xabxS@!\xach\xe2J\
Ur=S\xf3U,\xab\xbb\x96\x8f\xd2\xefd\xc0\xb9\
J\xe6\x9c[A\xbe\x0a\xb9R\xd1\xc7|\x0a\xc6d>\
\xe3\xcf'\xdf\xc8j|@\xfa25>8A1A\
\x8e\x01\x0f\xa8t\xb3\xe3\xe2/6\x06\x03\xf2[7\xd7\
\xdd\x12\x96M\xb4(+\x9e\xac\xa2EZ\xed!_\x95\
\xac\xac\x84\xb0\xb2\xc3\xa2\xba#8R\x7f\x10\x09\xce\xcd\
\x0b\xbb^\xa0\xdd\xbb\xdc;\xe7\xe8CxX\x84\xec\xfe\
l\x03\x8cI\x7f=\x04\xd5/\x8d\x0f\xcci\xccv\x1f\
\x9c\xa4\x98\xa02\x1eE\xa6\x08\xe7S!\xae\xaa\xe6j\
\x1aV7<,\x9axSA\xd9\x0f\x8b\xc8\xb4|\x15\
\x8b\xea\x17\xe5\xb7R\xd5\xa6*zi\x97IT\x82$\
\xcf\xb1y\x0a(\xbb\x1f\xdb\x00c\xf14\xd9^\xf0u\
\xe3\x03t\x11\xf3\xa6\x0fNVL\xc4\x14\x11a\xbd\x9b\
\xd2\x12\xe2\x02\x88\xb8\xeej\x18\x15\x96\xcc\xb2(\xc2R\
\xb2\x8a/\xab\x1c\x131D\xf5\xdb\xca\xdf\xe9\x11\x958\
\xfenFT\xe0\xe5\x97_N\x87)\xa0\x00c\xf0\x22\
\xd9>H\x8b\xc6\x07j\x08\xf3\x81\x0fNZ\x5c\x10\xd6\
\xe3\x0a\x8f\x1b\xd1\x96\xf95\xf0\xf9\x8b{^\xa4\x97\xf7\
\xbcL\xebv\xad\xa3\xf1\x1b\x1e\xa1c\x8a\x8f\x0fK\xc9\
\x8be\x8d\xfd\x22\xabd\x93\xeb9\x81\xb6\xc22\x89\xab\
W\xde\xf7h|\xcdxZ\xbb}\xad~\xacq\xcc\xf5\
\xf3\x90@D\x85\xdf\x8b\x06VZ\xc0U\xc0\xff\xfd\xdf\
\xffM\x07>`\x86\xc8\xf6@\xda4\xfe\x0b\xd4\x91\x0f\
\xd8h\xe6S\x1f\x9c\xbc\xb8\xe0/&\xaa\xe3\x11m\xc5\
\xea\xb4\x89\x22\xc4\xb5m\xcf6\xca\xde\x9cC\x17U^\
\x12\x16\x92YZ\xb1\xae\x08\xfa5_\x95JYE\x12\
U\xcb-6\x9d\xe8\xb2\xc2\xcbiNc.mm\xde\
J/\xedy\x89^\xdc\xcd\xa2\xda\xed\xfe\xb9CT\x85\
\xaau\xf4\x11\xd9\xfd\xd4&\x9f\x1ac/=\x1e\xd1\xe5\
\x97\xc6\x07\xac3\xf3 \xb3\xcf\x07'\xd1\x16b\xf9e\
\xdcZ\x91Jqa`U\xef\xa8\xa1{\x1a\xee\xa5\x1e\
K\x8f\x0bK(\xda\x95A7\xd7\xb0\xf2Kr\xddn\
T%>7D\xf5\x9d\xb9\xdf\xa5?\xae\xbc\x8f\xaa7\
W\xeb\xf5p\xadD%p\xe9\x5c\xa1\x0f`\x05\x904\
\x8a\xaa\xc8\x18k\x18s\xe9\xf9\x10\x09\xd9\x8d\x0f\xdcQ\
\xcc\x04f\xbf\x0fN\xa6-Dn\x0b\x7fYS!-\
\xb3\xbc^\xd9\xfd\x8a\x1eu-\xd9\xb6\x94F\xac\xba\x99\
\x8e*\xe8\x16\x96\x8e\x93E\xf8\xfc6\x05tKV\xc6\
\xd4\xaf\xfb\x9cc\xe8\xb6\xd0\xed\xb4tC\x01m\xdb\xb5\
\x8d^y\xe1\x95\xf0\xb4\xcfeA\x99A\xc5:\xfa@\
\x1aEUd\x8c1\x8c\xb5\xa3d\x8f\xfb\xb4n|\x00\
\xbb2\x13\x99/}pRm#\xae$\xa2n+\xd5\
\xe2B\xd4\x056\xef\xdeL\x8b6\xe7\xd3\xf0\xda\x11\xd4\
\xad\xe0\x98\xb0\x88\xec\xac\x18\x9aoAf\xbe*\x96\xb8\
l&\xd5O\x98\xdb\x93~\xa1\xddJ\xf9\x1b\x16\xd3\xd6\
\x9d<\xe5{\xe1\xa5p~\xca\x1aM\xb9,,\x9ck\
q\x05\xf0\xc3\x0f?L\x1b\x8c\xb1\x851\xd6U\xf6x\
\xcf\x88\xc6\x07\xb2\x07\x93\xc5\x1ctp\x12\xfc\xd0\x11\xf4\
\xba\xadTN\x13\xa3\xc9k\xdb\xeem\x14\xdc\xa6\xd1\xc3\
k\xc6\xd0\xb9\xdaya\x11\x89h\xca:-\x8c%\xab\
\x85\x16R\x19Y\xc5\x93\xd5\x1c\x13\xe6)\x1fs~\xc1\
\x8fiL\xcdX\x0an\xd4\xf4H\x0a\xd3\xbd\x97wG\
\x91\x94\xcb\xc2\xc2\xb9\xc59\xc6\x05\x18?\xf4;\x87`\
Le1=d\x8f\xf3\x8cj|@\x8fe\xb2\x99\xaf\
|p\x92\x1d\x81\xab\x89\xb8\x9c\x8db\xc1TKK\x0c\
D\xc8KL\x1b\x91\xafihn\xa0\x85\x1b\x17\xd1\xef\
\xeb\xee\xa6\x7f-\x1d\x14\x16\xcc\xa2\x08\xd1\x95YZv\
E\x95JY\x99%e\xcaIAP\xbf\xaf\xbc\x9b\x16\
\xae[\xa4_\xe1\xc3}}\xaf\xecyE\x17\x94.)\
\xdeg\x9d\x14IJ\x80s\x8a\xd5\x15p\x8ee\xf7\xb3\
\x04\xf8\xca\x18S\xaa\x8a=\x15\x8d\x0f\xec\xf1\xc6\x01\xb6\
\x1di\xf9\x09\xb1\xd6V\xaa\xf3[\xb1\xa2/]`\xfc\
\xf5\x86]\x1b\xa8t[\x19=\xbe\xf6\x09\x1a\xbar\x18\
\x9d^rf[\x09Y\xa3\xabH\xe2\x9ao\xc1*\xaa\
<\x0bv\xa7\x80\x86\xa0:\xce\xeeLg.=\x9bF\
\x84n\xa6'W?Ie\x9b\xcbi\xc3\xce\x0d\xbax\
\x90\x8fj)E\x88\x15E\xa5@T\xc8S\xe1\x5c\xe2\
\x9c\xca\xeeW\x09r\xd0\x18K\xc7\xcb\x1e\xd7\x19\xdd>\
\x0cGZ\x08a\x0f\xf8\xe0\xa4'\x04r\x1cXMR\
\x86\xb8\xda\x08\x8c\x07=\xd8\xbdg7557Q\xd5\
\x8ej\xca\xdb8\x8f\xc6\xad\x19O\xb7U\xdfN\x97\x04\
/\xa5\x13\x0b\x7f@\x1d\xe7wn-\x22\xb3\xa0\x22\x89\
j^\x04A\x99\xc54\xe7\xc8T\xafs\xee\xd1tb\
\xfe\x0f\xe8\xb2\x92+\xe8\x8e\x15#\xe9\x91U\x13h\xee\
\xba<\xaa\xdaRMM;\x9a\xf4\x1a'\xb1\x9d\x8e\x04\
\x95\xa22\x05?\x8a\xea\xa3\x8f>r\xf2s\x07\x8c1\
\xa4\x22+/\x1a\x1f\xe8\x1e\xccDf\xbf\xdd\x13\xe5\x17\
\xb0\xbdb\x9b\xa3\x89\x0b9\x91T\x13\xe9}\x90\x9c\x06\
B\x0e\xaf\xeeyU\x9ffa9\x9c\x8d\xcd\x1b\xa9a\
G\x03\xad\xda\xb1\x8a\x96o\xab\xa0\xfc\x8d\x8bi\xea\xba\
i\xf4X\xfdc4v\xf58\xba\x7f\xd5\x03t\xef\xaa\
?\xd0o\xaa\x7fKwV\xfd\x8a~]u\x97\xfe\xf9\
\xbd\xb5\x7f\xa0\x07j\x1f\xa4q\xab\xc7\xd3\x13\xf5O\xd0\
\xf4\xb53(\xbfi1\x85\xb6,\xa7\xda\xad\xb5\xfak\
n\xdc\xb1Q\x7f\x0f\xbc\xd7\xab/\xbc\xda\xf2\xbe\xc8C\
a{^\xd8\xf3\xc2\x11<86\x910GT\xe2\x1c\
\xa6)\x183\x13\x19\x95\xb3\xf2\xb2\xf1\x01\xef\xc6L`\
\xf6\xf9\xa0\x13$\x85\x98*\x22\x1f\x22k@\xb6\xb0\xc7\
\x82q\x9b\x8a.\x0f\x03\xc8D\x00\xb9\xe8\x92\xb1\x89\xf9\
w\xcd\xaf)\xde\xa7\x0d\xd6\xed\xf1\xf8x\xe0\x9c\x88\xe5\
\x8ae\xf7\x13\x17\xd8g\x8c\x99\xf6\xb5\xbc\xb1_\x1a\x1f\
\xf8\xa3\x99\x07\x99\xcf|\xd0\x19\x92\x06u;H\xce\xe3\
V\x1f\x5c\x22\x97.\xafv\x0a\x8e=\xce\x81\xb8\xefO\
v\xbfp\x89\xcf\x8c\xb1\x92\x19\x8f\x93O\xd7\xc6'\xa0\
\x0b3\x8a\xf9\xab\x0f:\x85+\xe0\x8a\xd3{\xef\xbd\xa7\
WJ\xe3v\x1f\xd9\x03\xb8\xbd\x80\xa99j\xe7p\xec\
q\x0ed\xf7\x03\x17\xf9\xab1F\xba\xc8\x1e\xaf\xaau\
\xd0\xa5\xd5\x91\xb9\x81y\xd3\x07\x9d\xc35\x90\xe7B\x01\
*\xa6\x8b\xaf\xbd\xf6ZZF]\xd8f\xbfa\xdd>\
\x1c[L\xfbD\xc1\xe7\xde\xbd{3\x06cL`l\
\xa8{\x03\xfd\xd6\xf8\x04]\xc4l\x97\xddIR\x81(\
BE%5\x12\xc0b\xe0\xc9\x1e\xfc\xe9\x0arS8\
\x968\xa68\xb6\xb2\xcfo\x8a\xc0XPK\xc4\xf8\xb9\
\xf1\x09:\x9d\xa9a\x0e\xf9\xa0\xc3\xb8\x0e\x22/\xe4U\
P\xac\x88\xe9\x8b\x90\x97\x22>8V\x90\x14\xa6|\x22\
7%\xfb|\xa6\x88C\xc6\x188]\xf6xT\xcdF\
\xe3\x13\xd5\x87\xc9g\xfe\xcf\x07\x9d\xc7\x13ya \x22\
j@\xceK\xb6\x18\xfc\x02\x8e\x85\x88\xa4\xc4\xb3\xfe2\
XR\x82\xff3\xfa~\xfb|v`\xba6>a\xc7\
2\x13\x98\x8f}\xd0\x89<\x91\x97XP\x109/\xdc\
\xdb\x86$\xb2li\xc8\x88\xa2\xb0\xef\xc8I\x895\xd3\
\xfd*\xa9\x8f?\xfe\xd8U\x8c\xbe\x8e>\xaf\x0aB\xd3\
\xb1\xf1\x89\xeb\xcc\x0cg\xdep\xbbs\xc8\xc0I'\xc7\
 E\xed\x10\xa6?B`\x18\xcc\x99\x14\x81a_\x84\
\xa0\xb0\x8f\xe2!\xa4\xd8w\xd9\xe7J\x02\xe8\xe3\xc3?\
\xf9\xe4\x13\xb5\x96U\xba7>\x91\x83\x985\xcc\xb7>\
\xe8XR0G`X\xab\x09\xd3$\xd4\x1a\x99%\xe6\
\xc7$\xbe\xd8&!'l3\xb6\x1d\xfb`\x8e\xa0d\
\x1f_\x89|k\xf4\xed\xf6\xfdD\xe6Lk|B\xfb\
0\xb9\xcc?|\xd0\xc9\xa4\x83h\x0d\x97\xf01\xe0\xb1\
*&r<\x88R\x84\xc8\x90\xfb\xc1\x94\xd2\x1c\x91\xb9\
]\xaa`~=\xbc\x0f\xc0{\xe2\xbd\x115a[\xb0\
M\xd86\x94w\x88\x15\x11R1\x9dJS\xd0\x97\xd1\
\xa7U\xbe*\x13\x1b\x9f\xd8\xee\xcc\xdd\xcc\xbb>\xe8l\
\xbeD\xe4\xc3\xc4\xea\xa9\x10\x05\xa6Z\x90\x06\xa2\x1a\x08\
\xe4\xad\xb7\xde\xd2\xafPB*\x90\x1b@-\x13\x80l\
\x10\x09\x01|.\xbe/~\x0e\xbf\x83\xdf\xc5k\xe0\xb5\
\xf0\x9axm\xbc\x07\xde\x0b\xef)\xee\xb9Tb\x8a\x09\
\xfa0\xfarw\xd9\xe3J\xb5\x146>\xc1\x1d\x99\x0b\
\x99\xd5\xcc\xd7\xe6N\xc0\xf3\x7fE\x1c\xacb\x8bT\xec\
\x1a\xe9fo3f\x11\xb9\xb9]\xb2\x8f\x8dG|\xcd\
\xacf.T\xc5\xa0\xed\xa8q\x07\xef\xc5'\xfd\x19\xe6\
c\x1ftB\x85\xc2\x0e\xe8\xab\xe8\xb3\xbdd\x8f\x1f\xd5\
$4>\xf1\x9d\x99\x1b\x98\xdd\xcca\x1ftH\x85\x22\
\x12\xe8\x9b\xe8\xa3\xe8\xab\xea*`{o\xdc\x09\x062\
y\xcc\xe7>\xe8\x9c\x0a\x85\x19\xf4I\xf4\xcd\x81\xb2\xc7\
\x89j>j\xdc!\xba2\xc3\x98f\xe6[\x1ftT\
\x85\x0f\xf9\xdb\xdf\xfe\xe6\x09\x9f\x84\xfb \xfa\x22\xfa\xa4\
z\x9a\x8dj\x91\x1bw\x8e\xfeL\x16\xb3\xd7\xa5\x8e\xe7\
Y'Wd\x0c\xe8{YL\x7f\xd9\xe3A\xb54h\
\xdcQ\xba0W3\xeb\x99\xaf}\xd0\x81\x15\xed\x03\xf4\
5\xf49\xf4=\xb5v\x95j\xce\x1aw\x9a\xde\xccx\
\xe6\x1d\xe6\xb0\x0f:\xb4\x223A\xdfB\x1fC_\xeb\
-\xbb\xdf\xab\x96\xc6\x8d;PG\xe6,f.\xf3\xb1\
\x0f:\xb7\x22\xb3@\x9fB\xdfB\x1fSuU\xaa\xb9\
\xd3\xb83\x1d\xc5\x5c\xc5T1\x07>\xfd\xf4SR$\
\x07\x06\xac\xecm\x90\x08\xfaP\x15\x83>u\x94\xec\xfe\
\xadZ\x866\xee`\xc72w2;\x99\xaf}\xd0\xf1\
\x15\xe9\x05\xfa\x0c\xfa\x0e\xfa\x90Z\x06F5o\x1aw\
\xb6\xbe\xcc\xfd\xccK\xcc?}0\x10\x14\xfe\x06}\x04\
}\x05}\xa6\xaf\xec\xfe\xabZ;l\xdc\xf1:2\xfd\
\x991\xcck\xcc7>\x18\x18\x0a\x7f\x81>\x81\xbe\x81\
>\x82\xbe\xa2\xf2T\xaa\xc9m\x9f\x86\xc5u\x223\x81\
y\xe3S\x1f\x89\xeb\xb3\xcf>SH\xc0\xe8\x03o\x18\
}\xe2D%*\xd5|\xd7p\x95\x87;\xe6@\xee\xb0\
\xe3\x99\x17\x98\xafd\x0f\x1c\x85\xe7|e\x9c{\xf4\x81\
\x81_|\xf1\x85\x12\x95j\xfen\xdcQ;2}\x98\
\xd1\xcc:f\xbf\x0f\x06\x92\x22\xb5\xec7\xce\xf5h\xe3\
\xdc+Q\xa9\x96~\x8d;\xee\x09\xccP&\xc4|\xc2\
\x1c\xf6\xc1\xe0R\xb8\xc3a\xe3\x9c\x86\x8cs|\x82\xec\
\xfe\xa6\x9aj\xae4\xee\xcc\xdd\x98K\x99\x99\xcc\x9f>\
S\xd3E\xe9|\xfe\xf9\xe7\x09a\x9c\xbb?\x19\xe7\x12\
\xe7\xb4\x9b\xec\xfe\xa5\x9aj)i\xdc\xb9\x03\xcc\x00\xee\
\xf8\xa3\x99\x1a\xe6c\xe6p\xa2\x83G\xe1\x19\x87\x8ds\
Uc\x9c\xbb\x01_|\xf1E@v\x7fRM5\xcf\
\x1aw\xfa\x1e\xcc\xc5L\x16\xf3\x0as\xc0\x07\x03S\xd1\
\x9a\x03\xc6\xb9\xc92\xceU\x0f\xd9\xfdF5\xd5\xa46\
\x1e\x04\x9d\x98>\xccP&\x8fy\x9d\xf9\xd2\x07\x83\xb5\
\xbd\xf2\xa5q\x0e\xf2\x8cs\x82s\xd3Iv?QM\
5\xdf5\x1e\x18\x9d\x99\xef3#\x98\x85\xcc\x9bJ^\
\x9eI\xeaM\xe3\x98\x8f0\xce\x81Z\x8eX5\xd5\xec\
6C^\xfd\x99\x9b\x99\x1c\xa6\x99\xf9\x1b\xf3\xed\x17_\
|A\x8a\xc4\xc114\x8ee\xb3qlo6\x8e\xb5\
\x92\x94j\xaa%\xdb\xf6\xed\xdb\x17\xe0\x81\xd6\x93\xb9\x98\
\x19\xc3T0\xef2_\xca\x1e\xfci\xc4\x97\xc61\xab\
0\x8e!\x8eeO\x1c[\xd9\xe7W5\xd52\xba\xf1\
@\xeb\xca\xfc\x80\x19\xc1Lbj\x98\xbf0\x7fg\x0e\
\xf9@\x0e\xb2\xc11\xd8g\x1c\x93\x1a\xe3\x18\x8d0\x8e\
\x99Z#]5\xd5d5\x1e\x80\x1d\x99\xee\x0c.\xb5\
\x0ff\xc61\xc5\xcc\xcb\xcc^\xe6@\x86K\xec\x90\xb1\
\x8f{\x8d}.6\x8e\xc1`\xe3\x98\xe0\xd8\xa8\xcas\
\xd5T\xf3k\xe3\x01z\x14\xd3\x8b9\x87\x19\xce<\xc2\
,b6|\x11\x9e\x16}\xc6\x1cd\x0e\xfb@8v\
9ll\xf3g\xc6>l0\xf6\xe9\x11c\x1f\xcf1\
\xf6Y-\x88\xa7\x9aj\xe9\xdex #\x0fv\x1c\xd3\
\x7f\xdf\xbe}\x970#\x99\xf1L6\x13d61\x7f\
f>d>g\x0e0_3\x87\x19J1\x87\x8d\xf7\
:`\xbc\xf7\x87\xc6\xb6l2\xb6-\xdb\xd8\xd6\x91\xc6\
\xb6c\x1f\x8e\xfb\xfb\xdf\xff\xae\xf2O\xaa\xa9\xd6\x9e\x1a\
\x0f\xfa\x8e<\xf8\xbb2H@\xf7c\x061C\x98\xd1\
\xccXf23\xdf\x10G#\xb3\x9by\x8by\x8fy\
\x9f\xf9\x88\xf9\x94\xd9\xcf\x1cd\xbe58h|\xefS\
\xe3g\xde7~\xe7-\xe35\x1a\x8d\xd7\x9co\xbc\xc7\
X\xe3=\x87\x18\xdb\xd0\xcf\xd8\xa6\xae\xd8F\xd9\xc7I\
5\xf9\xed\xff\x01.kq\xac\xc6\x01\xd9(\x00\x00\x00\
\x00IEND\xaeB`\x82\
\x00\x00`w\
\x89\
PNG\x0d\x0a\x1a\x0a\x00\x00\x00\x0dIHDR\x00\
\x00\x01,\x00\x00\x01,\x08\x06\x00\x00\x00y}\x8eu\
\x00\x00\x00\x01sRGB\x00\xae\xce\x1c\xe9\x00\x00\x00\
\x04gAMA\x00\x00\xb1\x8f\x0b\xfca\x05\x00\x00\x00\
\x09pHYs\x00\x00\xa6\x17\x00\x00\xa6\x17\x01\x08\xbb\
g\x97\x00\x00\x00\x10tEXtTitle\x00\
red LED onem\x1a:\x00\x00\
\x00\x19tEXtSoftware\x00p\
aint.net 4.0.12C\
\x04k\xec\x00\x00_\xcbIDATx^\xed\x9d\x07\
\xbc\x1c\xc5\x9d\xe7\x9f\x08^\xc0\x87\xedc\xed[l\xc4\
\xda\xec\xae}k\x9f\xf7\xd8\x84\xf1\xda\xeb\xb5\xcf\xbe\xb5\
\x0fvA\x22\x88 \x82\xb0\xc1\x80\x01#\x90d\x82\x91\
@9 \x09\xe5\x8c$\x94\x03\x0a(\xe7\x9c#H\x88\
(\xb21\x88\x8cA,HzOu\xbf_M\xd5S\
M\xbf\xff\xf4\x9b\x9e\x9e\xee\x09\xaf\xea\xf3\xf9j\x82&\
tW\xfd\xff\xdfWU]\xddS\xe3K\xd3.\xb3g\
\xcf&\xcd\xc0I\xe04p\x068\x1b\x9c\x0f\xda\x80;\
@\x170\x04L\x06\x8b\xc1\x16\xf0\x14x\x01\xbc\x0a\xde\
\x04\xef\x82\x8f\xc0\xa7\xa0\xd6\xc0\xfb|\x8e\xff\xc7\xd7\xf0\
\xb5|\x0f\xdf\xcb\xcf\xe0g\xf13\xf9\xd9\xfc\x0e~\x17\
\xbf\x93\xdf\xcdm\xe0\xb6p\x9b\xb8m\xdcF\xb3\xd5\xbe\
\xf8\xe2KU\x17&;8\x1e|\x014\x07\xdf\x07W\
\x80v\xa0/\xa08V\x81\xa7\xc1\x1b\xe0}p\x10\x1c\
\x02G\x81J\x18~\x07\xbf\x8b\xdf\xc9\xef\xe66p[\
\xb8M\xdc6n#\xb7\x95\xdb\xccm\xe7>p_\xb8\
Of/}\xf1\xc5\x97\x8a*L^\xc3\xe7\xc0\x97\xc1\
wA\x0b\xd0\x1e\x0c\x07\xcb\xc1~\xf0\x1e`\x0f(\x0d\
\x19\x15\x0bn+\xb7\x99\xdb\xce}\xe0\xbep\x9f\xb8o\
\xdcG\xee+\xf7\x99\xfb\xae\xeb\xc1\x17_|)\xa3b\
\x12\x93\xc3\xa5S\xc0\x99\xe0g\xe0N0\x1e\xec\x04\x07\
\x00{-u@\x92@5\xc0}\xe3>r_\xb9\xcf\
\xdcw\xd6\x01\xeb\x82u\xc2\xba\xf1CJ_|I\xbb\
0\xe9\x0c\x9c\xd7\xf9\x06h\x09:\x839\xe09\xf0'\
P\xcdr\xca\x17\xd6\xc1\x87\x80u\xc2\xbaa\x1d\xb1\xae\
Xg\xac;]\x8f\xbe\xf8\xe2K\x91\x8bI.\xce\xd5\
p\x02\xfa\x5c\xd0\x16L\x07\x1c\x16}\x02\xa4\x84\xf54\
\x84u\xc5:c\xdd\xb1\x0eY\x97\xacS?\x0f\xe6\x8b\
/q\x0a\x13\x08\x9c\x008\xb9|\x11\xe8\x076\x82w\
\x00\x8f\xc0I\x09\xe9\xc9\x1f\xd6!\xeb\x92u\xca\xbae\
\x1d7\x9f5k\x16\xeb\xdc\xb4\x82/\xbe\xf8\x92\xb3\xcc\
\x993\x87\x9c\x00\xbe\x86\xa4\xe1\xf0e\x18\xd8\x07|/\
\xaa\xc8\xa0\x8e\x83\x8f?\x01\xfb\xc00\xd0\x12|\x0d\xb0\
-L\xeb\xf8\xe2\x8b/VR\xc7\x81\xd3\xc1\x05`\x10\
\xd8\x03\x98@:\xb1<\xa9\xc3\xbag\x1b\xb0-\xd8&\
l\x1b\xb6\x91i5_|iB\x85\x81o\xf8<8\
\x17t\x07\xbb\xc0A %\x90\xa7t\xb0M\xd86l\
#\xb6\x15\xdbL\xb7\x9f/\xbeTu1\x81~<8\
\x13\xb4\x01,o\x81\xa3@J\x16O\xf9\xc06b[\
\xb1\xb0\xed\xd8\x86lK\xd3\xba\xbe\xf8R\x05e\xea\xd4\
\xa95s\xe7\xce\xa5\xa8N\x06?\x00}\xc0\x93\xe03\
 %\x86\xa7\xfca\xdb\xb1\x0d\xd9\x96?@\xfb\x9e\xcc\
6&\xbe\xf8R\x91\xc5\x060\xf8\x12\xb8\x00L\x05o\
#\xc0\xeb{Sx\x5c\x15T\xd3\xbeD\xe4(x\x1b\
\xb0m\xd9\xc6lk/._*\xa7\x98\x80m\x06N\
\x07m\xc0R\xf0\x11\x90\x02\xdeS=\xb0\x8d\xd9\xd6l\
s\xb6=c\xc0D\x85/\xbe\x94Yap\x9a =\
\x0b\xb4\x03\xdb\xc0g@\x0anO\xf5\xc26g\xdb3\
\x06\x18\x0b^\x5c\xbe\x94Oa0\x9a\xa0\xfcK\xd0\x01\
\xec\x05G\x80\x14\xcc\x9e\xa6\x03c\x80\xb1\xc0\x98\xf8K\
\x0c\x9b\xbd\xb8|)]y\xec\xb1\xc7j\xe6\xcd\x9b\xd7\
\x0c\xb7\xcd\x11\x88m\xc1\xe3\xc0\x8b*!P\xcf\xe2\xf3\
\xe5\x0e\xb6\xfb\x08x\x1c\xb4e\xac\x00\xc6\x8c\x89\x22_\
|I\xb80\xd8\x0c_\x05\xb7\x80\x1d\xe00\xd0I\xe5\
\xf1\xe4\x801\xc2Xa\xcc0vt\x1c\xf9\xe2K\x22\
\xc5\x06\x188\x15\xb4\x06\x9b\xc0! \x05\xa7\xc7\x93\x0b\
\xc6\x0cc\x871\xc4X\xf2\xe2\xf2\xa5\xb8\xc5\x04\xd5\xe7\
\xc0O\xc0,p\x10H\xc1\xe8\xf1\xe4\x0bc\x88\xb1\xc4\
\x98bl\x99h\xf3\xc5\x97\x02\xcb\xdc\xb9z\xc1'\xe7\
\x1c\xbe\x0d\x06\x82\xb7\x80\x14|\x1eO\xa10\xa6\x06\xce\
\x9b7\xef\xdb\xf3\xe7\xcfo\x86[\x13}\xbe\xf8\x92g\
a\xd0\x18\xbe\x02\xda\x81g\x11TG\x19`\xb8_\x15\
T\xd3\xbeT\x01G\xc1\xb3\x80\xb1\xc6\x98\xd3\xf1\xe7\x8b\
/\x8d\x16\x13,'\x82\x9f\x82e\xe0\x10\x90\x82\xcc\xe3\
)6\x8c5\xc6\x1cc\x8f1h\xa2\xd2\x17_\x02\x85\
\xc1ah\x0e\xba\x83\x03@\x0a*\x8f'i\x18{\x8c\
\xc1\xe6<\x17\x15\xb7&J}\xf1\x05\x85\x01\x01N\x02\
\x17\x82\x8d\xa0\x16H\x81\xe4\xf1\xa4\x05c\x90\xb1x\xe1\
\xfc\xf9\xf3O\x02&Z}i\xb2\x85A0m\xda4\
\xde\x9e\x85\xc0\x18\x04\xde\x07R\xf0D\x06\x9f\xe9\xa9P\
\xca\xac\xfd\xde\x07\x83\xc0Y@\xc7\xac/M\xb0\x98\xc6\
?\x01\x9c\x07\xb6\x80\xa3@\x0a\x18\x8f\xa7\xd406\x19\
\xa3\x8cU\xc6\xac\x89b_\xaa\xbe\xb0\xb1\x0d_\x06\x9d\
\xc0[@\x0a\x12\x8f\xa7\xdc`\xac2f\x19\xbb:\x8e\
}\xa9\xe2b\x1a\xb9\x198\x07\xb0\x1c\x02R`x\xc0\
\x82\x05\x0b\xb2\xe0s\x1c.qI\x04\xcf\x93\xe3u\xb0\
\xdc\x1fr\x985k\x96z\xf4\xd1G\xd5\xcc\x9935\
\xbc\xcf\xe7\xdc\xd7\xd8kg\xd9e\x15\xb9\xbe\xc7\x93\x13\
\xc6,\xcb9\xa8?\xc6\xb2\x89n_\xaa\xaa \x11\xc8\
)h\xe0\x1b\xc0~ \x05C\x93\xc3\x15\x05\x05bE\
D\xe1L\x9d:UM\x980A=\xfc\xf0\xc3j\xd4\
\xa8Qj\xf8\xf0\xe1j\xe8\xd0\xa1j\xd0\xa0A\xea\xa1\
\x87\x1eR}\xfb\xf6U}\xfa\xf4\xd1\xf4\xea\xd5\xab\x9e\
\x9e={j\xec\xe3\xde\xbd{\xd7\xbf\x8e\xef\xe1{\xf9\
\x19\xfc,~&?{\xec\xd8\xb1\xfa\xbb\xf8\x9d\x14\x1d\
\xb7\xc1J\xcd\xddF\x17i\x7f\x9a\x0a\xd8\xff\xfd\xe0\x06\
p\x0a0Q\xeeK\xc5\x176\xa6\xe1t0\x00|\x0c\
\x1a\x04\x7fSa\xe1\xc2\x85\xfa\x962\xa0\x14\xa6O\x9f\
\xaeE1z\xf4h-\x90\x01\x03\x06\xa8\x07\x1f|P\
\x0b\xa7G\x8f\x1e\xaa[\xb7n\xaak\xd7\xae\xaaK\x97\
.\x0d\xe0\xf3\x85\x90\xeb\xb3\xf8]\xfcNJ\x8e\xdb\xc0\
m\xe16\x8d\x193FM\x9c8Qo\xab\x15\x99\xdd\
\x17\xbb?M\x14\xc62c\x9a\xb1\xad\xe3\xdc\x97\x0a.\
\xb6\x11\xc1\xd9`!\xa8\x05R\xc3W%6\xa1\xf9\x17\
\x99='&\xfc\xf8\xf1\xe3\xd5\x88\x11#\xd4\xc0\x81\x03\
u\x8f\x87b\xa2(\x82\xf2(\x07\x822\xe3\xb6r\x9b\
\xb9\xed\xdc\x87G\x1eyD\xcd\x981C\xef\x1b\xf7\xb1\
\x89\x0a\x8c1\xcd\xd8f\x8c{iUj1\x8dw\x02\
h\x01\xf6\x02\xa9\xb1\xab\x0e+(\xf6D8\xbc\xe2P\
\x8b\xbd\x14\x0e\xc5\x82r\x0a\x0a\xa2R\xb0\xdbo%\xc6\
}\xe3>r_\xa7M\x9b\x96%0\xa9\x8e\xaa\x14\xc6\
8c\x9d1o\xb2\xc0\x97\x8a(l0p*\xe8\x00\
\xde\x02R\x03W\x056)9L\xe2\xdc\x0f{\x1d\xc3\
\x86\x0d\xd3I\xcc\xe1\x95M\xf0`\xd2W\x1bv\x1f\xb9\
\xcf\xdcw\xce\x8dq\xa8\xcb:\xb1\xf3`M@`\x8c\
\xf5\x0e\xd8\xcfS\x81\xc9\x06_\xca\xb6\xb0\x91\xd0`\xbc\
\xe5\x98~\x04\xf8/ 5\xac\x08\x03\xba\x92`\x22r\
H\xc4Iq\x0e\x938\xf7c{P\xc1\x84nj\xd8\
\x1e\x18\xeb\x84u\xc3:b]\xb1\xce\xa4\xba\xac\x22\xfe\
\x0b\x8c\x00\xa7\x03\x9d\x13\xbe\x94a\xb1\x8d\x03\xbe\x05\xe6\
\x80: 5h\xc5\xb2h\xd1\x22=\xd4\xe1\x11<\x0e\
\x7f\x98\x88\x1c\x12\xd9\x04\x0d&\xad'\x83\xad\x1b\xd6\x15\
\xeb\x8cu\xc7:d]\xb2N\xa5\xba\xaep\x18\xfb\xcc\
\x01\xe6\x82\x97V\xb9\x15\xdb(\xe0{`=\x90\x1a\xb1\
\x22aB\xb1\xf7\xc75L\x9c0\xf7\x92\x8a\x87+/\
.\xad\xe0\x10\x9auk\xeb:X\xff\x15\x0es\x819\
\xe1\xa5U.\xc54F3p\x1e\xd8\x07\xa4\x86\xabH\
8|\xe1\xc49\x8f\x88\xf1\xe8\x98\x1f\xee\x15\x17\xd6%\
\xeb\x94K(F\x8e\x1c\xa9'\xec\xabp\xc8\xc8\x9c`\
n0GL\xd6\xf8R\x92\x82\xbf\x88\xe4D4\xc4\xb5\
\xe0\x0f@j\xb0\x8a\xc1\xfe\x85\xe7\x11>\xf6\xa6\xb8\x0e\
\x89\x93\xc8^R\xe9\xc0\xbaf\x9d\xb3\xd7\xc5#\x8dl\
\x0f\x8bm\x9fJ\xc3l\xf7\x1f\xc0\xb5\xe0D`\xb2\xc7\
\x97T\x0b+\x1e\xfc\x19\xb8\x0d\xbc\x07\x1a4V%\xc1\
\xc0\xe2i,\x9c\x1c\xe6Q.\xdf\x9b*\x0d\xb6\xd7\xd5\
\xaf_?=\xd7\xc5\xe1\x22\xdbg\xf1\xe2\xc5\x0d\xda\xac\
\xc2`\x8e0W\x983&\x8b|I\xa5\xb0\xc2\xc1\xc9\
\xa0\x03\xf8\x10H\x0dT\xf60\x09(*N\x00sH\
\xc2a\x9fM\x9a`\x22\x95\x03\xdd\xbbe\xd3\xa3[\x17\
\xd09\x22]\x1a|\x8e\xf4]\xa5\xc6\xb6\x01\xdb\x84\xa7\
\x0e\xb1\x8d\xd8V\x15..\xe6\x0as\x86\xb9c\xb2\xc9\
\x97D\x0b+\x1a|\x1et\x04\x1f\x01\xa9a\xca\x1aW\
T\x9c\x9f\xe2\xa1\xf7`\xc2\x94\x0aID\x0ft\xe9\xa1\
\xee}\xa0\xb7j\xdf\xb1\xafj{\xdfC\xea\xe6\xbb\x07\
\xaa\xab\xdb\x0dW-~;N\xfd\xec\xe6\xc9\xea\xc77\
MS?\xfc\xf5\x0c\xf5\xbd\xebg\xa9\x7f\xfc\xd5\x1c\xf5\
\xddk\xe7jx\x9f\xcf\xf1\xff\xf8\x1a\xbe\x96\xef\xe1{\
\xf9\x19\xfc,~&?\x9b\xdf\xe1~\xa7\x15\x9b\xb4\x8d\
\xa5\x80\xe7C\xf2\x8f\x0a\xd7uU\xb8\xb8\x983\xcc\x1d\
\xe6\x90\xc9*_\x12)\xac`p*\xe8\x0e\x0e\x02\xa9\
A\xca\x1a\x06;\x83\x9e\xc1_JQ\xd9\xde\x8d\x15D\
\x97\xae\xdd\xd4\xdd\xf7\xf7V\xb7\xdd\xfb\x90\xba\xe2\xceQ\
\xea\xc77NU\xdf\xb9v\xbe\xfaJ\xabU\xaa\xe6\x82\
\xad\xaa\xe6\xe2\xa7UM\xab\x17U\xcd\x15\x7fT5W\
\xbe\xa5jZ\xbf\xabj\xae\xfe\x00\xfcI\xd5\x5c\xf3\xf1\
1\xae\xfd\x04\x1c4\xe0\xbe\xfb\x7f|-\xdf\xc3\xf7\xf2\
3\xf8Y\xfcL~6\xbe\x83\xdf\xc5\xef\xe4ws\x1b\
\xb8-\xdc&n\x9b\xddN\xbb\xdd\xd2>E\x81\xc3>\
\xe2\xde\xcf\x07\x8a\x8b=.\xb6!\xdb\xb3\x12\xc5\x85m\
>\x08\xba\x83S\x81\xc9._\x8aZX\xb1\xe0\x8b\xa0\
/\xf8Tj\x88r\x04\xdbZ\x0f\xe7C\x18\xec\x0c\xfa\
`\x02%\x8d+(>\xbe\xfb\xfe\x07\xd5\x0d\xbf\x1b\xa4\
\xfe\xfd\x96)\xeao\xaeZ\xa8\xfe\xac\xe5f\x88\xe3\xa9\
\x8cD\xaez\x1f\x82\xf9\x08\xc2\xf9/U\xd3\xe6\x90\xc3\
g\xe0\xd3\x86\xf0u\xf9 \xbdW\x7f\xa6\xf3\x1d|\x1d\
\xbf\x9b\xdb\xc0m\xc16q\xdb\xb8\x8d\xdcVn3\xb7\
\x9d\xfb\x10\x14\x98+\x96\xe0\xe3b\xc3\xa1\x22O\x18\xe7\
\x01\x12\xb7\x8d+\x88O\x01s\x899e\xb2\xcc\x97\xa2\
\x14V(\xe0_\x03V\xf0g@j\x80\xb2d\xc9\x92\
%\xfaP9\x8f\xfa\xf1\xf09\x13)-\x5cA\xfd\xae\
S\x1fuu\xfb\x11\xea\x9c\xebg\xabS/^\x0f\x11\
<\x83\x9e\xce\xdb\x99^\x8f\x96\x89\x95\x86\x11\x89+\x9a\
RP/4Gd\xdcVn3\xb6\xfd\xd4\x8b\xd7\xe9\
}\xb9\xa6\xc3H\x0c+\x1f\xd4\x12\xe9\xd9\x1dC\xd9\xee\
\xb2`\x0a\xa5{\xf7\xee\xf5\x04\x1f\x13N\xce\xf3\xa8\x22\
\x17\xa1\xb2\xad\xa5\x18(c\x98K\xcc)\xdf\xd3*V\
aE\x82\xcf\x03va\xf9WA\xaa\xf8\xb2\x83\xc1\xcb\
\xe1\xdf\x94)S\xf4\xa1r\x06{P(I`%u\
_\xe7^\xea\xa6\xbb\x07\xab\x1f\xdd8=#\xa8K\xf7\
g\x86b\x1c\xa6\x95\x9b\x9c\xf2\xa5\x81\xc4\xb0/\xad\xdf\
\xc1\xbe\xbd\xa0\xbep\xc9\x06\xbd\xaf\xbf\xb9w\xb0\xea\xd8\
\xa5w\xbd\xbcr\x09\xcc\x95N\xf0q\x14\xf8^.\x87\
\xe0\x22T\xae\x99\xb3\xf3[\x15\x04s\x8a\xb9\xc5\x1c3\
Y\xe7KA\x85\x15\x08N\x02\x1d\xc1'@\xaa\xf0\xb2\
\x84s\x1c\xbc\x82\x00\x83:\xe9\xa3~VR\xf7\xde\xdf\
SOh\x7f\xeb\xea\x85\xaa\xa6\xc5nUs\xe5\x9b\x99\
\xb9#=\xec2\xc39I\x04\x95\x8c\x16\x98\xd9?\xee\
+\xf7\xb9\xe5\x1e\xd4\xc1|u\x0dz\x94\xf7u\xee\xad\
z\xf5\xe8\xa6\x09\xca\xa6\xd8pN\x92\x07Q\xb8<E\
\x8a\x892\x86\xb9\xd5\x11\x7fd\x99k&\xfb|\x89T\
Py\xe4s\xa8\xc0\x0e\xe0# UtY\xc1^\x15\
\x87\x06\xe3\xc6\x8dK|\x9e\xca\xedI]\xdb~\xb8\x9e\
\xac\xaei\xf9Df2['\xb2\xe9A\x05\x13\xbc\xda\
\xb1=0\xdeg\x8f\xf2\xa2\xbd\xea;m\x16\xaa6\x1d\
F\xa8N]\xfb@\x5c]U\xcf\x1e\xb2p\x5c\xd8k\
\xb2\x04\x1f7\x86\x1d&\xf2\x94*\xc6\x04\xb1\xf1\x11\x85\
B\xde\x13\x83\x8f@\x07\xf09`\xb2\xd0\x97\xbc\x0a+\
\x0c\x9c\x00n\x03\x1f\x02\xa9\x82\xcb\x0a\x06\x17\xaf\x06\xc0\
\xa1\x01\x87\x09\x92d\x8a\x01\x0f\xf7\xf3\x96K\x02\xce\xbd\
\xfeQ\xf4\xa4\x1e7\x92:\xd8t%\x95\x8bzy\xa1\
nXG\x10\xfa\x0fn\x9c\xa5\xee\xec4PK\xabw\
\xcfh\x22\x8a\x02\xcfUd\x0f\x9b=m)^\xca\x14\
\xe6\x1as\x8e\xb9g\xb2\xd1\x97\xd0\xc2\x8a\x02\xcd@\x1b\
\xf0.\x90*\xb6lX\xbat\xa9\xeeUq\x85:\x87\
\x04I\x0c\xff\xdc\xde\xd4ew\x8c\xc9,5\xb8\xec\x15\
3\xdc\xf3\x92\xca\x0b+/\xd6\x19\xea\xee+\x97\xadQ\
W\xb4\x1b\xab\xee\xef\xf6 \xc4\x85!cOY<q\
`\xcf\x8c\x07Z\xd8\xe3fo\x8b\xb1\x22\xc5P\x99\xc1\
\x9cc\xee1\x07MV\xfa\x22\x16V\x90\xe1|\xf0\x1a\
\x90*\xb4\xac\xe0_P^AA\x12M\x5c(*\xc2\
#|\x5c\x9b\xa4{S\x9cd\xd6\x09\xf8Y\xc3\xa4\xf4\
\xe4\x87\xad\xbb\xab\xde\xd3\xbd\xae\xffs\xf3tuO\xe7\
~\xba\xc7\x95\x84\xb8\xd8\xdb\x1a2d\x88\x9e\xdb\x92b\
\xa8\x0ca\xee\x9d\x0f\xc1\xea|\xf4E(\x18RYY\
}\x0f\xec\x03RE\x96\x05\xfcK\xc9\xa3A\x9c\xa7\xe0\
\x5cU\xdc^\x95=r\xd5\xb5[\xe6\xa8S\xcf\xee\x99\
\xe7~\xfb\xfb\x01\xea\xef\x7f\xf9Xf\x09\x02\xd7&\xf9\
\xdeTq\xa9\xefu\xa1n/yN\xfd\xe3\xf5\xf3U\
\xdb\x8e\x83\xb4\xb4\x92\x10\x17\xe7\xb6&M\x9a\xa4\xd7\xe7\
1\x86\xca\x15\x13\xe3\xfb\xc0\xf7@\x0d\xf1\xc5)\xb6R\
\xc07\xc1z+\x85r\xc2\xdd&\x9e\xc9\xcf\xcb\x10\xb3\
\xcb/\x09\x88X\x09i\x11\x05\x1e\xe7\xc2\x1e\x86\xa7\xa8\
\xbey\xf5\x22\x0c]^Eb\x99e\x08R\xc2y\x8a\
C\xfd\x5c\x17\xea\xba\xd5\xcb\xea[\xd7,V\xbf\xbd\xaf\
qq\xb1\xe7d\x09>\xce\x85])\xcf\xb5yn|\
\x95)\xeb\x01s\xd2K\xcb-\xa6B\xbe\x0a\xe6\x00\xa9\
\xe2\xca\x06N\xac\xf7\xef\xdf_\x14S\xa1XQ\xdd\xd1\
q\x80\xfa_m\x16\xe8\xa4\xc9L\xa2\xfba_\xea\xe8\
:G\xdd\xa3\x0d\xbe{\xddB\xd5\xee\xfeA\xaaO\xaf\
\x1e\xaaw/Y@\x85\xc2i\x04N'H1Vf\
0'\x99\x9b&[\x9bxaE\x80S\xc1\x08P\x07\
\xa4J+9<\x0a\xc8\x1f5\xb0\xcb\x15$\xf1D\x85\
\x92\xe2\xfa\xa0\x0e\x9d\xfa\xaa\xb3\xaf\xc3\xd0\x8f\x8b;\xbd\
\xa8\xca\x03\xdd\x06\xe8q]\xfa\x82\x1e*\xde\xf5@\x7f\
-.I>\x85\xc2!\xe2\xe4\xc9\x93ulI1W\
&0'\x99\x9b\xccQ\x93\xb5M\xb4\xb0\x02\xc0\xf1\xa0\
\x03\xf8\x14H\x15Vrx\x14\x90\xddxv\xfb%\xf1\
\xe4\xc2\xae\xe9q\xef[(\xaa\x07\xba\xf6V?\xbfu\
\xaa\xd2'\xff\xda\x05\x9eR\xf2xJ\x87=\xb2\x886\
\xfa\xf9\xad\xd3T\x97\xee\x0f\xe6\xecm\xf1(q\xf0q\
c\xf0\x9cD^w\x8bG\x11\x97-[&\xc6_\xa9\
\xb0\xdb\x83\xdbOA\x87\xe5\xcb\x97\x1f\x8f[\x93\xbdM\
\xacp\xc79\xd1\x8e\x0ai\x01\x0e\xb8\x15T\x0ep[\
\x08On\x1d<xp\x03\x09\x11ID\x8da\x17-\
\xb6n?F\xd5\x5c\xb8#s\xf5\x02/\xaa\xf2\x87m\
\xc4\xb6\xbap\xa7\xba\xfawcU\xcf^\xbdU\x9f\xde\
\xb2\x84,\xec\x8d\xe7\x0b\x7f\x96\x8c?\xd5f\xe3\xae\x0c\
9\x00Z\x00\x9d\xbbM\xaa\xd8\x9d\x06g\x83\xbd@\xaa\
\xa0\x92\xc39\x86\x87\x1ez\xa8 1I\xf0\xb0\xf9\x9d\
\x9d\x06\xa8\xaf]\xb1B\xd5\x5cy\x00I\xc0\xc9^\x7f\
\xd4\xafb\xb0\xed\x85\xb6k\xdez\x95\xea\xd0y\xb0\xea\
\xdb'\x9a\x98\xc2\xe0\x1fF^\xd1C\x8a\xc52\x81\xb9\
\xca\x9cmZ\xd22;|:X\x00\xa4\x8a)9\xfc\
A\x02{\xa9bI>a\xd8\xa3H\xdd{d\x8e\x1e\
QT]\xbb\xf7V\xe7\xdd6E\x1f>\xcf\xccSy\
QU,\xba\xed\xd0\x86\x97>\xaf\xce\xbf}\x9a\xea\xd1\
\xab\xafz\xb0\x8f,\xa1\xa8\xf0Dy\x1e\xd8\x91b\xb2\
L`\xce2wM6Wy\xe1\x8e\x82\x93\xc1\x00P\
\x07\xa4J)\x19\x5c\xbe\xc0\xb52\x0c\x1eIBZD\
\x81\xc7a\xf0\xb0\xf8\xad\xbf\x1f\xa2\xbep\xc9\xfa\xcc5\
\x9e\xfc\xf0\xafz\xa0\xb8\xaezO}\xa9\xd5&u\xfb\
\xfd#\x8a&-N\xc6\xf3*\x1f\xee\xd4D\x19\xc1\x9c\
\x1d\xb0|\xf9r\xe6\xb0\xc9\xea*-\xd8\xc9\x9aU\xab\
VQX7\x80\x8f\x81T!%\x83\xb2\xe2i\x14\x9c\
\x7f\x88\x22%\x09\x8a\x8a=\xac\xf3n\x9b\xa4jZ\xbd\
t,\xc0\x83A_\x08\xfc\x9c\x5c\x9fE!\xd6\x13x\
M\xd8\xfb<\x85a\xeb\xb3\xd5\xcb\xea?n\x9f\xa2z\
\xf5\xeeS\x14q\xb1w?q\xe2D--\xe4M\xb9\
\xf11\xb8\x01\xe8\x9c\xae\xcabw\x0e\x9c\x03\xf6\x03\xa9\
\x22J\x06e\xc5\xa35<\xba#\x09(\x0a\x94U\xc7\
\xae}\xd5__\xb3,s*M\xdc^\x95+\x1a{\
_\x83\xcf\xbd\xee\xb0\xfaj\xdbC\xea\x07\xdd\x0f\xabK\
\x87\xd6\xaa\xd6#\x8f\xa8+\x86\x1f\xd1\xf7\xffO\xef\xc3\
\xea\xbb\xf7\x1dV_\xfc\x0dW\xc8\x1b\x81\xb9\x9f\xe3~\
\x87'\x1e\xacO\xb4\xf57\xaf]\xa6:v\xeb\x9f\x97\
\xb4x\x84\xd0\x12|L(-\x9eMQ\xa6\xd2b\x0e\
3\x97\xabSZf\xc7\xbe\x0c\xe6\x01\xa9\x02J\x06\xd7\
\xc1\x8c\x193\xa6h\xb2\xba\xe9\xde\xe1\xaa\xa6\xc5.\xb3\
T\xa1@1\xb8\xef\xe3}\x029QB\x0f\xcc\xadU\
S\xb7\xd4\xaaeO\x1eU\x1b\x9e\xabS\xbb^Q\xea\
\xe972<\xf1\x9aR\xbb^\xaeS\xdb^\xacS\x9b\
\xf7\x1fUk\x9e\xa9S\x0b\x9e8\xaa&n\xaaU}\
\x16\xd5\xa9\x0b\x07\xd5\xaa\xffv\x13\x05f>\xbf\xd0\xed\
\xf34\x84u\xc96o\xb1[\xdd\xd2q\x94\xea\xf7`\
o-\xae\xa0\x88\xa2`O\x9e\xe6\x1fT)vK\x0c\
s\x999m\xb2\xbcJ\x0aw\x08\x1c\x0f:\x81#@\
\xda\xf9\x92\xc0\xf3\xba\xb8\xc6*\xae\xac\xf4)\x1c={\
\xa9\xf3\x7f;\x15\xc3\x83\x17\xe5\x80\xce\x07W \xb8\xff\
\xd7\xbf;\xacn|\xa4VM\xda\x9c\x11\xd03\x90\x92\
\xc5Jj\xcfkG\xd5\xeeW\x8e\xaa\xed/\x1d\xd5\xaf\
\xa1\xc4(\xaa\x95O\xd5\xa9%{\x8f\xaaE{\x8e\xaa\
\xf9\x8f\xd7\xa9\xd9;\xeb\xd4\xac\x1d\xb5\xea\x91\x8du\xea\
\x9e\x99G\xd4\xb7\xee9\x82\xef\x08\xf4\xbc<\xf1a]\
\xb6zI\xfdg\xdb\xe9\xaaw\x9f\x07U\xdf\x07e\x19\
\xe5\x0b\xa5\xc5\xde?\xff\xb0J1\x5cB\x98\xcb\xcci\
\xe6\xb6\xc9\xf6\x0a/\xdc\x11\xc3y\xe0\x00\x90v\xbc$\
PV\xfc\xf5\x1aI@\xc4.\x00\xb42s\x1f\xbbp\
!a\xa7n\xfd\xd4\xdf\x5c\xb3\xd4\x0c\x01\x0bH~\xfb\
\x1e\xdc\x9ex\xfdau\xeb\xa4:\xb5xo\xa6\xc7\xe4\
\x0aj\xdf\xeb\xc7\xa0\xa8\xf8\xff;\xd1\xc3b\x8fj\xe3\
\xf3\x90\x15X\xf3\xacB\xef\x0b\xef\xdfSW/\xaa\x19\
\xdb\xea\xd0+\xab\xd3=\xad\xf1\x1bj\xd5\xb8\x0dG\xd5\
\xc85u\xea\xf6\xc9\xb5\xfa\xfb\xf4\xf7\x17\xb2\xdd\x1e\x19\
\xd6e\xebw\xd57\xdb\xacP\x9d\xba?T\x14i\xf1\
\x12Fa=\xad\x15+V\xa4\x8a\xf9\xce\x03\x80\xb9]\
\x83[\x93\xf5\x15\x5c\xb8\x13\xe0\xaf\xc0\xe6RTj\x10\
\xbb\x0dlx\xfe\xea\x89$\xa0(PV7\xff~D\
\x11\x86\x80\x9f\xa9o\xb4?\xa4z-<\xd6\x93\x0a\x0a\
\xca\xe5\x89W\xeb\xc4^\xd5\xaa\xa7\x8f\xea\xa1\x22{U\
\x8f\xed\xaa\xd5=\xaai[\xebt\x0f\x8d=\xab\x87\xd7\
\xd5\xa9Qkj\xd5\xb0\x95\xb5j\xe0\xb2Z5`\xe9\
\x11\xd5\xf5\xb1#z\xae\xcbK\xab\xc8\xb0.\x9d!b\
\x14iQPA8\xa7\xc5\xe1!\xe7\xb4\x82q]b\
6\x03\xe6\xb8\xc9\xfa\x0a-\xdc\x01\xf0g`\x108\x0a\
\xa4\x9dM\x1d6\xb8\xbd\xe0\x9e$\xa1|\xa1\xac.\xbe\
cB\xe6(`\xd4D\xb7rhsH\xfd\xa8\xc7a\
\xdd\xeb\xa1\x80\x1a\x13\x95\xedU\xd9y*\xa9W5o\
w\x9d\x9a\xbb\xeb(duT\xcfu\xd9^\xd5\xe8\xb5\
uj\xf8\xaa:5xE\x9d\x16U\xdf\xc5GT\xef\
EGU\x8f\x05u\xea\xfe\xb9G\xd5?w\xf6\xd2J\
\x04\xd6'b\xa4U\xfb\xc9\xaa\x7f\xdf\xdc2\xca\x07{\
\xf9e\x1e\xd5\x96b\xbbD0\xb7\x99\xe3\xccu\x93\xfd\
\x15V\xb8\xe1\x86\x16\xe0} \xedh\xea\xb0\xa1\xed\xd2\
\x05IBQ\xe0\xb9e5W\xbc\x81\x80\x8cp\x14\xd0\
\xca\x00\xb7\xdf\xbe\xf7\xb0\xee\xf9PD\x14\x95\x95R.\
\xdc\xb9\xaa-/\xd4\xe9^\xd5z\x90\xabW\x95\x19\x02\
\x1e\xd5\xc3?\xb7W\xd5oI\xad\xea\xbb\xa4N\xf7\xe6\
\xd8\xbb\xa2\xac\xee}\xb4V\xfdnF\xad\xfaF\x87#\
\xd9\xdb\xe9)\x0e\xacO\xc4\xcay\xb7\xcf\x14E\x14\x05\
J\x8bK\x1e\xcaLZ\xccq\xe6\xba\xce\xfb\x8a+f\
\xc3\xcf\x04\x1b\x81\xb4\x83\xa9\xc3\x06\xe6_\xa78\xb2b\
\xaf\xaa{\xcf\xde\xea\x077\xceQ\xfa7\xf2\xa2&\xb6\
\x9e\xe4>\xa4E\xc1\xa3{\xf9\x8a\x8aC@\xf6\xaa\xb6\
\xbeh\x86\x80\xa6W\xc5\x89\xf5\xa5{3G\x02\x1b\xf4\
\xaa6*=\x04\xe4\x5c\xd50\xf4\xac\xdc^U\xb7y\
\xb5\xaa\xcb\xbc:\xd5iNf\x02\xfew3\xeaT\xbb\
i\xb5\xea\xa6\x09uz\xfb\xc4m\xf7\xc4\x83\xb1\x82\x98\
\xf9\xd1o\xe6\xa9\x07\xfb\xf6S\xfd\xfb\xc9B\xca\x07^\
\xe2\x88Wz(\x87i\x16\x07\xe6:s\xdeX\xa0B\
\x0a7x\xe5\xca\x95'\xe0\xb6;\xa8\x03\xd2\xce\xa5\x0e\
\x1b\x98\xeb]$\x11Qb\x8d\xc1\x93]\xbb\xf6xP\
\xfd\xdd/\x17e.\xaf\x9b\xaf\xac\xec\xeb +\xae\x91\
Z\x0b\xd146\xf4\xb3\xb8\x13\xeb\xecUmz\xbe\x0e\
\xef?\xda\xa0W5'kb\xfdX\xafj\xf8\xea\xa3\
\x99!\xe0\xb2:\xb1Wu\x0f\xe80\xbdV\xdd>9\
3\xd1\x7f\xcb\xc4Z\xf5\x8b~\xb5\x99m\x8e*cO\
\xe3\xb0N\xaf\xfe@\xfd\xef\xeb\x97\xaa\x9e}\x1e\x8a%\
-\x9e\xe7:}\xfat\x85\x5c+\x17\xea@wp\x02\
06(\xf3\xc2\x0d5\xfc\x0c\xbc\x09\xa4\x1dK\x9d\x99\
33]q+\x1fw\x01_>p=\xcd\x03\xdd\xfb\
\xa9\xaf_\xbd\x1a\x01\xf7a\xb4d\x86\xa8\xb8\x84\x80\xc3\
4J*\x1fQ\x11\xb1W\xe5,Wp{U\xd3\xb7\
\xd6\xaa)\x9b3K\x16\x82\xbd\xaa~K\x8f\xd6\xcfU\
\x05{Um\xa7\x1cQ\xb7M\xaa\xd5\xa2\xe2\xf2\x89_\
\x8e\xadS\xd7\x8e>\x929r(\xed\x8b'>\x8c\x9d\
k>R\xdf\xb8z\x95\xea\xdak@,i\xf1B\x80\
\xbcV\xbc\x14\xf3%\x829\xcf\xdc\xd7\x1e(\xfbb6\
\xf4+`\x19\x90v(ux\x89\x18\xfe5\x92D\x94\
\x0f\x94\xd5}\xdd\x06\xa8/\xb5\xda\x18\xfdH ^\xcb\
\xd5\xe7\x9cw\xcag\xf8G\xc2{U\xb9\x96+\x1c\xd5\
\x13\xebc\xd6\xa2We'\xd6\xdd^\xd5\xfc\xa3\xbaW\
u\xdf\xac\x86\xbd*\x0e\x03o\x18W\xab\xae{\xb8V\
]3\xbaV\xf7\x023\x13\xf0f\x8d\x96\xb4_\x9ex\
\xe8z=\xa8\xfe\xfbe\x9b\xd4\xfd=\x07gI\x8bs\
T\x96\xe0c\x09\xfe\xc0\x05/M#\xc5~\x89`\xee\
\xd3\x01\xc6\x0aeZ\xb8\x81\xa0\x19h\x07\x0e\x03ig\
R\x85\x17\xdf\xe3e;\x0a\xe9U\x11\xca\xea\xae.\x83\
U3^\xbbJ__=\x8f\x04\xe6k4\x9f\xa9\x9e\
\x0b\x8fj\x09E\xe9U\x85-\x02=\xd6\xab\xaa\xd5\xbd\
*w\xb9\x82\xedU\x0dZ\x9e\x99X\xe7\xcav\xb7W\
e'\xd69W\xc5\xf5WY\xbd\xaa1uZT\x97\
\xeb\xd3z\x0e\xab\xf3\xfasQ\xa9\xb3\x22\xdeS|t\
\xdd~\xa2N\xb8h\xa7\xba\xb7\xfb0\xf5P\x7fYH\
\xf9\xc0\xebi\xf1\x87Q\xa4\x1c(\x01\xcc\xfdvk\xd7\
\xaem\xc6s\x87\xcb\xb6`#\xc9w\xc03@\xda\x91\
\xd4@E\xe9\xb5Vl\xc8\xb8\xb2\xd2\xbf\xa8,\x05\x9c\
\x84\x91\xd5\x9f\xdfzH\xf7~\x0a\xe9UE]\x04\x9a\
\xb5\x5c\x81\xbd*N\xac/\xac\xd5\x13\xeb<\x8d\xc7\xed\
U\xb5\x9dR\xa7\x87\x807O\xa8\xcd\xeeU\x8d\xa8U\
\xad\x86\x1dQ\x17\x0d>\xa2.\x1cxX\xfd\xc7C\xce\
*xi?=\xc5\xa5\xe5\x1euO\xf7\xe1\xb1\xa4\xc5\
u\x85\x5c\xb2\xc3\xd8\xb79\x90\x14y|\xfe3\xe0;\
\xc0\xd8\xa1\xcc\x0a7\x0c\x9c\x08\x06\x02i\x07b\x13\xa5\
\x118\xc9\xce\xe5\x0b\x92\x88\xf2\xc1\x0e\x033=+!\
\xc0$\x8c\xac~\xf6\xe0\x11-\x9b|eU\xacE\xa0\
\xc1^\xd5\xfds\x8e\x88\xbd\xaa_\x8f\xafS\xbf\x1a{\
D\xcfUq\xb8j{U-\x07eD\xf5\x8b~G\
\xd4\xcf\xfb\x1e6\xe7\x1cFX\xb2\xe1\x89\x05{Z\x9d\
{\x0d\x89%-.w`\xecK9Q\x02\xe8\x02:\
\xc1X\xa2L\x0a7\xc8\xf0\x13p\x00H\x1b\x9f*S\
\xa7N\xd5\x0b\xf2$\x19\xe5\x82+\x8cy\xee\x17e\xd5\
\xa5g\xff\xcc\x9c\x15\x87\x81Bp\x89@V\xbf|\xf8\
\xb0\xee)E9\x02\x18y\x11\xe8FU\xdf\xab\x92\x96\
+d\xf7\xaa\x8e\xd4O\xac\xbb\xbd\xaa\xabF\x1d\xebU\
]2$\xd3\xab:\xbf\xffa-*\x9e`\xfd\x93^\
\x87\xd4Wn\xf3\xc2J\x97O\xd4\x9f_\xbeIu\xeb\
=\xb0\x81\xb4\xb8\x8c\xc1\x12|\xecb/\x00(\xe5D\
\x09\xa0\x0b\xe8\x04\xed\x87\xb2)f\x83N\x05\xb3\x80\xb4\
\xe1\xa9\xc2Iv6\x9e\x95\x90%\xf8X\x82\xa7Ot\
\xef\xd5O}\xfd\xaa\x95\xd1&\xd8\xad\xac\xd0[\xcaW\
VI/\x02\xb5\xbd\xaa['\x1e\xd1\x13\xeb\x0d{U\
\xb5\xaa\xc5\xa0#\xea\x82\x81G\xf4\x9c\xd5\xcf\xfb\x1e\xd1\
\xa2\xfaQ\xcfZ\xf5\xaf=\x8e\xa8\xbf\xb8\xdd\xcca\xe5\
[\x07\x9ex\xe8z>\xa8\xce\xbaf\xb5\xea\xddw`\
\x03\x195\x06\x0f,\xf1\xd6N\xc2K\xb9Q\x02\xe8\x04\
\xba\xc1\xd8\xa2\xc4\x85\x1bbh\x0d\x0e\x02i\xa3S\x83\
'4\xb3\xc1\xf2\x91\x93\x04{X\xff\xfbW\x8b\xa3-\
]\x88(+q\xb9B\x91\x17\x81\xba\xbd*=\xb1\x8e\
\xed\xb3\x13\xeb\xc1^\x15\x87\x80\x1c\xc6\xfe\xa4\xf7\x11-\
\xaa\xefu9\xa4\x8f\x12\xfe\x8f\xdf\x9a9,/\xac\xf4\
`]_\xfd'\xf5\x0f\xbf^\xa6\xfa\xf5\x7fH\x0dx\
\xa8\xbf\x16\x91\xc5\x8a\xa91xR?\xaf\xee\xb0z\xf5\
j\x9d\x17\xbc-\x11\x07\x01\xddP\x83[c\x8d\x12\x16\
n\x04\xf8*\xd8T\xaa\x8a\xb1\xdf\xcb\xb1;\xcf\x11\x94\
D\x94/?\xbcy^\xe4E\xa1\x1cb\xe5#\xab\xb4\
\x17\x816\xe8U\x0d\xcb\x5c\xe4\x8f\x13\xebR\xaf\x8a\x17\
\x01\xfc^\x97\xc3\xea\x1f\x1f8\xac\xfe\xfe~{\xdd,\
?$L\x1d-\xad\x0f\xd4\x8fo] \xca(_\xf8\
;\x9a\x9c\xf7\x0d\xe6K\x09\xd8\x04\xe8\x08c\x8d\x12\x15\
n\x80\xe1\x16p\x18H\x1b\x9b\x1a\xf6\x87#$\x115\
\x06\x87\x82\xff\xef\xb73\xf2?\xdd\x86\xafA2\xe7+\
+\xb1WU\xe0\x22\xd0\xe0r\x05\xb7W\x15\xb6\x5c\x81\
\xbd*N\xac\xff\xe7\x80\xdc\xbd\xaa\xbf\xef\x94\xb9J\xe9\
w~\x7fD_0P\xdcwO\xf20\xbeZ\xbf\xa3\
\xce\xbfc\xb6\x1a8@\x16\x92\x0b\xe7\xae\x88{\x7f\xd0\
\xa0A\xfa\x97\x9f\xa4\x5cI\x19\xba\x81\x8e\xd0\xbe(Y\
1\x1b\xd0\x1cl\x07\xd2\x86\xa6\xc2\x9a5k\xf4z+\
6\x92$\xa30(*\x9eA\xcf3\xe93'2\xe7\
+\xabOu\xd276\xc1\x9e\xabW\x15\xbe\x5c!\xde\
\x22P\xf6\xaa\xdc\xe5\x0an\xaf\xcaN\xac\xff\xb4\xcfa\
}\x95\x08\xb7Wuv\xa7#ZT\xdf\xba\xfb\xb0\xfa\
&\xf0\xc2*1\x8c\xb3+\xdfT\x97\xdf5M\x0d\x1e\
xLDQ\x186l\x98^\x9f%\xe5M\xca\xd0\x11\
t\x85\xb1G\xca\x85_lh\x0b\x8e\x00i#S\x81\
'5s\xcc\x1e\x94Q\xf0\x12\x1e\x12\xfd\xfa>\xa8n\
\xed4Z\xff\x88@^\xb2\x22x\x1d\x8f\xa0q\xa2<\
LV\xecU5\xb6\x08\xd4N\xac\x8b\x8b@W\xd6\x16\
\xbc\x08\xd4N\xac\xdb^\x95]\xae\xa0{U\x18\x02\xfe\
k\xf7C\xea_\xbae\xf7\xaax\xf5\x08\x8a\x8a\xd7\xe5\
j~\xa7_8Z\x16\xb0\xfe/{E\xb5\xed2N\
\x0d\x1a(K\xa91x\xb5R\x9e$-\xe5N\x8a\xd0\
\x11m1D\xadA\x07\xc3X$\xc5\x82/'_\x07\
\xbb\x81\xb4\x81\xa9\xc0\xf9+\xfe,\x97$#\x8b=\xe5\
!\x08O\x87x\xa0\xe7@U\xd3\xe2\xf1h\x89\x89\xa1\
 \x8f\xdc\xe5ZgU\xd4E\xa0\xe8U\xe5^\x04\xda\
p\xb9\x82\xb4\x08\xd4]\xae\xe0\xf6\xaa\xfe\xe9\x81C\xea\
\xec\x8e\x87\xd0\xab:\xac{U\xbc\x1c\xf3\xd7\xdb\x1f\xd6\
\xb2:\xedV\x9e\x9a\x83:\xf1\xc2*=l\x83\x96O\
\xa8n\x0f\x0e-HZ<\xdf\x90\xd3%\xcc\x17\x8eF\
J\xc8n\xf0u`,\x92R\xe1\x17\xce\x9c9\x93\xb7\
\x1d@mP\x22.\xf8\xffD\xb1C\xc101\xe5\x82\
\x97\xf8\xf8\xd6uf\xf9\x82\x14(\x12\x08\x1e\xf6rr\
\xc9*W\xaf*l\x11(\x87\x80a\x8b@\xf5\xc4z\
\xacE\xa0\xc7zU\xe7v=\x1c\xe8U\x1dR\xdf\xbc\
\xeb\x90\xeeU\x9dy\xe7!\xfd\x0b<\xf5G\x07\xa5\xfd\
\xf7\x94\x06\xc4\xe8\xb7\x7f\xb5J=4``\x03!\xe5\
\x83\x1d\x1a\xae]\xbbV\xcc\xa3\x94\xa8\x05tF\xba\xbd\
,\xf3\x85g\x81=@\xda\xb0T\xe0QA\x9e\x8eP\
\x88\xac\xd8\xbb\xba\xf0\xce\x99\xfa\xba\xdby%\xa7y\x0d\
\x7fu\x86=(WR\xc4\xf6\xaa\xc2\x16\x81\x8a\xcb\x15\
L\xaf*\xd7r\x85b,\x02e\xaf\xcaN\xac\xb3W\
\xc5#\x80Y\xbd\xaav\x9f\xa9\xe6w|\xa6\xd7]\xf1\
\x94\xa2L\xef\x0a\xc3\xc1`\x1dxJ\x07\xe3\x0f\xb1z\
Q\x87\xd9j\xc8\xa0\x8c\x84\xd8s\x22\xee\xfd0x\xe6\
\x07\x8f\x1aJ\xb9\x94\x22t\x06\xddal\x92p\xe1\x17\
\x19\xda\x01\x1aS\xda\xa8T\xe0\xb5\x80\xb8\xeaW\x12\x92\
\x84~m\xbf\xfej@\xff\xbe\xea\xb6N\xa3\xa2\xcd[\
\x81\x93\x7f}Xm\xdc\xdfp\x92\x9d\xb2\x8a\xb3\x08\x94\
\xcb\x15\x92\x5c\x04\xca^\x95;\xb1\xce^\x15/w\x13\
\xecU\x9dv\xcbg\xea\x8b\xbf9\xa2>w\xbd_0\
Z\x96\xb0=.{E\xdd\xd1u\xbc\x1a<H\x96R\
\x18\xf6\xa8\xa1\x94K)Bg\xd0\x1d\xda#\x89\x17\xf3\
E\xa7\x83\xad@\xda\xa0\xc4a\xb7\x96\xdd[^\x85\xc1\
\x8a\xc8\x8a\xcb\xde\xcf\x05Oy\xe8\xdck\x90\xfea\x00\
1($L\xf2R$\xc1\xa1`\xd8r\x85\xb4\x17\x81\
\xe6Z\xae`{U\xee\xc4\xba\xeeU\xdd\x99Y\xcd\xce\
^\x15\x7fl\x95\xeb\xae(e?\xd9^\xc6\xb0]Z\
\xeeQ\xdd\xfb\x0e+HZ#F\x8c\xd0\x17\x05\xb0C\
C\xde\xa6\x89\xf9\xce\xad\xe0t`\xac\x92P\xe1\x17\xe0\
\x0by\xdb\x06|\x06\x1alP\x1ap\xa2\x9d\xdd\xdb|\
\x04\x15\x84=\xac\xff\xf9\xcbU\x91\xe7\xad\xd8\x1b\xa1\x98\
l\xef*\xd7r\x05\xb7W\xc5\x89\xf5\x92,\x02\x15\x96\
+\xd8^\x95\x9dX?\xe3\x8e\xccJ\xf6?\xbf\xed\x88\
\xeeU\x9d\xfc\xebC\xea\xa4\x1b\x0e\xa9\xe3~\xe9\x17\x8b\
\x96=\x9c\xcf\xba~\x8d\x1a0p\x90(\xa5\xc6\xe0A\
*\xce/K\xb9\x95\x12t\x07\x1d\xa2\x9d\x92X1_\
\xf0E\xb0\x14H\x1b\x928\xeb\xd6\xadSs\xe7\xce\xd5\
\xe3vIHa\xb0wu\xe1\x9d\xd3\xf3\x9f\xb7\xb2\xa0\
\xc7A\xc9\xd8\xdeU\xd1\x16\x81\x0a\xcb\x15\x8a\xb5\x08\xf4\
\x9f:\x1fi\xb0\x5c\xc1\xedUqY\x06\xe7\xaa\xbep\
\xf3a\xdd\xab\xe2\x15F3\xb2\xf2sWe\x0fcW\
\xcfg=\xda\xa0\x97\xc5a\x9f\x04G#\x96\xa1C\x87\
\xea\x83U\xcc%)\xc7R\x82\x0e\xa1K\x8c]\x8a\x5c\
\xf8\xc1\x86\x0b\xc0G@\xda\x88\xc4\xe1D;\x7f\xa99\
j\xef\x8a\xb2\xba\xb33\xe7\xad^\x8c&+\xc0\xde\x0a\
{T\xe1\xbd\xaa\xc2\x17\x81\x06\x97+\xe4\xbc\x12h\x81\
\x8b@\xe5^Uf\x08\xc8^\xd5\x09\xbf\x82\xa4\xb8H\
\xd4\x0f\x05+\x07\xb6\xd3e\xaf\xaa\xbbz\x8cS\xc3\x86\
d\x0b\xa91(0;\x01/\xe5XJ\xd0!t\x89\
^\x22U\xf4\xc2\x0f\x06'\x83\xa9@\xda\x80T\xe0\xa5\
3x\x02\xa8$%\x09}\xb2(d\xd5\xa7\xef\x00u\
\xda\xe5[\xe4\xc6\x0f\x03I\xcc^\x12{V\xa5Z\x04\
\x1a\xecU\xe5\xbd\x084\xb0\x5c\xc1\xf6\xaaN\x95zU\
ZX~(Xi|\xf9\xca\xadj\xc0\xa0a\xa2\x98\
\xc2\xe0\x05\x02f\xcf\x9e-\xe6XR\xb0Gg1\x8f\
\xa7\x82\x93\x81\xb1L\x11\x0b\xbe\x80\xfc\x10\xbc\xcd/K\
\x1b\xee$\xaf\xa6\xc8\xee\xac\x15\x91\x15\x97\xbd\x9f\x0b\x9e\
\xf1\xde\xa2\xdd\xa3\xfa\x84\xd2hC\xc1O\xd5\xdfu<\
\xa2E\x15\xb6\x5c!\xbbW\x95\xbd\x5c!\xffE\xa0\xf9\
]\x094\xea\x22P\xf6\xaa\x82\x13\xebY\xbd\xaa\xfa\x9e\
\x95\xe9]\xf9\x1eV\xe5\xc0\xb6BL_r\xd7\x5c5\
|\xa8,\xa60\xb8$\x88+\xe0\x99[%\xe2m\xf0\
C`,S\xa4\xc2\x0f\x04\xc7\x81\x07\x81\xf4\xc5\x89C\
i\xf1g\xba$!\x85AY\xdd\xdbc\x84\xaa\xb9t\
\x7f\xb4d4\xc9\xcba\x1b\x85\x15e\x11\xa8t\xcd\xaa\
|\x16\x81\xca\xcb\x15\x0e\xeb\xe5\x0a\x85.\x02\xb5\xbd*\
;\xb1\xce%\x0b\xf5\xbd*\xb7ge\x85%\xd5\x85\xa7\
|a\x9b]\xfa\x82\xea\xd4g\x8c\x1a:D\x16S\x10\
\xf6\xae\xec-G,R\xbe\xa5\x08\x9dB\xb7\x18\xdb\x14\
\xa1\xf0\xc3\xc0\x99`/\x90\xbe4Q\xd6\xaf_\xaf\x0f\
\xc5\xb2\x82%)\x85\xc1k\x0a}\xfd\x9a\xb5\x85%#\
\x92\x98\xc3\xbd\xfa\x89u\xa7W\x15v%\xd0\xd8\x8b@\
!\xaa\x5c\x8b@\xa5\xe5\x0aa\x8b@\xdd^\x95\xfe\xe9\
.-'+(#)\xfb\x9cT\x07\x9e\xf2\x07m\xf8\
7\xbf\xdc\xa0\x06\x0f\x19\xaa\xa5\xe5\x0a\xa918\x1f\xcc\
sq\xa5\xbcK\x09:\x85n1\xb6\x89Y\xf8A\x86\
k\xc1g@\xfa\xd2Da\xef\x8a\x87b%!\x851\
h@\x7f\xf5\xcb\xdfOT5W\xbe\x95IL\xa9\xb1\
s\x81\xd7s\xa8\xc5!`\xaeE\xa0\xd2r\x05\xdb\xab\
\xca\xb5\x5c!\xbfE\xa0\x99^U1\x16\x816\xe8U\
\xd5\xf7\xa8\x02Hu\xe0\xa9\x0c\x18\xdb\xad\xdfV7>\
0M\x8d\x18&\x8b)\x0c.\xc0\x96\xf2.%\xe8\x14\
\xbaEO;\xc5.\xfc p\x0a\x98\x03\xa4/L\x14\
\xf6\xaex\xe5DVlPH\xc1k\x02\xb9\xf0\x1aB\
}\xfa\x0dV\xc7\xb7\xdc\x95iP\xa9\xa1s\xc1\xd7\x03\
\xce-\xb1g\x15u\x11\xa8\xfd\xe1\xd28\x8b@\xd9\xab\
\x8a\xb3\x08\x94\xcb\x15N\xba\xe13\xb9W\x955w\xe5\
eU\x15 ^O\xbcd\x8fzh\xd0\x88\x06Bj\
\x0c^\xe9\x84\xbd,\xe6Z0\xff\xd2\x00\xdf;\x07\x9c\
\x02\x8cub\x14~\x08\xf8>xK\xfa\xb2$\xc1w\
\xea[\xf6\xae$)\xd9\x13;%x\xbe\xd5\x85\xed\xe7\
\xe8\xcb\xcd\x16*,\xf6\x98(+;\xb1^I\x8b@\
\x8f\xf5\xaa\xb0/b\xaf\xca\xc8\xcb\x0b\xab:`;#\
\xd6/\xbak^\xac^\x16s\xae\x04\xbc\x05\xe8\x18c\
\x9d\x02\x0b?\x004\x03\xdd\x81\xf4E\x89\xb2a\xc3\x06\
=w\xc5#\x83\x92\x94r\xc1Kp<\xd0{\x84\xaa\
\xb9\xe4\xb9LCJ\x0d\xdc\x18Hf\xf6\xa28\x04L\
k\x11h\xd6r\x85\x1cW\x02\x0d\xf6\xaa\xdc\x89uw\
\x11h\xb6\x94\x8c\xb4\x82\xe2\x92\xf6\xdbS\xb9\xb0\x9d/\
}^u\xeb7F\x0d\x1b\x9a\x11\x11s\xc7\x15\x13\x1f\
K\xd8\xb9,\xe6\x9c\x94\x8b)@\xc7\xd05\xc6>\x05\
\x14\xbe\x19\x9c\x0ev\x01\xe9K\x12g\xca\x94)\xa2\x94\
\xc2\xa0\xb0\xbew\xd3\x92h\xa7\xdf\x04`/\x85\x92\xaa\
\x8cE\xa0Gr,Wp\xa5\xe5\xe2\x85U\xb5 \xe6\
\x7fx\xdb\x0a5|\x98,\xa60x\xc4P\xca\xc1\x94\
\xa0c\xe8\x1ac\x9f\x02\x0a\xdf\x0c.\x04\x07\x81\xf4%\
\x89\xc25\x22\xfc\xe5fIJ\xb9\xa0\xac\xee\xeb\xc5+\
\x88\xbe\x84\xa4,\xb0w\x058\x1fd{U\xa9]\x09\
\x94\xbd\xaa\x88\x8b@m\xafJ\x5c\xae\xd0\xa0W\xe5e\
U\xf50\xe6[\xbd\xac\x1e\xe8;\xb6Qi\xf1\x1aY\
\x16>\x1e3f\x8c>\x93\xc4\xede\xf1~J\x1c\x04\
\x17\x02c\x9f\x88\x05\x1b[\x837\x1f\x87\xdbAv\xe3\
\xd3\xc0l\xbcf\xe6\xcc\x99\xfa\xfc(\x8a\xc8=_*\
\x17\x94\x15\xe7\xae\xfe\xf1\xc6\xe5h\xbc\x08?\x80*\xf0\
\x8d\x0eG\xf4\xda\xaa\x9c\x8b@\xb9\x5c!\x91+\x81f\
&\xd6\xc5+\x81\xe6X\xaep\xfc\xaf\x5c99\xd2\xca\
\x82\xa2B0{Y5\x01>Q\xe7\xfcf\xa5\x1a9\
<[J\xf9\xc0\xdf\xf4ts0e\x06\x81\xe3\x80\xb1\
P\x84\xc27\x813\xc0\x1e }x\xa2\xf0\x8a\x0c\x1c\
W\xe7++\xc2\x13A\xef\xee1F\xd5\x5c\xfeZ&\
9\xc5\xc6\xcc\x0f\x0e\xb9\x1a[\x04\xca^U\xd4+\x81\
\xda\xe5\x0a\x89-\x02\xcd\xeaQ\x11\xfe\x9f\x11\x95\x97U\
\xd3\x80\xed}\xd9\xab\xaas\xbf\xf1j\xc4pYL\x16\
\x8e`,|<~\xfcx\xc5+9H9\x99\x02t\
\x0d\x9dc,\x14\xa1\xf0M\xa0%`WM\xfa\xf0D\
\xa1\xe9y\x92\xa6$\xa6\x5cPX\xdf\xbd~e\xa6\xc1\
\xa4\x86\x8c\x00\x87Z\x14U\x12\x8b@\x7f\xd1\xaf6\xe7\
r\x85x\x8b@]\x1cA\xf9\x9eU\x13\xe4\xa0\xfa\x87\
\x9bVia\xb9Rj\x0c^/\x8bWr\x90r2\
\x05\xe8\x1a:\xc7X(\xcf\xc27\x80\xe3\xc10 }\
p\xa2p\xa1(\xcf&\x8f\xda\xbb\xba\xb7'zW\xf8\
\xcbR\x0ca\xf13\xb8\x9e\x8aC@\xf6\xaa*g\x11\
\xa8\x15\x96\xedU\x99\xfb\xd2>z\xaa\x17\xb69r\xa1\
K\xffG\xd4\xc8\x11\xb2\x9c$\xd8\xcb\xe22\x22.q\
\x90r3\x05\x86m\xdc\xb8\x91\xee16\xca\xa3\xf0\xc5\
\xa09\xd8\x07\xa4\x0fM\x0cll\xfdBQILn\
\xaf\xcb^\xeb\x87\x0c\x1d<P\x9d{\xf3R4V\xbc\
\xb9+\x8dIvJ\x89\xb2b\xaf*\xd7r\x85X\x8b\
@y\xcd\xaaF\x16\x81\xda\x89\xf5\xc6\x17\x81\xda\xe7\xed\
\xff\xf1\xd6\x8b\xaaIs\xcd\xc7\xeaG\xbf]\xaeF\x8f\
\x94\xe5\x94\x0b\x9e\x14\xcd%\x0e\xcc\xc5\x12\xb0\x0f4\x07\
\xc6Fy\x14\xbe\x18\x5c\x0c>\x01\xd2\x87&\x06\xa5\xc5\
\x9f$\x0a\x0a)\x8c!\x83\x07\xa9n}y\x82\xf3\x0b\
\xc5IR-\xacO\xb5t8_U\x0e\x8b@\x1b.\
W\x08\x0a\x8adD\x9b\xc1\xcb\xaa\xc9\xc3\x18@N\xf4\
\x1e\xf8\xb0\xeeeq\xb8\xe7\x8a\x89\x8fs\xc1k\xbfK\
\xf9\x99\x02t\x0e\xddcl\xd4H\xe1\x0bA3\xd0\x0f\
H\x1f\x98(v\xb2]\x12S.x\x01\xb3_\xdc1\
\x1f\x7fQ>*j\xa2r\x92\xbb\x98\x8b@s\xfdp\
iQ\x16\x81\xd6\xcb\xca\xdc\x0a\xfb\xe3ib0\x16\x90\
\x13-\xeeZ\xa8\xc6\x8c\x92\xc5\x94\x0bN\xbe\xf3\xfa\xeb\
R\x8e\xa6\x00\xddC\x07\x19+\x85\x14\xbe\x08\x9c\x06X\
\xa4\x0fK\x8cM\x9b6\xe9\xcb\x1f\xf3LsIL\x12\
\xec]\xf5\xee?L\xd5\x5c\xfct\xa6\x81\xa4\x86+\x04\
\x93\xf8\x94\xd2\xbd\xb3\xea\xf2^\x04\x9a{\xb9\x82\xbb\x08\
\xb4\xe15\xab\xf2[\x04J\xac\xb8,FN\xfa\xff\xb8\
\xcdE\xac\x03O\xe5\xc3x\xb8h\x9f\x1a0t\x8c(\
\xa6\x5c\xf0\xfc\xc2\x05\x0b\x16\xe8\x9c\x94r5aX\xe8\
 c\xa5\x90\xc2\x17\x81s\xc1; \xf8A\x89\xc2u\
X\x8f<\xf2H\x03)\xd9\xeb\xf8H\xf0\xc2e\xd7u\
\x9c\xa1j\xaez\xbf\xf8\xc9\x0a\x09|\x0d2\xc9\xc8*\
\xe2\x22P\xb3\x5c\xa1\x90+\x81\xe6\xbf\x084#U/\
*ON\x18\x17\xad\xdfU7v~T\xeceQL\
\x12\xfc\xbf\xa9S\xa7\xea)\x9a4\xa5\xc5\xef\x02\xef\x80\
s\x81\xb1R\x8e\xc2\x17\xe0M\xbcm\x0b\xea\x82\x1f\x96\
$\xf8>\xbd\xb2\x9d\x15\x15\x94\x92{.\x94\x8b\xbd`\
\xd9\xd7\xae\xde\x9cL\xc2\x1a!\xb0\xc7DYE_\x04\
\x9a\xb9\x12h\x83\xe5\x0a\xa6W\x15k\x11\xa8\xde>+\
+\xf3\xd8\xe3\xc9\x82\x07\xa02\xfce\x9b\xad\xa2\x98\xc2\
\x18;v\xac\x9e\xa2an\xa6L\x1d\xa0\x83\xb4\x93r\
\x16\xf3\x82\x93\xc0t }P\xa2p\xed\x95$\xa6\x5c\
\xf0\x04\xcf\x8e}\xc6\xa9\x9a\xcb\xff\x90I\x5c\xb1\xd1b\
\xa2\x85pH\xf7\xa2(\xab\xc6\x96+\x04\x17\x81\xda\x89\
u\xb1W\x95k\xb9\x02i\xd0\xa3\x22\xfc?#(/\
)O(\xc7d\xa5\x1f_\xfe\xba\xea\xdc\x7f\xa2\x1a=\
J\x96S.\xb8&K\xca\xd5\x14\xa0\x83\xe8\x22c'\
\xa1\xf0?\xc1Y`?\x90>$18\x1c\x9c0a\
Bh\x8f*\x08/\xa3\xf1\xd3\xdb\x17\xa3A\x0ef\x1a\
%I \x0b\x0e\xf9\xec\x100\xbdE\xa0\xf6y\xfb\x7f\
\x14VBr\xf6T\x09\xae\xac\x0cW\xffI\xfd\xa2\xfd\
2\xf5\xf0\xe8l!\xf1\x00\x97{\xdf\x85\xcf\xb9\xc3\xc2\
\x94\xa1\x83\xe8\x22c'\xa1\xf0?AKp\x10H\x1f\
\x92\x08\x9b7o\xae\x1f\x0eJb\xca\x05/VVs\
\xf1S\xe9%0\x84\xc1\xa1\x1ee\x95\xee\x22P\xde\xf7\
\xa2\xf2\xe4\x83 +\x0d\xfe\xa8_\xb4O\x0d\x1a>\xb6\
\x81\x98\xc2\xb0\xc3B\xe6\xa8\x94\xbb\x09B\x07\xd1E\xc6\
N\x81\xc2\xff0t\x06\xd2\x07$J!\xc3\xc1\xdb\xba\
LV5\xad\xdfI7\x91!\x0f\x0e\xe78O\xa5\x87\
\x80\x81^U\xe1\x8b@\xb1\x0fY\xc3@++\x8a\x0a\
\x8f\xa5m\xf1x\xea\x91$\xe5\x02a]\xf9\x96\xba\xb3\
\xe7\x0c5v\xcc(\xbd8\x94B\xe2mcpXH\
a\x95\x80\xce\xa0\x864(\xe6?N\x01s\x80\xf4\xe6\
\xc4`\x97s\xe2\xc4\x89ZD\xc1K`\xe4\x82g\xa2\
\xff\xd3\xcd\xab2\x09-6`B8\xdfG\x01\xb17\
\x156\xb1\x1e\x5c\x04\xdap\xb9\x82\x15\x93\x95\x97\xc5\x8b\
\xca\x93/\x92\xa0\x1c\xb8>\x91`Xx\xee\xad\xab\xd5\
\xb8\x87e1IPj\xbc\x1a)\x0f\x8cI\xb9\x9b0\
t\x11\x9dd,\xe5\x14>\x09\xce\x04\xcf\x01\xe9\xcd\x89\
\xc1\xb3\xc3Y1\x92\x98r\xd1o\xd0H\x0c\x07\x9f\xc9\
$\xb6\xd8\x88\x09\xa2eb\x84bn9\x1f\xc5a\x1f\
{T\x1c\x02\xe6Z\xb1\xae\xdfcEU/,+)\
\xf3y\xf6;\x82\xdf\xeb\xf14@\x10\x94\xc5\x8a\xaa\x9e\
\x8f\xf5z\xc5\x81\xc3\xc6\xaa\x87\xc7\xc8\x82\x92\xe0\x22R\
\x9e\xdf+\xe5n\xc2\xd0Et\x92\xb1\x94S\xf8$\xf8\
\x19\xf8\x10HoN\x84-[\xb6\xe8\x05j<\xe9R\
\x12\x93\x04/Lvk\x97)\xaa\xe6\xaa\xf7J\x9f\xd8\
\xf5\x82\xb1\xf2\x92zL|\xcc\xff\xb3\xf7\xcd\xf3\xd2\xe7\
x<y#H\xca\xd2@V@\x0f\x0b\x0f\xa8\xb6=\
fD\x12\x16/\xec\xc7K\x953W\xa5\x1cN\x10\xba\
\x88N2\x962\x85O\x18\xee\x04G\x81\xf4\xe6D\xe0\
\xfc\x15\xbb\x9c\x8d\x0d\x07\xeb\xaf\xdf\x03Yq8\xf8\x0f\
7\xadA\x03H\x8dXB\xb4\x94\x1c\x1a{\x8d\xf4\xff\
\x1eO\xa3\x08\x82r\x91de\xb9\xfaCu\xce-k\
\xf4\xb0\x90\xd2\xa2\x8c\xc2\xb0\xd2\xe2\x1c3\xf3\x95\xd2r\
\x91\x9e+\x22G\xc1\x9d\xa0\x86\xd4\x17\xf3\xc4\x89`<\
\x90\xde\x98\x18\x5c\xce\xc0K\xc9\xb8Rj\x8c\xfe\x83G\
\xa5{t\xd0\xe3)\x1b\x04A\x85\xd1@Z\x18\x16^\
\xb4O\x0d\x199^\x14T.\xf8\xab\xeb\x9c\xc7\x92r\
8a\xe8$\xba\xc9\xd8\x0a\x85\x0f\xc0W\xc0N \xbd\
)\x11\xb6n\xdd\xaa\x973p\xbd\x87$&\x09^\x90\
\xec\xde>\x05\xfe8\xaa\xc7S\xd1\x08B\xcaE\x03Q\
\x19\xf8\xb3w\x97\xffA\xdd\xff\xd045\xf6aYN\
\x12\xecTpy\x83\x94\xc7\x09C'\xd1M\xc6V(\
|\x00\xbe\x0b\x0e\x00\xe9M\x89@a\xcd\x9b7O\x14\
\x93{\x19\x0c\xf7\xf1\xa8\x11C\xd5\xf9\xed\x17\xa1QR\
X,\xea\xf1\x94\x0d\x82\x94r!\x89\xcaBa\xb5~\
W\xb5\xb8k\xb1\x1a?V\x96S.\x16.\x5c\xa8s\
V\xca\xe5\x04\xa1\x93\xe8&c+\x14>\x00-\xc0A\
 \xbd)\x118\xfe\xe5\xfcUPP\x8d\xf1\x17W\xef\
\xf4\xbd+O\x13B\x90R.$I\xb9\x5c\xfd\x81\x9e\
\xc7\xfa\xea\xd5\xdb\xb4\x84\xd8\xcbz\xf8\xe1\x87\xeb\x09J\
\xcae\xf6\xec\xd9:o\xd3\x94\x16\xbe\xeb h\x012\
\xb2\xe2\x1d\xfc\x07io^ \xbe\xb1\xd8\xf0{\xb8\xfe\
\x8aWg\xa0\x84\xec\xd9\xe3$((\xfb\xff\xa3F\x8e\
P=\x07\x8cU5\x97\xbd\xe2\x85\xe5i\x02\x08B\x0a\
C\x12\x94E\x8b\xca\xf2\xa1\xaa\xb9t\xbf\xea?l\x82\
\x1a7\xf6\x98\xac\x1a\x83\xa7\xe9\xf0 \x19s7e\xda\
\x03\xed*\xfd\x0f8\x0e\x0c\x07\xd2\x8b\x13a\xdb\xb6m\
z\xfd\x15\xcd\xed\xca*\x0c\x0a\xeb\xd6n\x09]J\xc6\
\xe3)+\x04!\xe5B\x12\x94K\x96\xac\x00\xf3\xe7\x8a\
7\xd4\x9d\xbd\x1eU\x8f\x8c\xcb\x96\x12O\xc5\xc9\x05\xcf\
\xf5\xe5z,)\x9f\x13\x86n\xa2\xa3\xea\x85\xf5\x05\xb0\
\x1cH/N\x04\x0ak\xd1\xa2Ez\xc2]\x92\x93\x04\
\xaf\xe7\xf3\xd3;\x96\xa3\x11\x0a\xffEg\x8f\xa7\xfc\x11\
\xa4\x94\x0bIP.AYYZ\xbf\xab~\xd1~\x85\
\x9a0^\x96\x93\x04'\xde\x97.]\xaasW\xca\xe9\
\x04\xa1\x9b\xe8\xa8za5\x07\xfb\x81\xf4\xe2\xc4\x985\
kV\xfdp/_\xfc\xfc\x95\xa7\xba\x11\xa4\x94\x0bI\
P.\x92\xa8\xea\xf9P\x9dq\xed6QLa\xf0 \
\x99\x94\xcb\x09C7\xd1Q\xf5\xc2\xfa>x\x0fH/\
N\x04N\xb8O\x992\xa5^X\xf6\x12\x17\xb6\xc7\xe5\
>&\xbc\x8eO\xbf!\xe3UM\xab\x17\xbd\xb0<U\
\x0cedoC\x90\x04\xe5\x22J\xca\xc0!!\xcf\x12\
\xb9\xe4Y5h\xe4D\xf5\xc8\xf8q\xba\xf7\xd4\x18\x14\
\x16\x7f\x9c\x82s\xd0\xece\xa5\xc8{\xe0\xfb\xa0\xa6\x86\
\xff\x80+\xc0\xa7@zq\x22p\x11\x1a\xcfQ\x92\xe4\
$Aa\xdd\xdd\x9bWgx\xdb\x0b\xcbS\xe5\x08\x82\
r\x91\x04e\x91\x04\xe5\xa2ee\xb8\xfcuu\xffC\
3\xf2\x16\x16a'\x83\x13\xefRN'\x08\xddDG\
\xd5\x0b\xab\x1d\x90^\x98\x08\xdb\xb7o\xd7\xbf\xc8\xc1I\
>IN\x12\xbc\xf0\xd8%\xf7,D\xa3|\xec\x85\xe5\
\xa9<\xea\xcf+5\xe7\x90J\xe7\x93j\x04AY$\
A\xb9H\x82rqeE\xae|S\xb5\xee\xb4XM\
|D\x96\x93\x04\xaf\xaa\xc2\x1fY\x95\xf2:a\xe8\xa8\
za\xf55O\xa6\x02\x85\xc5\xc9;^\xa1A\x92\x13\
\xe1\xffY\xd8\xbbzx\xf4\x08\xf5O\xbfY\x87\x86\x0b\
6\xb0\xc7SBr\x89(\x1f\x82\x9f%I\xca\x22\x09\
\xcaE\x12\x94%(\xaa\xd6\xef\xd6\xf3\xfd\xdb\xd6BX\
c\xf5h\x87B\xe2m\x18<R\xb8b\xc5\x0a\x9d\xc3\
Rn'\x08\x1d\xa5\x85u\x12\x98l\x9eL\x05\xee,\
'\xef\x82b\x0ac\xe4\xa8\xd1\xea\xbf\xb7~\x02\x0d\xed\
{W\x9e\x14p\xa5\xe2J\xa6X\x04\xbfO\x92\x94E\
\x12\x94\x8b$)K\x88\xac\xc8\xff\xb8j\x87\x1a7\xfe\
\x11QN\xb9\xe0/\xb33\x87Sf28\xa9\x06\xff\
\x9c\x06V\x99'S\x81\xd2\xe2\xe4]\xbe\xc2\x1a3z\
\x94\x1a0l\x5c\xf1~\xd9\xd9S=\xb8\x02p\x85P\
\xae\x04\xb7_\x12\x94\x8b$(\x17IR\x96Fd\xa5\
\xb9h\x9f\x1a<j\x92\x9a\xf0\x88,\xa7 \xec\x85\xb1\
\xb3!\xe5u\xc2\xd0Q\xa7QXg\x80\xa7\xcd\x93\xa9\
\xc0\xa3\x0c\x5c5\xdb\x98\xb0xY\x0b\xdeRX]\x1e\
\x9a\xe4Oxn*\x04\x13\xdc}\x5c\xc9\x04\xf7S\x12\
\x94E\x92\x93\x8b$(\x97PY\xbds\x8cV/\xab\
\xdeC\xa7\x8a\xc2\xe2Y(\xee}\xfb\x98\xcb\x91x\xa4\
_\xca\xed\x04\xa1\xa3\xce\xa0\xb0\xce\x06o\x98'S\x81\
K\x1a8yg\xa5\xd4\x18\xbcv\xcfo\xba\xcdFC\
|\x88\x86\xf7\xc2\xaaX\x82\xc9\xeb>\xaev\x82u!\
I\xca\x22\x09\xcaE\x12\x94KNQ\x05dE.\x7f\
]\xdd\xd1{\x8e\x9a8!#\xa4|\xe0\xf9\xbf\xect\
H\xb9\x9d t\xd4\xd9\x14\xd6\xf9\xe0}\xf3d*\xf0\
\x1cB\x9a:(&\xf7DK\xf71\xcf*oy\xf7\
\x124\x96?BX\x96\xb8I\xe9&\xa9'C\xb0\xbe\
$IY$A\xb9H\x82\xb2\xb8\xa2\xcaGV\x5c\x22\
t\xc5\x1f\xd5e\xf7-Q\x93'\xcarr\xe1\x84;\
o\xed\xd2\x06)\xb7\x1bc\xc7\x8e\x1d\x85\xf2>8\x9f\
\xc2j\x03\x0e\xba\x1f\x9a$\xfcr.i\xe0X\xd8\x15\
T\x18\xe3\xc7\x8eV\xff\xf2\xdbuh|/\xab\xc4\xc9\
\x95p\xd2\xf3\x9ep\x82u+\x09\xcaE\x12\x94\x8b$\
)KTYqzEs@\xfd\xf8\x8e5\x10\x16\x86\
}\x13&\xd6\x8b)\x0c^\xcc\x8f\x17\xdetd\x92\x06\
\x07A\x9b\x1a\xfcs\x078d\x9eL\x9c\x9d;w\xea\
\x8b\xf6q\xd5\xac$'\x09\xf6\xb0\xbe\xf1\xcb\xed\x08\x02\
/\xac\x82\x09&\x92\xfb\xd8S|\x82\xf5/\x09\xcaE\
\x12\x94E\x12\x94K\xc1\xb2\xca\xf0?o\xd8\xac\xa6L\
\x92\xe5$1i\xd2$}\xe1\x02\xe6\xb2\x94\xe3\x09A\
G\xddAau\x05G\xcd\x93\x89\xc3\x9d\xe4aQI\
L\x12\xbc^\xcf\xc8\xd1\xe3\xd4)\x97\xefE xa\
5\xc0M\x107a<\xa5#\xd8F\x92\xa0,\x92\xa0\
\x5c$A\xb9\x84\xca*\x5cT\xec]\xf1\xf6\x0b\x97\xed\
P\xe3\x1e\x99\xac&M\xcc\x08\x89\xf3\xcb\x8d\xc1NG\
\xca\xc2\xa2\xa3\xbaRXC\x9c'\x13\x87;\xc9_\xc9\
\xa1\x8c\xdc\xcbZ\x04\x1f[x\xbd\x9e\xc1#'\xe8\xeb\
\xf74\x19a\x05\x83\xdf}\xec)o\x82m)I\xca\
\x22\x09\xcaE\x12\x94KNQ\xe5+\xab\x8c\xb0j.\
zR\x8dxx\xb2\x9a<I\x96S\x10J\x8d\xbf\xa2\
\x93\xb2\xb0\xc8\x10\x0akr\xe0\xc9\xc4y\xec\xb1\xc7r\
\x0a*\x08\x85\xd5w\xe8$}\x1d\xea\x8a\x17V0\xb0\
\xdd\xc7\x9e\xca'\xd8\xde\x92\xa4,\x92\xa0\x5c$AY\
\x5cQ\xc5\x92\x15yS\xff\xbe\xe7\xc0Q\xd3\x22\x09\x8b\
\x97\x86\xa2\xb0Rfr\x0d\xfeY\x1cx2\x14\x0aG\
z>_\xf8~\xfedP\x14a\xf5\x1a25S\xd1\
\xe5*,7`\xdd\x00\xf64\x0d\x82\xf1 \x09\xcaE\
\x12\x94\x8b$)K,Y\xb9\xa2\x02W\xbc\x81[\x08\
\xab\xd5\x8b\xaa\xff\xc8\x19\xa2\xb08_\xe5\xde\xb7\x8f9\
J\x8a\xeb\x82\x02XLam\x09<\x99(<R\xc8\
U\xee\x92\xb08\x11\x1f|<~\xdcX\xd5y\xe0\x8c\
Lc\xa4)\xac`@\xba\x8f=\x1eK0n$A\
\xb9H\x82\xb2H\x82r\x09\x95U\x98\xa8r\xc8\xaa^\
X/\xab^\xc3f\xa9)\x933Bj\x0c\x0a\x8b\xab\
\xddK \xac-\x14\xd6S\x81'\x13\x85\xa7\xe5\xcc\x98\
1\xa3^H\x8dAa\xb5\xeb=+\xd3`\xc5\x10V\
0\xd8\xdc\xc7\x1eO\x14\x82\xb1%\x09\xca\x22\x09\xca%\
(\xa7 I\xc8\xca\x0a\xeb\xb2W\xd4=\xfd\xe7D\x12\
\xd6\xdc\xb9su\xe7C\xca\xf1\x04y\x8a\xc2z!\xf0\
d\xa2pI?O\xcb\x91\xe4$\xc1K\xb8\xde\xd0u\
\x01\x1a-d\x95{0\x88\xdc\xc7\x1eO\x12\x04cP\
\x92\x94E\x12\x94\x8b$(K\xa8\xa8b\xca\xea\x8a?\
f\xb8\xfc5\xf5\x9b\x9e\x0b\xd5\xb4)\x93\xf4\x1a\xab\xc6\
\xa0\xb4\xf8\x0b:\x14\xd6\xae]\xbb\xd2\xe4\x85\x1a\xfc\xf3\
j\xe0\xc9D\xa1\xb0\xb8R\x962\xb2\xd7\xd8q\x91\x84\
uy\xc7\xa5hX\xaer\x17\x02\xc7\xe3I\x9b|E\
E$A\xb9H\x92\xb2\xc4\x92U\x98\xa8\x1cY\x11\xf4\
\xb0\xdat^\xac\xa6O\x95\x05%\xc1\xf3\x09K \xac\
W)\xac7\x03O&\x8a\x15\x96$+\x09^\x5c\xec\
\x92\xfbVd\x1a_\x0a\x1e\x8f'-\xb2D\x15SV\
\x92\xa0\x5c\xd2\x92\x15A\x0f\xeb\xca\xfb\x97E\x12\x16\xe7\
\xa19\xbd#\xe5x\x82\xbcIa\xbd\x1bx2Q(\
,\xee\xb0\x15\x92=\x1b\x9c\x04\x1f\x93I\x13\xc6\xab\xff\
\xbc{e&\x00\xa4 \xf2x\xd2 \x8a\xac$A\xb9\
H\x82r\x09\x95U\x98\xa8\x0a\x91\xd5\xeb\xe8a\xbd\xaa\
.\xbe\xb7\x22\x84\xf5.\x85\xf5Q\xe0\xc9D\xb1\xc2\x0a\
\x8a)\x17\x14\xd6yw\xadA \x1c\x94\x03\xc9\xe3I\
\x9aR\xc9*KTqe%\x88\xaa\x9e?\xa8\x0b\xef\
^\xaefL\x9b\xa2G?\xf90s\xe6\xccR\x08\xeb\
#\x0a\xeb\xd3\xc0\x93\x89\xc2\xcbRD\x15\xd6\xcf\xda\xaf\
E0 P\xa4`\xf2x\x92$-Y\xb9\xa2\x8a+\
\xab,Q5&+\xf2\x9a\xfa\x8f\xbbW\xa9\x99\xd3\xa7\
\xea\x03b\xf9@aq\x0ek\xf7\xee\xddi\xf2i\x0d\
\xfe\xa9\x0d<\x99(\xae\xb0\xdcKW\xe4\x82\x97\xbd\xf8\
q\xbb\x0dr0y<I\x11ETD\x12\x94\x8b$\
)K,Y9\xa2*PV\x1c\x12\xfe{\xfb\xd5\x10\
\xd6\x14QN\x12\xb6\x87%\xe5x\x82\xd4\x96LX\x92\
\x9c$\xbc\xb0<\xa9SLYI\x82r\x89\x22\xab,\
Q\xc5\x95\x15De\x81\xb0~\xde\xa1r\x84\xf5i\xe0\
\xc9D\xb1G\x09%9IPX~H\xe8I\x8d(\
\xb2\x92\x04\xe5\x22\x09\xca%TV\x8e\xa8\x92\x94\x15i\
\xf5r\xe4!!'\xddK5$\xfc(\xf0d\xa2\xd0\
\xcaQ\x85u\xfe\xdd\x14\x96\x9ft\xf7$L\xa9d\x95\
%\xaa\xb8\xb2\x0a\x13\x95 +\xf4\xae\xb8\x0e\xab\xe5\xbd\
+\xd4\xa33\xa6\xa9i\xd3\x8eA1\xb9\x8f]\xb8\x0e\
\x8b\xa7\xe6<\xfe\xf8\xe3E\x85\x8e\x90\x9e7|Da\
\xbd+\xfcGb\xd0\xca\xac\x08\xca\xc8^\x10\x8c\x04\x1f\
[xa\xb1\x0b\xeeY\x95\x09\x12)\xc8<\x9eb\x90\
\x96\xac\x5cQ\xc5\x95U\x96\xa8\x22\xcaJ\x8b\xca\xd0\xea\
%\xd5\xaa\xe3\xf2\x06\xc2\x0a\x83+\xdd\x93\x10V#\xbc\
[\x83\x7f\xde\x0c<\x99(\xdcI^\xc4^\x92\x93\x04\
\x85\xd5\xaa\x93\x17\x96'!\xa2\x88\x8aH\x82r\x91$\
e\x89%+GT\xc5\x94\x95\x11\xd6U\x0f,m \
,\xe6\xa9%\xf8\x98\xe7\x12\xf2T;)\xc7\x13\xe4M\
\x0a\xeb\xd5\xc0\x93\x89Ba\xf1\xe4gIN\xc4^\xca\
\x82\xf0\xf1\x94I\x8f\xa8\xd6\x0fp\xa5\xbb\x1f\x12z\x8a\
L1e%\x09\xca%TVa\xa2\x8a++GT\
\x92\xac0\x1c\xe4\xe5e~\xd9u\xa9\x9a5\xf3\x98\x90\
\x1a\xa3D\xc2z\x95\xc2z!\xf0d\xa2PX\x9c\xb0\
\x0b\xca)\x17S'OT7\xf6X\x8c\xa0\xf0\xe7\x12\
z\x8aH\x14YI\x82r\x91\x04\xe5\x92STqe\
\x15&\xaa<d\xd5\xea\xe5\x8c\xb0.}A\xdd\xdeg\
Q^\xc2bg\x83\xb7\xbc\xbc\x0c\xd7U>\xf1\xc4\x13\
\xa9\x01\x7f\xbc@a=\xe5\x0a%\x09\xdc/\xe5N\xf2\
\x02~\x94Q\xf0\xb2\x15D\x12\xd6\xdd\x0f\xcdG\xc3\xf3\
j\x0dB\xe0y<QIKV\xae\xa8\xcaQV\xf5\
\xc2\xda\xaf:\x0e\x9a\xaf\x1e\x9d\x99\x91\x11\xa5\xd4\x18\x0b\
\x17.\xd4\x13\xe4nn\xa7\xc0S5\xf8gK\xe0\xc9\
D\xe1N\xd2\xce\xb9\x84\x15\x84\xd7\xe8\xe91\xd4\xfe\x88\
\xaa\x10|\x1eO\x14\xf2\x15\x15\x91\x04\xe5\x22I\xca\x12\
KVa\xa2\x8a(\xab\x5c\xa2\xaa\xe7%Us\xc9s\
\xaa\xef\xa8\xb9ZX\x92\x9c$xM\xf7`g$\x05\
\xb6PX\x8b\x03O&\x0aw\x92v\x8e\x22\xac\xfe\xa3\
fe\x1aU\x0a@\x8f'\x1f\xb2D\x15SV\x92\xa0\
\x5cJ&+GT\xf9\xca\x8a\x5c\xfc\x94\x1a2.#\
,.\x08\xb5PL\xeec\xf7\xf9e\xcb\x96\x89\xf9\x9d\
0\x8b)\xac\xc9\x81'\x13\x87vv\x85\xc5\x95\xef\x96\
\xe0\xe3\xa9S&\xab\xc1cff\x1a\xa7\xcd\xa1\x86\x81\
\xe8\xf14F\x14YI\x82r\x91\x04\xe5\x12*\xab0\
Q\x95HV\xbc\x7f\xd1^5j\xc2l5\xeb\xd1\x86\
r\x92\xa0\xb0V\xae\x5c)\xe6v\xc2L\xa6\xb0\x86\x04\
\x9eL\x94={\xf6\xe8\xdf4\x0b\x8a)\x17\x14\xd6\x88\
q\xd3Q\xe9\x18k{ay\xa2R*Ye\x89*\
\xae\xac\xc2D\x15GV\xe4EU\xd3b\xb7\x1a?e\
NNa\xf1 \x99\xc5>\xc7\x1fRe.\x13\x9b\xd7\
)0\x84\xc2\xea\x0a\x8e\x0a\xff\x99\x18\xabV\xad\x12\xe5\
D\xdcKX\x10\x0ak\xc2\xa4i\xea\xd4\xab\x9eC\x00\
zay\x22\x90\x96\xac\x5cQ\xc5\x95U\x96\xa8\x8a-\
+WT\xc7\xf8J\xebmj\xda\x8ccR\xca\x87u\
\xeb\xd6\xa9\xbd{\xf7\x8a\xf9\x9d\x10tT\xd7\x1a\xfcs\
\x078d\x9eL\x1c\xee$\x7f\x97\x9f\xab\xdd\x83r\xca\
\x05\xaf\xd3\xf3\xcd\x1b\x1fG\x10zay\xf2 \x8a\xa8\
\x88$(\x17IR\x96X\xb2rD\x15WV\xa1\xa2\
\xca-+\xf6\xb0\xfe\xee\xa6Mj\xeelYL\x12\x5c\
\xe5\xbei\xd3\xa6\xb4\x85EG\xddAa\xb5\x01\x07\xcd\
\x93\xa9\xc0+6\xf0\xf0\xa9$'\x89\x19\xd3&\xab\x1f\
\xb7\xdf\x82`\xfc\xb4apz<.\xc5\x94\x95$(\
\x97(\xb2\xca\x12U\x5cY9\xa2\x8a%+p\xe9\xf3\
\xea\xe7\x1d\xd6@X\xd9C\xbf0\xb8,\x89\xe7\x04K\
\xb9\x9d tT\x1b\x0a\xeb|\xf0\xbey2\x15\xecj\
wIN\x12\xeca]~\xff\xeaL\x80IA\xea\xf1\
\x90(\xb2\x92\x04\xe5\x22\x09\xca%TV\x8e\xa8\xe2\xca\
*KTE\x96\x15\xe7\xaf.yN]\xd7m\xa5z\
l\xce,}BscPX\xfc\xe5v\xae\xa7d\x0f\
+-\xe0\x0d:\xea|\x0a\xebl\xf0\x06E\xe2\x22\xbd\
\xa9Xp-\x16\xbb\x95\x94Q>CC\x0a\xab]?\
\xaevG I\x81\xea\xf1\xa4%\xabPQ\xc5\x95\x95\
#\xaa\xd8\xb2\x92\x04\xe5p\xe9~\xdcRX\xcf\xaa\xfb\
\x06/\xce[X\x84\xcb\x92\xb8<I\xca\xed\x04y\x03\
\x9c]\x83\x7f\xce\x00O\x9b'S\x81G\x15\xe6\xcf\x9f\
\xafeDa5\xc6\xf4iSU\xff\xd1s3\x01 \
\x05\xab\xa7iS\x11\xb2\x0a\x13UDY\x85\x8a*O\
YYa]\xb4O\x0d\x19?O\xcd\x99-\xcb)\x08\
{XK\x97.\xd59,\xe5v\x82\xd0QgPX\
\xa7\x81U\xe6\xc9T`\x0f\x8ek\xb1\xf2\x11\x96>K\
\x1c\xc2zx\xe2\xa3h\x1c\xbf\xb4\xc1\xe3\x10ETD\
\x12\x94\x8b$)K\xb5\xc9J\xf3\x82\xaai\xb1K=\
2evNaq$\x14|\x8ek\xb0\xa4\xbcN\x18\
:\xea4\x0a\xeb$0\xd9<\x99\x0aO>\xf9\xa4^\
\xda\x10\x14S\x18S\xa7MW\x7fq\xdd\xd3\x08T/\
,\x0f(\xa6\xac$A\xb9\x84\xca*LTqe\xe5\
\x88*\xae\xac\xb2Du\x8c\xaf\xb7\xd9R/\xa6|\xe1\
\x92\x06\xe6\xb0\x94\xdb\x09BG\x9dT\x83/\xa6\xb4\xfa\
:\xff\x918\xdc\xd9\x8d\x1b7\xea\x89wIN\x12\x8f\
\xce\x98\xaa~p\xe7v\x04\xab?R\xd8\xe4\x89\x22+\
IP.\x92\xa0\x5cr\x8a*\xae\xac\xc2D\x95\x8e\xac\
8\xe1\xfe\xd3\xf6\xeb\xd5\xbc\xb9\xf9\x0b\x8b\x97\x95\xe1Q\
~\xe6p\xca\xf4\xdd\xb7o_\x8d\x16\x16h\xe7\xfcG\
*\xf0\xca\xa3\x1c\x0f\xdb\xcbV4\x06/}q]\x0f\
\x7f\xa9\xe4&OZ\xb2rE\x15WVY\xa2*\xb6\
\xac\x04A\xb9H\xa2\xd2<\xafj.~Z\xdd\xd8s\
\xb9\x9a\xff\xd8\x1c\xbdT\x81PJ\xf6\xbe\x04/\x5c\xc0\
\xeb`I9\x9d0tT\xbd\xb0\xae\x00\x9f\x02\xe9\x85\
\x89\xc0\xa3\x0c\xb4\xb5$'\x89\x993\xa6\xab\x1e#\x16\
f\x82I\x0adOu\x13ETD\x12\x94KPP\
.\xb1d\xe5\x88*\xae\xacBE\x15GV\x04\xc2\xba\
\xe8I\xd5o\xccB\xf5\xd8\x5cYN\x12\x8b\x16-\xd2\
\x13\xeeRN'\x08\xddDG\xd5\x0b\xeb\xfb\xe0= \
\xbd8\x118\xf1\xce\x9d\xe7pO\x12T\x10\x0ak\xcc\
\xc4Y\x99\x86\xf4\xf3XM\x8bb\xcaJ\x12\x94K\xc9\
d\xe5\x88*\xae\xacDA9\x5c\xf2\xac\x1e\x0e\xf2\x1c\
\xc2\x89\xd3\xe75\x10\x16;\x12\x16\xf71\xef\xf3<`\
;\xad\x93\x22t\x13\x1dU/\xac\xe6`?\x90^\x9c\
\x18+V\xac\x10\xe5\xc4\xb9\xad\x5c|\xfd\x86}\x08b\
/\xac&C\x14YI\x82r\x91\x04\xe5\x12*\xab0\
QU\x9a\xac2\xc2\xfa\xdb_o\xc9\x92S>\xac]\
\xbbV\xed\xdb\xb7/m\xf6\x83\xe6\xa0^X_\x00\xcb\
\x9d\x17\xa4\xc2\x86\x0d\x1b\xf4\x99\xdf\x92\x98$f?:\
]]\xd8q3\x82\x13\x81+\x05\xb7\xa7\xba(\x95\xac\
\xb2D\x15WVa\xa2*\x95\xac\xc0\xc5\xcf\xa8\xcb\xee\
_\xad\x16\xcc\xcb\xeeQ\x05\xe1\xaav{\x9f\xf3W\x9c\
p\x7f\xea\xa9\xa7\xc4|N\x10\xba\xe9\x0b\xa0\xa6\x86\xff\
\x80\xe3\xc0p \xbd818y\xc7I>WJ\xf6\
\xf2\x15\xee}\x0b/\x7f\xd1i\xe8R\x04\xd8\x9f\xe4\x00\
\xf7T\x0fi\xc9\xca\x15U\x5cYe\x89*\xa6\xac\xa2\
\x88\x8aH\x82\xb2\xb8\xa22\xb2\xe2\x82\xd1.\xc3\x97\xa8\
\xf9\xf32B\xa2\x98\x1ac\xc1\x82\x05\xfa,\x15)\x97\
\x13\x86n\xa2\xa3\xea\x85E\xda\x03\xe9\xc5\x89\xc1y,\
\xaex\x97\xe4$Aa\x8d\x9c07\x13\x0c~XX\
\x9dD\x11\x15\x91\x04\xe5\x22I\xca\x12KV\x8e\xa8\xe2\
\xca\xca\x15U\xd2\xb2\xd2p\xfej\x97\x9a0}\xa1\x16\
\x96$'\x09\xaepg\xceJ\xb9\x9c0t\x93\xf6\x94\
.\xe6A\x0bp\x10HoH\x04\xcecq\x12/_\
aY\xbe\xf1\xeb\xa7\x10\xdc^XUG1e%\x09\
\xca%TVa\xa2\x8a++GTqe%\x09\xca\
E\x94\x15yN\xfd\xed\x0d\x9bD)\x85\xb1f\xcd\x1a\
1\x8f\x0b\x81\xc3\xca|\xc0k\xe9$\xba)#+\x16\
>\x00\xdf\x05\x07@\x83\x0fO\x0an\x10\xaf\x8d%I\
)\x17sf\xcdTWt\xd9\x90\x09X)\xe8=\x95\
I\x14YI\x82r\x91\x04\xe5\x92\x96\xac\xb2DU&\
\xb2\xe2p\xf0\xe2\xa7\xd4\xafz\xacV\x8b\x16\xcc\xd3\xf3\
R\xf9\xb2y\xf3\xe6\x06BI\x81\x03\xe0\xbb\xc0\xd8\x0a\
\x85\x0f\xc0W\xc0N \xbd)1x\xa9\x19\x1e.\xb5\
\xd7\xdai\x0c^h\xac\xef\x98\xc5\x08\xb4\xf7\xe4\xc0\xf7\
T\x1ei\xc9*TTqe\xe5\x88*\xb6\xac\x04A\
\xb9H\x82r\x91De\xd1\xf3W{\xd5\xe0G\x96\xa8\
\x05\xf3e1I\xf0\x0a\x0d\xbc\xa4\x8c\x94\xc3\x09C'\
\xd1M\xc6V(|\x00N\x04\xe3\x81\xf4\xa6\xc4\xe0\x9a\
\x0eV\x06e\x14<\xc9R\x82'iN\x9d1W5\
\xe3\x99\xe6~XX\xf9T\x84\xac\xc2D\x15QV\xa1\
\xa2\x8a)+IP.\x94\x15nO\xb9t\xbb\x9a9\
{\x81(&\x17\xce/\xdb\xfbv\xfd\x95\x94\xc3\x09C\
'\xd1M\xc6V(|`\xb8\x13\x1c\x05\xd2\x1b\x13\x83\
'B\xe7+,\xc2k\xf7\xfc\xf8w\xbb\x10\xf0\xfe\xbc\
\xc2\x8a%\x8a\xa8\x88$(\x17IR\x96\x92\xc9\xca\x11\
U9\xc8J\xf3\xb4\xfa\xc5\xef\xd6\xaa\xc5\x0b\xe7\xeb\x1e\
\x16\xa5\x94\x0f\x9c\xba\x91r7a\xe8\x22:I\xfb)\
\xab\x98'\x7f\x06>\x04\xd2\x9b\x13\xe1\xe9\xa7\x9f\xd6c\
c.o\x90\xe4$Aa=0|9\x82\xd1\xff\xb8\
jE\x12EV\x92\x9c\x5c$A\xb9\x84\xca*LT\
e$+IP.\x92\xa0\x5c\xeae\x05Z\xeeQ=\
F-\xd3\xc2\x0aJ\x89\xcb\x16,\xeec\x8e\x80x\xee\
/s5e>\x04?\x03\xc6RN\x81<\xc8\x99\xe0\
9\xe7\x0d\x22V4\xc5\xc2^\xd0\x8f\xd2\xca\x97\x89\xd3\
\xe6\xa2\xe1\xfd\xf5\xb1*\x8eR\xc9*KTqe\x15\
&\xaa2\x92\x95+*\xcd\xd3\xeas\x17mW3\xe6\
,\xca\x92Sc\xd8\xe5\x0cR\xee&\x0c]t&0\
\x96r\x0a\x9f\x04\xa7\x809@zsb\xf0\x88!\x7f\
I\x96\xbd'IN\x12\xf3\xe6\xceV?\xbd{'\x92\
\xc0\x0f\x0b+\x86\xb4d\xe5\x8a*\xae\xac\xb2DUl\
Y\x09\x82r\x91\x04\xe5\xc2\xf5T\x92\xa8H\x03Y=\
\xa5\x17\x8b\x9e\x7f\xcfz\xb5d\x91,\xa6\x5cp9C\
\xb1;)yB\x17\xd1I\xc6RN\xe1\x93\x86\xce@\
zs\xa2\xf04\x1dIL\xc4\x9e\x94I\xecc\x9e\xb0\
\xd9m\xe42\x04\xa8_\xf5^\xf6D\x11\x15\x91\x04\xe5\
\x22I\xca\x12KV\x8e\xa8\xe2\xca*TT!\xb2\xe2\
U@\xf5\xad\x15\x13\x1e\x13-\xa7\x5c\xe4!+\xf4\xae\
xt\xf0\xc1\x87\x97E\x12\x16\x87\x83<\x1dG\xca\xd9\
\x14\xa0\x8b\xb4\x97\xc4b\xfe\xb3%8\x08\xa4\x0fH\x0c\
.\xf9\xe7\xd1\x08WN\x8d1\xfd\xd1y\xea\xb8\xcb\xd0\
\xb8~XX\xbe\x14SV\x92\xa0\x5cJ&+GT\
y\xcb\xcayl\xa5$!\x0a\xca%LV\x14\x95\xe5\
i\xf5\xdf.\xdd\xa6f?\xb6XK(\x0c^E\x85\
\xf0\xbe\x1d\x0e>\xf3\xcc3\xa9\x02'\xd0At\x91\xb1\
\x93P\xf8\x9f\xe0,\xb0_\xfa\x90$a\x97\x93\x87N\
\x83=\xaa\x5c\xf0\xfc\xa7\xf9\x8f\xcdV\x97v\xde\x8a\xc4\
\xf0\xc3\xc2\xb2$\x8a\xac$A\xb9H\x82r\x09\x95U\
\x98\xa8\xac\xac\xde<F\xa3\xb2\xfa\x83CPV\xafd\
\xe3\x8a)\x88$(\x17QP.\xae\xa8\xd0\x83\x0a\x91\
\x15\xaf}um\xb75j\xd9\x92\x8c\x8c\xf2\x85Wg\
\x80\x0f\xc4\x9cM\x18:\xe8,`\xec$\x14\xfe'8\
\x09L\x07\xd2\x87$\x0a\x7fM\x96\x22r\xa5\x14\xc6\xbc\
\xc7\xe6\xaaa\x13\x97d\x82\xce\xf7\xb2\xca\x8bR\xc9*\
KT\xe4\xedl\x1a\xc8\xca\x11U\x03Y\x85\x89\xaa\x94\
\xb2rD\xd5\xa8\xac\x0c-v\xa9\xb1\xd31\x1c\x5c,\
\x8b)\x17\xfc\xc1T)WS\x80\x0e\xa2\x8b\x8c\x9d\x84\
\xc2\xff4\xb4\x05u@\xfa\xa0\xc4\xe0UH9n\x96\
\xe4\x14\xc6\xdf\xde\xc2kd\x09I\xe3)\x0dE\x97\xd5\
\x87\xd9\x82\xb2\xf0l\x07\x978\xb2\xca\x12ULYI\
\x82r\x91\x04\xe5\x22J\xca\x12\x94\x95+*AV\x17\
!7\xc0?\xdf\xbaQ\x14R\x18<\x10V\x8a\xe1 \
\xa0{\xe8 \xed\xa3\xd0b^t.x\x07H\x1f\x96\
\x18\x1c\x16\xf2'\x84\xf2\xe9]Y\x16\xcc\x9b\xab\xee\x1e\
\xb2\x16\x01\xec'\xdfKN\x14Q\x91k>\x0e\xc8\x89\
b\xcaE1e\xe5\x88*\xae\xac\x5cQ\xc5\x95\x95(\
(\x97\xc2d\xc5\xb5W]F\xae\x8c<\x1c\xe4\xaf\xe3\
\xe43\x1c|\xf6\xd9g\x8b\x0a>\x93\xee\xa1\x83\x8c\x95\
B\x0a_\x04N\x03\x1bA\x83\x8dK\x12n\xec\xd6\xad\
[\xf5\x99\xe1\x94Q\xf0lq\x09^\x1ec\xea\xa3\x0b\
\xd4q\x97\xbf\x8a\xa4\xf1\xc3\xc2\xfcH`\xce/\xa7\xac\
\xccc-\xa7\x10DIY\xa2\xc8*LTqe\xe5\
\x88*\xaa\xac$A\xb9\x88\x82r\x09\x93U\x0eQi\
\x9eT_\xbc|\xbb\x9a;\x7f\xa9Z\xbcxq\xde\xf0\
wCy\xbd\xba\xa0LRb#8\x0d\x18+\x85\x14\
\xbe\x08Vm\x86\xdb~@\xfa\xb0D\xe1%gXY\
\x94\x91=\x8f\xa91x\xd6\xf9u\xbd\xb7f\x12CJ\
\xa6&CPD|\x9c\x02\xf5\x92\xca\x81$(\x8b(\
(\x97\xb4d\x15&\xaa2\x92Uc\xf3UY\xb2\x02\
-\x9fP7\xf7Y\xad\x96/\x95\xc5\xe4\xc2\xbc#\xbc\
\xcf\xd3\xe5\xb8>R\xca\xd1\x14\xa0{\xe8 c\xa5F\
\x0a_\x08.\x06\x9f\x00\xe9\x03\x13\x85\xe7-Ib\xca\
\x05\xcf\x89\x9a0cQ&\xd0\xaa\xb2\x97E1\xb8\xf7\
\xcb\x08IP.\x92\xa4,\xa2\xa0\x5c\xf2\x15U\xb5\xca\
\xca\x11U!\xb2B\xef\xaa\xe6\xc2\x1dj\xda\x9c\xa5Y\
2\xb2\xf7\xc3\xe0\xda+)7S\x80\xce\xa1{\x8c\x8d\
\xf2(|1h\x0e\xf6\x01\xe9C\x13\x85k\xb2\xb8\x06\
D\x92S.\xd8\xcb\xfa\x8f\x8e;3I\x92\x95\xec\xe5\
\x0a\x13>\xf8\xb8\xc2\x08\xca\xc9E\x12\x94\x8b((\x8b\
#\xaa\xd8\xb2\x0a\x13UDYE\x11\x15\x91\x04\xe5\x22\
J\xca\x12\x94\x95+\xaa\xc6d\xb5\xb7\x9e\xcb;\xafW\
+\x96\xc9R\xca\x05\x97\x17q\xb2]\xca\xcd\x14\xa0s\
\xe8\x1ec\xa3<\x0a_\x0c\x8e\x07\xc3\x80\xf4\xa1\x89\xc2\
\x89>N\xbe76,\xb4'm\xce\x9b\xbf@\x0bk\
\xc4\xe4e\x08\xd8w\x90L\xa5\xece1\x99\x83\x8f\xab\
\x0cIP.\x92\xa0\x5cDIY\xcaEV\x8e\xa8\x8a\
-+QP.\x11d\x95%*WV\xe8]\xb5\xd8\
\xa5\xc6\xcf\x5c\xa1\x96/[\xaa\x17\x80\xbaPL\xc1\xe7\
\xec\xf3\x1c\xe1pN\xf9\xb9\xe7\x9eK\x1d\xe4?\x9dC\
\xf7\x18\x1b\xe5Y\xf8\x06\xd0\x12\x1c\x94>8ixv\
\xb8\x96\x91#\xa6\xc6X\xb8`\xbe\xfa\xc9\xddO \xa9\
\x5ca\x04a\xd2I\xcf\x93@bz\x1a\x22\x09\xcaE\
\x12\x94E\x14\x94K\x14Y\x85\x89\xaa\x84\xb2\x92\x04\xe5\
\x22\x0a\xca%LV\x8e\xa8Be\x05Z\xeeQ\xff\xf9\
\xfb\x8d\xa2\xac\xc2\xe0R\x06^\xa8O\xca\xc9\x14\xa0k\
Z\x02c\xa1\x08\x85o\x02g\x80=@\xfa\xf0D\xb1\
+\xdf%1\x89,X\xa8/\x991|\xf2\xf2L\xc0\
z\x01\x15\x1fIP.\x92\xa4,\xa2\xa0\x5cBd\x95\
%\xaa\xb8\xb2\x0a\x13U)e\x15\x14U\xd4\xf9*G\
V$\xa4w\xe5BA\xb9\x8f\xed\xcav)'S\x80\
\xae\xa1s\x8c\x85\x22\x14\xbe\x09\x1c\x07\x06\x01\xe9\xc3\x13\
\x87\x13\x7f\x5cHj\xa5\xe4\x9e\x94\x99\x8bE\x0b\x17\xa8\
\x9f\xdf\x87^\x16\x13HJ:Oa\x04\xe5\xe4\x22\x09\
\xcaE\x14\x94K\x0eQ\xc5\x95U\x96\xa8*HVZ\
X\xf9\xca* *\xf4\xac\xc8E\x9d6\xa8\x15\xcb\x97\
\xd5\x0b\x89\xb7\xf9\xc0K\x96K\xb9\x98\x12t\x0d\x9dc\
,\x14\xb1\xf0\x8d\xe0BP\x92a!\x978\xb0\x12%\
1\xe5\x82\xc2\x1a3mY&`}/+>\x92\xa0\
\x5c$A\xb9\x88\x82\xb28\xa2\x8a-+GTqe\
\x15ETD\x12\x94\x8b()K\x98\xa8\x0a\x90\x15o\
/\xd8\xae&\xcdZQ/\xac|\xb1\x97\x91y\xfe\xf9\
\xe7S\x07\xf9N\xc7\xd05\xc6>\x05\x14\xbe\x19\x9c\x0e\
v\x81\x06B\x89\x82\xb4\x91\x8d\xc1\xf7\xf1\xfcB+#\
\xf7\x8c\xf20x\xf9\x8c\x0b\xee\xdf\x8d\x84\xfa\x04I\xe7\
\xa5U0\x92\xa0\x5c$A\xb9\x88\x92\xb2\xc4\x90U\x96\
\xa8\xe2\xca\xca\x11UTYIrr\x11\x05\x95\x8b(\
\xbd\xaa\x1c\xb2\xd2<\xa1\x8f\x0c\xaeZqLD\x9cZ\
!\xee}\x09\xce\x1bKy\x98\x12\xbb\xc0\xe9\xc0\xd8\xa7\
\x80\xc27?\xf3\xcc3\xcdp\xdb\x1dH_\x928\xec\
e\xb1K+\x89)\x17\x8b\x17-T\x13f.E\x00\
\xbe\x8e\xc4\xf3\xc2*\x08IP.\x92\xa0,\xa2\xa0\x5c\
\xa2\xc8\xca\x11\x95\x97\x95! +\x17\xf4\xae\xa6?\xb6\
R\xad\x5c!K)\x17\xabW\xaf\xd6\x0bE\xa5\x1cL\
\x09:\x86\xae1\xf6)\xb0\xf0\x03\xc0\xf7\xc1[@\xfa\
\xa2D\xb1\xbd,IL\xb9\xe0yPK\x17/T\xbf\
yh[&\x81\xbc\xb4\xa2!\x09\xca%((\x17Q\
P.!\xb2\xca\x12U\x5cY\x85\x89\xaa\x1ae\xf5\xa4\
\xee]\xdd1`\xbdZ\xbdR\x96R\x18\xbc*\x83\x94\
\x7f)A\xb7\xd01\xc6:1\x0a?\x04\x9c\x02\xe6\x00\
\xe9\xcb\x12\xc7\xcee\x05\xa5\x14\x06/\xa3\xc1\xf3\xa7\xfe\
\xfc:\xfe\x1c\x98\x17V\xdeH\x82\xb2H\x82r\x11\x05\
\xe5\x92CTqe\x95%\xaa\x88\xb2\x8a\x22*\x22\x09\
\xcaE\x94R.\xa2\xc8J\x92\x94\x03\x86\x83\xcd\xaf\xdd\
\xaa\x16,^\x11\xb9wU\xca\xb9+\x03\xddB\xc7\x18\
\xeb\xc4(\xfc\x10\xc3\xb5\xe03 }a\xe2\xf0\x97u\
$1\xb9\xf0\xb4\x03\xf7\xf1\xd2%\x8bU\xf7\xb1\x1b3\
\xc9\xe2\xa5\x15\x8e$(\x17IP.\x0d\xe4\xe4\xe2\x88\
*\xb6\xac\x1cQ\x95\x93\xacD!\x85\x90%\xaa\xc6d\
\x15D\x10V\x8b\xdd\xaa\xf7\xd8\xb5j\xcd\xaa\x15j\xc5\
\x8ahp\xeej\xff\xfe\xfd\xa5\xe23p-\xd0\x9e)\
J\xe1\x87\x813\xc1^ }i\xe2p|\xcd\xca\xb5\
'j\xe6\xcb\xa2\xc5K\xd4\xb9\xed\xd1\xc8^X\xb9\x91\
\x04\xe5\x22\x09\xca\x22\x0a\xca%\x8a\xac\xc2D\x15WV\
\x8e\xa8\xa2\xcaJ\x12T\x10IJ\x22Q\x87\x80A\x02\
\xa22\x13\xed\xff\xd6n\x93Z\xbebe\xbd\x84x\xa6\
H>\xd8uWR\xce\xa5\x04\x9dB\xb7\x18\xdb\x14\xa1\
\xf0\xc3\xc0q\xe0A }i*\xf0\xd23\x92\x94$\
x\x8a\xc1\xe2%K\xf5Y\xea\xe3\x1f]\x95\x09p/\
\xad\x86H\x82r\x91$e\x11\x05\xe5\x12\x22\xab,Q\
\xc5\x95U\x98\xa8R\x90\x95\x8b()K\x11ee\x8f\
\x0a\xf2\xfe\x85;\xd5\xe49\xab\xd5\xeaU\xb2\x94\xc2\xe0\
%d\xa4\x5cK\x11:\x85n1\xb6)R\xe1\x07\x82\
\x1f\x82\xb7\x81\xf4\xc5\x89\xc3\xbf\x04\xbc\xec\x85\x15R\xbe\
\xf0\xe4\xcf\xdb\x07mG\x92}\x84$\xf5\xd2\xaaG\x12\
\x94\x8b$)\x8b((\x97\x1c\xa2\xf2\xb22\x04d\x15\
*,GT\xae\xacH\x8b]\xaa\xc3\xa0\xb5j\xedj\
YH\x16\xe6\x8d\xc5>\xc7_\xaa\xe29\x83R\xae\xa5\
\x04]B\xa7\x18\xcb\x14\xb1\xf0C\xc1\xc9`*\x90\xbe\
<\x15\xf8\x17\x81\xcb\x1c$1\xe5b\xd9\xd2%j\xc1\
\xa2e\xea[\xb7>/'nSD\x12\x94E\x12\x94\
\x8b((\x8b#\xaa\xd8\xb2\x0a\x13UDYE\x11\x15\
\x91\x84\x94\x0bQP\x0eY\xa2\xca!+K\x14Y\x81\
\x7f\xb8u\x8bZ\xb6\xe2\x98\x88\x5c1\x85\xc1e\x0c\xfc\
\x01\xe3\x17^x!q\x98\xb7\xd2\xf3`*8\x19\x18\
\xcb\x14\xb1\xe0K-\x17\x80\x8f\x9c/M\x15.s\xe0\
\xa5[\xad\x8c\xec9P.\xd2\xf3<\xa7j\xe4\xb4\xb5\
\x08\xfc\x03H\xd8&\xdc\xcb\x92\x04\xe5\x22\x09\xcaE\x94\
\x94\xa5\x5cd\xe5\x88\xaa\xacd%\x08\xca%\x92\xac\x9e\
\xd0k\xae\xc6=\xbaV\xad[#K)\x0c\x1e\xc4\xe2\
\xc1,)\xc7R\x82\x0e\xb9\x00\xd4\xbc\xf8\xe2\x8b\xc62\
E.\xfcp\xf0E\xb0\x14H\x1b\x91\x0a\xbcV\x0f\x0f\
\xc7\x06\xa5\xd4\x18+\x97/Um\x07\xef@2\xd9\xeb\
\xbf\x0b\x09]\xcdH\x82r\x91\x04e\x11\x05\xe5\x12E\
Va\xa2*\xa1\xac$!\x85!\x09\xaa\x9e\xe0\x10\xd0\
\x0a+\x87\xb8\xc2d\x95%*#\xab\x16\x8f\xab\xbb\x87\
\xae\xcf\x92\x15{M\xc4\xbd/\xc1\x89v\x1e\xc4\x92r\
+E\xe8\x10\xba\xc4\xd8%\x81\xc2\x0f7\xb4\x01\x9f\x01\
iC\x12\x87]L\xfe\x85\x90\xa4\xd4\x18K\x96.S\
?\xf9\xfd\xd3H\xd0&v\xda\x8e$(\x17IR\x16\
QP.!\xb2\xca\x12U\x5cY\x85\x89\xaa\xdce\xe5\
\x12_V\xe7\xff~\xb3Z\xb5z\x8d(\xa4\xc6\xb0\xcb\
\x18\xa4\xdcJ\x09\xba\x83\x0e\xd1>I\xb4\x98/9\x1d\
l\x05\xd2\xc6\xa4\x02\x17\xba\xf1/IPH\x5c`\x1a\
|\xec\xc2\x13B\x1f\x9d\xbfR}\xe9:\xfehE\x13\
\x11\x96$(\x8b$(\x17QP.9D\x15WV\
Y\xa2\xaaRY\x85\x89J\x92U\x8b\xddZXg\x5c\
\xbbM\xcd[\x8c\x9e\xd2\x1aYHa\xd8\x89v)\xa7\
R\x84\xee\xa0C\x8cU\x12,\xfc\x12C;P\x0b\xa4\
\x0dJ\x05^h\x8cC\xc3\xa0\x94\x1a\x83'\x86\x0e\x9d\
\xba!\x93D\xd5,-IP.\x92\xa0\x5cDAY\
\x1cQ\xc5\x96\x95#\xaa\xb8\xb2\x8a\x22*\x09IP\x16\
QP.\x90\x95K.Q\xc5\x90\x15\x970\x8c\x9e\xb1\
^mX\xb7F\xafP\x8f\x02\x87\x82\x9cNy\xf1\xc5\
\x17KI-h\xf7\xd2K/i\x8f\xa4R\xf0\x85\xe4\
,\xb0\x07H\x1b\x95\x0a\xec\xd6\xf2<C\xf74\x83|\
\xe1\xf9Vw\x0c\xd9\x89d\xab\xd2\xf9,IP.\x92\
\xa0\x5cDIYb\xc8*KTqe\xe5\x88*\xae\
\xac$A\xb9\x88\x82rIAVz\xdejCA\xb2\
\x22<_\x909#\xe5R\x8a\xd0\x19t\x87\xb1I\x0a\
\x85_\xc6e\xf4\xb8\xed\x00hLi\xc3R\x81CC\
vu%)\xb9\xd8\x15\xc0\xc4\xae\x08\xe6\xedO\xef\xab\
\xc2\xf9,IP.\x92\xa0,\xa2\xa0\x5c\xa2\xc8\xca\x11\
U\x5cYe\x89\xaa\x9cd\x15&\xaa\x88\xb2\x92D\xe5\
\xc8\xea\xbc{7\xab\xd5k\xd6\x8a2j\x0c;\x14\x94\
r(E\xe8\x0a:#\xb9#\x83\xb9\x8a\xf9\xd2\xaf\x83\
\xdd@\xda\xb8\xd4\xe0\xda,-\xa0\x80\x98\x1ac\xd5\xca\
\x15j\xf6\xc2\xd5\xeaK\xd7!\xc0\xabEX\x92\xa0\x5c\
$IYDA\xb9\xe4+\xaa\xb8\xb2rDU\xb5\xb2\
rD\x15&+\xcd.=o5\x7f\xc9\x1a\xb5n\xad\
,$\x17\x0e\xfd\x82p\xcd\x95\x94;)CW\xd0\x19\
\xc6\x22)\x16~\xa9\xa1-8\x02\xa4\x0dL\x05\xae'\
\xe1\xd0P\x92Rc\xf0d\xd1\xe1\xd37e\x92\xaa\xd2\
\xa5%\x09\xca\x22\x09\xcaE\x14\x94\xc5\x11UlY\x85\
\x89*\xa2\xac\x82\xa2r\x91\xe4\x14D\x12\x94\x8b()\
K\x04Ye\x89*\xaa\xac\x1e\xaf\x9f\xb7\xda\xb8\xbe\xa1\
\x88,\x5c\x9b\x18\xc4\xfe\x1f\x8f\x0ar\xce\xf7\xa5\x97^\
\x12\xf3'\x17|}\x119\x02\xda\xbe\xf2\xca+\xda\x1b\
%)\xfcb\xd0\x1cl\xe7Fq'\xe3\xe0\xec\x5cd\
\xd8\xdde\xe3X\x11\xd9\xd3\x0f\xf2\x81\xe7`u\x1c\xcd\
\xf5YH\xc6J\x94\x96$(\x17IP.\xa2\xa4,\
\x15(+\x22\x09\xca\x22\xc9\xc9E\x14\x94K\x98\xac\x1c\
Q\x15CV\xe8]u{x\xa3\xda\xb0\xbe\xa1\x90\xf2\
\x81\x7f\xc8\xb9\xd8Z\xca\x99\x94\xa1#\x9a\x03c\x8f\x12\
\x14~\xb9\xe1\x16p\x18H\x1b\x9a\x1a<\x02\xc2\xa5\x0e\
\x92\x94\x1a\x83\xd2\xbau\x10\x82\xa4\xd2&\xe1%A\xb9\
H\x82\xb2\x88\x82r\x89\x22\xab0Q\xc5\x95\x95#*\
WX\xf66\x88$)\x8b$(\x17QP.\xb9D\
\x95\x80\xac\xd0\xb3\xea0\xa4pY\xf1\xf7\x05y-9\
)WR\x86n\xa0#\xb4/JZ\xccF|\x15l\
\x02\xd2\xc6\xa6\x06{i<\x12\x22\x09\xa91(,\xca\
\xee\x9a\x07\x9fD\xa2\x1f\x84\x0c*@Z\x92\xa0\x5c$\
IYDA\xb9\x84\xc8*KTqe\x15&\xaa\x1c\
\xb2rIMV\x8e\xa8\xe2\xca*TTFV\xe8Y\
\xdd\xd8w\xb3(\xa20()\x0b\x7fA=\xee\xc8\xa5\
H\xd0\x0dt\x84\xb1F\x09\x0b7\xc2\xd0\x1a\x1c\x04\xd2\
\x06\xa7\x06\xbb\xbf\x1b7n\x14\xa5D(\xa50\x96\xaf\
\x5c\xad.\xec\xca#\x87e.-IP.\x92\xa4,\
\xa2\xa0\x5cr\x88*\xae\xac\xb2D\x15SVQDE\
$A\xb9\x88\x92\xb2\xc4\x91\x95#\xaa\xbcd\xb5K\xdf\
^\xd6u\xabZ\xbb\xee\x98|r\xc1\xa3\x7fA\xf8\xbc\
]\xc2\xf0\xf2\xcb/\xeb\xbc\xe0m)\xc0w\xd3\x09\xad\
q_{\xa2,\x0a7\x04\x9c\x0af\x057\xb8\x14\xf0\
24\xfck\xe3\x8a(\xb8\xe2W\xc2\x9e\xea\xb0l\xc5\
\x1a\xf5\xaf\xf7\xee\xcf$~\xb9I+(\xa6 \x92\xa0\
\x5cDAY\x1cQ\xc5\x96\x95#\xaa\x82e\x95CZ\
\xc5\x94\x95((\x97\x08\xb2\xca\x12U\xe1\xb2\xfa\xbfw\
mQ\xab\xd7b(\x18\x10Q\xbe\xf0\xf7<\x9f}\xf6\
Y17J\x00\x9dp*0\xb6(\x83\xf2\xea\xab\xaf\
\xd6p\x83\xc0O\xc0\x01 mx\xaa\xec\xdd\xbbW\x1f\
\xe2\x0dJ)\x1fx\xca\xc3\x82\xa5k\xd5\xb7o\xe7\xf5\
\xe0)\x8a2\x91\x96$(\x17IP.\xa2\xa4,\xe5\
$+\x97\x18\xb2\x92\x04\xe5\x22\x0a\xca%LV\x8e\xa8\
\x8a(\xab\x7f\xbe}\xbbZ\xb1z\xa3\xda\xb4Q\x96Q\
cp\x92\x9dk\x13\xa5\x9c(\x01t\x01\x9d\xa0\xfdP\
V\xc5l\xd4\x89` \x906>U\xd0\xdb\xd3\xa7\xee\
HB\xca\x07Jk\xce\xe2\xf5\xea\xab7\xf2\x9cC\x0a\
\xa3\xc4\xd2\x92\x04\xe5\x22\x09\xca\x22\x0a\xca%\x8a\xac\xc2\
DU\xa5\xb2\xca\x12UDY5*\xaac\xb2\xfa\xeb\
\xeb\xb7\xa9E+\x0a\x97\x15\xa7Bx\xe0\x89\xb1/\xe5\
D\x09\xa0\x0b\xe8\x04c\x892+\xdc0\xf0\x1d\xf0\x0c\
\x90v U\xb8\xf6\x84\x97U\x96\x84d\x09\xf6\xc2\xdc\
\x05x\x5c\xa47}\xc1Fuj\x1b\xfe\xbe!\xc5Q\
\x22iI\x82r\x91$e\x11\x05\xe5\x12\x22\xab,Q\
\xc5\x95U\x14Q\x91R\xc9\xca\x11U\x8a\xb2:\xfd\xea\
\xedj\xf6\xe2Mj\xcb\xa6\x86\x12\x22\xee\xfd\x5c\xf0\x0f\
4'\xd9\xa5\x5c(\x01t\x00]`\xecP\x86\x85\x1b\
\x07\x9a\x81v\xe00\x90v$U\xec/\xee\x04e\x94\
/<o\x8b\xd2*YOK\x12\x94E\x12\x94\x8b(\
(\x97\x1c\xa2\x8a+\xab,Q\x09\xb2\xb2\xc2\xb2\xb7\x0d\
(PTD\x12\x94\x8b()K\x04Y\x85\x89*\xa2\
\xac\xbey\xc36\xc8j\xa3\xda\xbcI\x16Q>\xd8K\
\xc6\xbc\xf2\xca+\xe5\xc0a\xc0\x8b#\xd0\x05\xc6\x0ee\
Z\xb0\xa1\xe4+`\x19\x90v&u\xec\x91C\x0a\xc8\
\xae\xfe\x8d\xc2\xfauk\xd5\xbc\xa5\x1b\xd5w\xda\xbe\x94\
\x11E\x1a\xd2\x0a\xca)\x88$(\x17QP\x16GT\
\xb1e\xe5\x88*_Y\xb9\xe4\x12U\xb1e%\x0a\xca\
%LV\x8e\xa8\x8a,\xabsn\xdf\xa6\x16\xaf\xdc\xa4\
\xb6n\x96E\x94\x0f\xf6GP\xa5\xd8/\x11\xcc}:\
\xc0X\xa1\x8c\x0b7\xd2\xf03\xf0&\x90v(ux\
\xe4\x90\xddjIH\xf9@i-Z\xbe^\xfd\xe8\xf7\
\x08~\x0a#Ii\x05\xe5\x14D\x12\x94\x8b()K\
\x14Y\x85\x89*\xa6\xac\xb2D\x15SV\x92\xa0\x5cD\
A\xb9\xe4\x12UR\xb2\xca,\x0a\xfd\xf7\xbb\xb7\xaa\x95\
k6\xc5\xeaY\xd9#\x82R\xcc\x97\x08\xe6<s_\
{\xa0\x22\x8a\xd9\xd8\x13@wP\x07\xa4\x1dK\x1d^\
\x16\x96kT$!\x05\xb1\x0b\xf1\xdc\xfb\x5cq\xbcb\
\xf5\x06\xd5\xb2;\x02;\xa9uZ\x92\xa0\x5c$AY\
DA\xb9\xa4)+\x97r\x95\x95#\xaa\xb8\xb2\xcaK\
T$\xb3(\xf4\xf2n\xdb\xd4\x9au\xf1d\xc5\xa9\x0e\
\xfe!\x96b\xbdD0\xd7\x99\xf3\xcc}c\x83\x0a)\
\xdc`p&\xd8\x08\xa4\x9dK\x1d\xcei\xf1(\x8a\x95\
\x96\x15Q\x14(\xad\xd5k\xd7\xab\xeb\xfa!`\x8b\xfd\
\xb3a\x92\xa0\x5c$IYDA\xb9\xe4+\xaa2\x92\
\x95$(\x17IP.\xa2\xa4,qd\xe5\x88\xaa\x00\
Y\xdd\xd4o\xab\xda\xb0q\x93^\x82 \x89(\x0c\xfb\
\x1e\xca\x8a\x7f\x80\x19\xd7\xaf\xbe\xfaj\x83XO\x1b\xb3\
\x0d\xccu\xe6\xbc\xb1@\x05\x15n4\xd7g\xe1\xb6\x05\
x\xbf\x5c*\xd5\x95\x16\x05\xc4\xdb AI\x05\xb1\xaf\
k;\x0c\xc1J\x19\x14CZ\x92\xa0,\x92\xa0\x5c\x1a\
\xc8\xc9\xc5\x11UlY\x05D\x15$\x8e\xac\x5cQ\xc5\
\x95\x95((\x97\x08\xb2\xca\x12U\x0cYa\x08Xs\
\xe1\x0eu\xf7\xf0-Z:[6g\x84U\x08AY\
\x95\x09\xcc\xf1\x16@\xe7}E\x16\xb3\xf1\x7f\x06\x06\x81\
\xa3@\xda\xd1\xd4aC\xf3\xfa@\x9c\xd3rE\x15\x95\
\x8d\x1b\xd6\xab\xce\xe3\xf0W\x93\x89\xae\xa5U\x80\xb8$\
A\xb9H\x82r\x11%e)\x13Y\x85\x89*\xaa\xac\
$A\xb9\x88\x82r\x09\x93\x95#\xaa\xa2\xc9\x8a\x93\xeb\
\x00\xb2\xea9~K,Q\x11\xca\x8a'4\x97\x99\xac\
\x98\xdb\xccq\xe6\xba\xc9\xfe\x0a-\xdc\x01\xf0W`3\
\x90v\xb6$\xb0\xa7\xf5\xf8\xe3\x8f\x8b\x22j\x0c-\xba\
\x0d\x99\xb51\x5c\xe4\xf7\xf0\x9c\x1d\xea\xcb7 1\xa3\
^\xb9T\x12\x94\x8b$(\x8b((\x97(\xb2\x0a\x13\
UTY9\xa2*gYe\x89*\xa6\xacDQ\x91\
\xcc\x10\xf0\xcc6\xdb\xd4\xf89[\xd4\xb6-\xb2\x84\xf2\
\x85\xb2\xe2\x19\x1ce&+\xc2\xdcf\x8e\x9b\xac\xaf\xe0\
\xc2\x9d0\x9c\x07\x0e\x00i\x87K\x82\x95\x96\xd4\xd3\xe2\
s\xf9\xc2\xc5~KVmV?\xef\x8c\xa4\xc9w^\
K\x12\x94\x8b$)\x8b((\x97\x10Ye\x89\xaa\xa9\
\xc8\xca\x11U\x5cY\xb9\xa2\xcaCV\x17\xde\xbf]-\
]\xb5Im\xdd\xb2Y\x94P\xbePV\x9c\xca(C\
Y1\xa7\x99\xdb:\xcf\xab\xa2\x98\x9d9\x1et\x02G\
\x80\xb4\xe3\x91y\xed\xb5\xd7\x0a\xc6\xbe\xdf\x0e\x0f9\x91\
I\xf9\xb8\x13\x9c\xb9\x08\x0a\xcb\xbe\x8f\xbd\xae\xbbG?\
\x99\x11A\xd8\x10Q\x12\x94\x8b$)\x8b((\x97\x1c\
\xa2*HV.a\xa2\x8a(\xab(\xa2\x22\x92\xa0\x5c\
DIY\xe2\xc8\xca\x11U\xde\xb22C@\xd0i\xf4\
V\xb5i\xf3\x16-+\x0a\xa7P\xb8t\xc1\x0e\x03\x83\
q\x5cb\x8e\x00\xe6\xf4\xf1\xb85\xd9^%\x85;\x04\
\xbe\x0c\xe6\x01i\xe7K\x06\x03\x81]m\xfe%\x0b\xca\
)\x0a|?\xe7(\xc6=\xb6\x0bC\xc4\xd73\xf2q\
\xa5\x15\x14S\x10IP.\xa2\xa0,\x8e\xa8\x0a\x91\x95\
\xa5\xe8\xb2rDUlY\x89\x82r\x89 \xab,Q\
\x15*\xabL\xaf\xea/\xaf\xdb\xae&>\xb6Em\xdf\
*\x0b(\x0a\x94\x15'\xd8\xe3\xfe\x81N\x08\xe62s\
\xdady\x15\x95?\xfc\xe1\x0fVZ\xe7\x80\xfd@\xaa\
\x80\x92\xc1\x80\xe0_1IZ\xees\xbc\xdf\x18\x9c\xab\
X\xb6f\xab\xfaE\x97\x17!\x1a3D\x94\x04\xe5\x22\
\x09\xcaE\x94\x94\xa5H\xb2\x22qd\x95%\xaa\x98\xb2\
\x92\x04\xe5\x22\x0a\xca%LV\x8e\xa8\x8a%+\x1e\x05\
\x84\xacZt\xda\xaa\x96\xad\xde\xdc\x14d\xc5\x1cf.\
\xeb\xbc\xae\xcabw\x0e\xdc\x00>\x06RE\x94\x0c\x06\
\x06\x03\x84\x81\x22\x89(\x0a\xecim\xdc\xb4Y\xdd3\
\x06\x01OiH\x92\xb2H\x82\xb2\x88\x82r\x89\x22+\
AP.\x91d\xe5\x88\xaa\xacd\x15&\xaa\x88\xb2\xca\
GTz\xf8\x87[\x08\xabXC@\xc2\x93\xf6\xb9(\
\xb4Le\xc5\xdce\x0eW\xaf\xacl1;y2\x18\
\x00\xea\x80T!%\x85?h\xc1\x80\x91D\x14\x15\xf6\
\xb6&\xcd\xdf\xa1\xbe{'\x92\x94\xbd-\x1eILC\
VY\xa2\x8a)\xab,QU\xab\xac\x1cQ\xe5++\
\xdd\xab\xda\xad\xcei\xbbCM_X\x9c! \xe1\xb9\
\x81<\xdd\x86\xb1\x88\x91I\xb9Q\x07\x98\xbb'\xe3\xd6\
du\x95\x17\xee(8\x1d,\x00R\xa5\x94\x1c\x9eL\
\xca3\xe0\xa5\x80\x8a\x0a\x03y\xfd\xc6\xad\x99\xde\x16\xe5\
\xa0\xa5uP\x96\x94E\x14\x94K\x0eQ\xc5\x96\x95#\
\xaa\xb8\xb2\x8a\x22*\x22\x09\xcaE\x94\x94%\x82\xac\xb2\
DU\x88\xac8W\x05 \xac\xfbFnA\xdb\x16g\
\x08Hv\xec\xd8\xa1\xaf\xba \xc5d\x99\xc0\x9ce\xee\
\x9aln\x02\xe5\xf5\xd7_\xb7\xd2:\x1b\xec\x05R\xc5\
\x94\x1c^[\x88\xd7\x18\x92\x02\xab\x10\x18\xd4\xb3\x97\xed\
P?\xbe\x0f\xc9w\xd5\xfbF\x5c \x92\xac\x1cQ\xc5\
\x95U\x96\xa8\xe2\xca\xca\x11U\xb1e%\x0a\xca%L\
V\x8e\xa8b\xcb\xea\xd8\x11\xc0\x9f\xdf\xbb]\xcd]Z\
\xbc^\x15\xb1\xd7\xb3\x92b\xb1L`\xae2gu\xfe\
6\xa9bw\x1a\xb4\x00\x07\x80TA%\x87k\xb5\xb8\
\xecA\x0a\xb0B\xd0\xebq6oQ\x83f\xeeQ_\
\xbb\x09\x89M\xe9\xe8\xde\x16\x86\x8bE\x95\x95 (\x97\
8\xb2\xca\x12ULYI\x82r\x11\x05\xe5\x92KT\
E\x94\x95\xf9\xa9x\xde\xff\xeb\xebw\xa8AS\xb7\x14\
m\xae\xca\xc2\x18c\xacI1X&0G\x99\xabM\
OV\xb6\x98\x9d?\x1et\x00\x9f\x02\xa9\xa2J\x8e\x9d\
\x8c\xe7\xbc\x96\x14l\x85\xc0\xbf\xcck\xd6oQ\xbf\x1b\
\x8dD\xa2\x04\xb4\x90\xfedn%J%+GTe\
%+GTqe\x95KT\x9a\x8c\xa8N\xbch\x87\
\xbag\xc4V\xddf\xdb\xb6n\x11\xdb\xb4\x10\x18S\xf6\
H\xa0\x14{I\x82\x91\x8e\xf8\xbc\x8by\x0ds\xb3\xc3\
k\xaf\xbd\xc6\x5c5\xd9\xdbD\x0b+\x00\x9c\x0aF\x80\
\xba|*1m\xec6\xf1B\x80\xee\xbc\x16\x8f&\x16\
\xca\xe6-[\xf5\xed\x8em[\xd4\xfc\x15\xdb\xd4\xd5\xfd\
\x90tW\x1e0r\x0a\x8a+_Q\xb9\xc2\xb2\xb7\x01\
\xc2d\x95%\xaa\x88\xb2\x8a\x22*\x22\x09\xcaE\x94\x94\
%\x8e\xac\x1cQ\x85\xca\xca\xccSa\xf8\xd7\xa6\xf7v\
\xb5x\xd56\xddV\xc1v\x8c\x03\xe7\xab8Wjc\
\xacLaN\x8e\x00\xa7\x02\x93\xb5M\xbc\xb0\x22\xc0W\
\xc1\x1c UZ\xd9\xc09\x06\xfe@\xa5\x14\x80\x85\xc2\
\xbf\xd8L\x06\xceo]\xda\x13\x09\xa7\xc5E9\xbd_\
\x80\xac\x5c\xf2\x14U9\xc9J\x14\x94K\x04Ye\x89\
*\x0fY\xd9\xa1\x9f\xbe\xdd\xa5\xae\xec\xbeM\xcdY\xba\
U\xb7\x0d\xdbHj\xbbBa\x0c\xf1\xc7\x22\xa4\x18+\
3\x98\x93\xccM\x93\xad\xbeXa\x91o\x82\xf5@\xaa\
\xb8\xb2\x81+\xe3\xb9\xc8\x94\xddy)\x18\x0b\xe5\x98\xb8\
v\xaa\x8bz 9)\x0aJ\xab\x9e|e\xe5\x88*\
\xae\xac\xc2D\x15UV\x92\xa0\x5cDA\xb9\x84\xc9\xca\
\x11UdYAP\xf5\xf3T\xbb\xd4e]\xb7\xab\xd9\
K2mQlQ\xb9C@)\xb6\xca\x0c\xe6\x22s\
R\xe7\xa7/N\xb1\x95\x02\xbe\x07\xf6\x01\xa9\x02\xcb\x06\
;Dd\xb7^\x0a\xcc80I\x08{\x5cm\xfa#\
\x19/\x7f=#\x1eJK\x14\x94K\x1cY9\xa2*\
gYe\x89\xaa\x08\xb2\xc2\x10\xf0\xf8\x96\xbb\xd4\xf5}\
w\xe8\x1e\x95\xad\x7f\xa9m\xe2\xb0s\xe7\xceJ\x18\x02\
Z\x98\x83\xccE/\xab\x5c\xc5V\x0e8\x1f\xbc\x06\xa4\
\x8a,+\xd8\xad\xe7\x11\x9eb\xf4\xb6\xdc\xcf\xe0\xfd\xed\
\xdb\xb6\xaa\x9d\xdb\xb7\xaa\xa5kv\xa8\x0e\xa3\xf6\xa9/\
]\xf7\xaa\x11\x11\xc4$\xf6\xb2\xaaQV\x8e\xa8\xe2\xca\
\xcaJ\xaa\xfe\xfe\x13\xea\xf4kv\xa9\x0e\xc3\xb6\xab%\
\xab3u\xcd:/\xb4-\xf9\xbe\x5c\xf0J\x0b<\x0a\
\xf8\xc7?\xfe\xb1\x12x\x0d\x9c\x7f\xe0\xc0\x01/\xab\xc6\
\x0a+\x08\x7f\x81\x9a\xa1\xc2\xda\x80wM\x05\x965\xfc\
\x8b\xc9\xd5\xf1\xecmI\xc1\x1a\x17+\xaeu\x1b\xb7\xab\
~S\x9fP\xffr\xf7\xf3\x19\xa9\xb4~\xc7\x88\x0b\xb7\
\xa1\xb2\x0a\x13UDYE\x11\x15\x91\x04\xe5\x22J\xca\
\x12AVa\xa2r\x04e{T\xff\xd6a\xa7\x1a0\
e\x9bZ\xbba\xab\xda\xb1}[\xbd\xa8\x8a\x0d{U\
\x5c\xb5\xce\x18\x91b\xa7\x0ca\xce1\xf7\x98\x83&+\
}\x09-\xac(p\x02\xb8\x0d|\x08\xa4\x8a-;\xf8\
\x17\x94\x7fIyj\x85\x14\xbcq\xb1\xe2\xe2}\x0e\x17\
o\x1a\xf8\xa4\xfab\x1bH\x81\x92\xa1\x98\xd8\xcb\xca\x12\
U\x5cY9\xa2*\xb6\xacDA\xb9\x84\xc9\xca\x11U\
\xa8\xac\x9e\xcc\xdc\x1aQ}\xf9\xaa]\xea\x96\x01\x99a\
\x1f\xeb0IQ1\x06x\x05\x90\x0a\xeaU\x11\xe6\x1a\
s\x8e\xb9g\xb2\xd1\x97\xbc\x0a+\x0c|\x0et\x00\x1f\
\x01\xa9\x82\xcb\x0e;\xb7\xc5\xbf\xacR \x17\x8b\x8c\xbc\
\xb6\xe8^\xd7\xe89\xbb\xd5%=\x9eV\xa7\x5c\x0dI\
p\xbe\x8bG\x19\xb5\xacxK\xf2\x90U\x96\xa8b\xca\
J\x12\x94\x8b((\x978\xb2r$\x85\xdb/\x5c\xb1\
[]\xd1}\xa7\x1a3{\xbb\xae\xab];\x92\x93\x94\
\x85+\xd6\x19\x03\x15\xd4\xab\x22\xcc1\xe6\x1as\xced\
\xa1/\x91\x0a+\x0e\x9c\x04:\x82O\x80T\xd1e\x89\
=\x92\xc8u[RP\x17\x0b\xdb\xeb\x22\xab7lW\
#f\xedR\x17C^\xa7^\xf3\x22D\x03yQL\
\x0d\x84\xe5\x88\xaa\xacd\x15&\xaa0YQR\xc7D\
\xf5\xe5\xab\x1fW\xad\xba\xedR#g\xed\xc0\x90o\x9b\
\xeeI\xb9\xf3SI\xc1\xb6\xb6G\x00\xdfx\xe3\x8d\x8a\
\x01\xf1\xca\xdcb\x8e1\xd7L\xf6\xf9RPa\x05\x82\
\xcf\x83\xee\xe0S\xa9\xc2%\xf0Z\xf1\xf94\xe16p\
\xddV\x92\xc3D\x17W^\xecML^\xb0S\xdd1\
l\x8f\xfa\x87;!\x03\x8a\x86\x02\xb3\x12\xd3\xa22\x8f\
+FVO\x1b(++)\xd0\xe2q\xf5\xcfmw\
\xa9;\x87\xeeRS\x16l\xd3\xfb\x9e\x96\xa4\x08\xdb\x96\
m\xcc\x030\xe5\x10w\x11aNu\x07\x9f\x07&\xeb\
|\x89UX\x91\xe0T\xd0\x17|\x06\xa4\x8a/[x\
4\x91\x87\xb3\xb9XP\x0a\xf8$`\xa2f\x04\x969\
z\xb5x\xf5v5\xfc\xd1\x9d\xea\xd7\x03\x9e\x84\xc0 \
\x80V\xe8\x81i\x89\xb9\xb2r\xa4u\xd9\xab\xf9\x8b\x8a\
H\x82r\x11%e\xc9%+#\xa7\xac\x1e\xd5^u\
\xdcEOhA\xfd\xba\xdfN5|&\x8f\xf0ez\
\xb1v\xb8\x97\x86\xa4,lS^]\x81m,\xb5}\
\x99\xc3\x5cbN1\xb7L\xb6\xf9R\x94\xc2\x0a\x05_\
4\x15\x9cwO\xab\x9c\xb0\xd7\xdaJz~K\x22#\
\xafc\x02[\xb1n\xbb\x9a8\x7f\x97\xbaw\xf4\x13\xaa\
e\xd7'\xd5wn{Z\x1d\xdf\xeay\xc8\x07\x22k\
\xf5RFBAiiq\xf1\xffBh \xab\xfd\xd9\
\x04\xc5\xe4\x0aK\x0b\xca\x88\xca\x0c\xf5N\xb8d\xaf\xfa\
_\xbf\xd9\xad.\xee\xba[\xdd7z\x97\x9a8o\xbb\
\xdev\xee\x03\x05\x95V/*\x08\xe7\xa9\xd8\x96lS\
\xa9\xad+\x00\xe6\x10s\x899e\xb2\xcc\x97\xa2\x16V\
,\xe0_\x03va\x0f\x02\xa9!\xca\x1e\xceq\xf0j\
\x92\xa5\x10\x97\xc5\x0a\x8cIO\xb6l\xdd\xa6V\xac\xe5\
\xd1\xc7\x9dj\xf0\x8c]\xaa\xfd\x88'\xd4\x15=\xf7\xa8\
\x1f\xde\xb5O\xfd\xd5M\xcf\xa8\x13/\x83X\xb4\x80 \
5-\x1fGJ\x94\x5c\xbd\x9c\xec\xf3\xbc\x8f\xd7\xda^\
\x94\x96\x93+&3\xc4\x83\x94N\xbal\x9f:\xeb\x86\
=\xea\xdf\xeezB]\xd9\xf3q\xf5\xbb\xe1;\xd5\xa0\
i;\xd4\xac\xa5\x90\x13\xb6\x89\xdbf\xb7\xb3T\x82\xb2\
\xb0\xcd\xcaQTo\xbe\xf9\xa6\xf8|\x10\xf3:\xe6\x0e\
s\xc8\xf7\xac\x92.\xac`\xc0\xf1vG\xf0Q\xbe\x0d\
U.p{\xed6\xe7\x12\x17\xe7D\x92F\xfa\x1e\xce\
\xfb\x10+\x87];2B\xdb\xb4e\x9bZ\xb9n\x9b\
\x1eV>\xb6b\xa7\x9a\xbe\x98\x13\xda;U\xaf\x89\xbb\
\xd5=\xa3v\xabv\xc3\x1fW\xb7\x0d~\x5c\xdd<\xf0\
\x09\xf5\xab\xbe\xbb\xd55}\xf6\xa8k\x1f\xcc\xdc\xe7s\
\xbf\x1d\xbc[\xb5\xc7k\xee\x1d\xb5K\xf5\x9e\x98y\xef\
\xb4E;\xd4c\xcb\xb7\xeb\xcf\xe4g\xf3;\xf8]\xbb\
w\xf2H^\xe6{\xed\xf6\x04\xb7\xb3\x14\xb8=*\xdb\
\x86\x15\x0as\xa6#\xf8<0Y\xe5K\xa2\x85\x15\x0d\
N\x06\x1d\xc0\x87@j\x98\x8a\xc1\x0e\x159\x1f\x22%\
K9`\xe5\x91-4\xb2UK&_\xdc\xf7\xba\x9f\
)}g9\xc06\xb1\x97+\x96\xda\xae\xc2`\xae0\
g\x98;&\x9b|I\xa5\xb0\xc2\xc1\x9f\x81\xdb\xc0{\
@j\xa0\x8a\x82\xebv89\xcfS}x\x88\x5cJ\
 O\xf2\xb0\xee\xd9\x06\xf6\xbc?\xa9\xad*\x10\xe6\x08\
s\x859c\xb2\xc8\x97T\x0b+\x1e\x9c\x08\xae\x05\x7f\
\x00RCU\x1c<\xe2\xf4\xc2\x0b/\xe8\x95\xd2<\xdd\
GJ*O\xf1\xe1\xd0\x9ck\xe7X\xf7l\x03\xa9m\
*\x14\xe6\x06s\x84\xb9b\xb2\xc7\x97\x92\x146\x00h\
\x06\xce\x03\xfb\x80\xd4`\x15\x09\xe7\xb9\xb8\x00\x95\xc3E\
\xfe\xa4~%\xf6\xba\xb8\xcd\xe5Fp\xfbX\xb7\x1c\xf6\
\xd9\x05\x9f\x07\x0e\x1c\xa8\x1a\x10G\xcc\x09\xe6\x06s\xc4\
d\x8d/%-l\x08\xa5T\x0d\x1a\xe8{`\xbd\xdb\
`\xd5\x82]\x84\xca\x95\xd4\x9c\x00\xb6\x89\xe7&\xa2'\
\x7f87\xc5\xbad\x9d\xb2n\xa5:\xaf\x02\x98\x0b\xdf\
[\xb7n\x1ds\xc3d\x8b/eQ\xd8 \x86o\x81\
9\xa0\x0eH\x8dX\xd1@\xcez^\x85\x8b\x159|\
\xb1\xf2\xf24\x0e\xeb\x8a\x92\xe2\x90\xcf\xceMIu\x5c\
\x050\xf6\x99\x03\xcc\x05/\xabr-\xb6q\xc0\xe9`\
\x04\xf8/ 5hU\xe0\xca\x8b\x89\xc8^\x03\xe7\xbc\
\xa4dm\x8a\xb0.lO\xca\xfe\xd6_\x15K\xca\xc2\
\x98g\xec3\x07\xbc\xac*\xa1\x98\x86:\x15t\x00o\
\x01\xa9a\xab\x0a&\x22'\x8ay>\x1b\xe7\xbcxn\
\x1b'\x91\xa5D\xaef\xd8\x8b\xe2\xbesN\xca^3\
\xbd\x5c%\xf5\xd6[o\x15\x15|&c\x9d1\xcf\xd8\
7\xd9\xe0KE\x146\x188\x01\xb4\x00{\xa5\x06\xae\
4\xb0\x1f\xe2\xf3\x12LR\xae\x1d\xe2\xf0\xc7\x0a\x8c\xc9\
\x5cM=0\xee\x8b\x15\x14\xf7\xd1\xfe\x08)\xf7]\xaa\
\x93*\x871\xde\xe2\xed\xb7\xdf>\x01\xb7&\x0b|\xa9\
\xa8\xc2\x86{\xff\xfd\xf7y{6X\x08j\x81\xd4\xd8\
U\x8f\xdb\x03\xe3\xb5\x9a8L\xe2Z#Wb\xe58\
\x89o\xb7\xc9\xca\x89\xdb\xccm\xe7>\xb8=(i\x9f\
\x9b\x08\x8ci\xc66c\x5c\xc7\xbc/\x15\x5cl#\x82\
\xd3\xc1\x00\xf01\x90\x1a\xbeI\xc1\xde\x1a\x0f\xe13\xe1\
yUL\xce\xf1\xb0\x97bE\xc6\xb9\x1f\x0e)\xdd\x1e\
\x99\xbb\x14\xa0\x18\xb8\x9f\xc7\xef!\xfcN~7{M\
\xdc\x16n\x13\xb7\x8d\xcb;\xb8\xadv\xd9\x81\xb4OM\
\x10\xc62c\x9a\xb1\xedeUM\xc54\xe8)\xe0\x06\
\xb0\x1fH\x01\xd0\xe4\xa1\x0c\xd8c\xe1\xa1~\x0e\xaf(\
\x0a\x0e\xb5(\x0d\xf6j(\x90\xa7\x9ezJ\x1f\xa1\xa4\
T(7\xc2\xb5L\x84\xb2aO\x88\xf0\xbe}\xde\xbe\
\x8e\xef\xe1{\xf9\x19\xfc,~&?\x9b\xdf\xc1\xef\xe2\
wRJ\xdc\x06/\xa6P\x18\xc3\x8ce\xc6\xb4\x89r\
_\xaa\xaa\xb0aA3p\x0e\x98\x0f\x0e\x81\xfa \xc0\
\xf8\xdf\xd3\x08\xb6\xae\xac\xd8\x82P6.\xd2k\x5c\x11\
I\xdfQ\x08M\xa8\xfd\x0e\x81\xf9\xe0\x1c\xd4%c\xd9\
D\xb7/UY\xd8\xc0hl\xde~\x19\xb7\x9d\xc0[\
@\x0a\x0c\x8f\xa7\xdc`\xac2f\x19\xbb5\xef\xbc\xf3\
\x8e\x89j_\xaa\xbe\xb0\xc1\xc1\x09\xe0<\xb0\x05\x1c\x05\
R\x90x<\xa5\x86\xb1\xc9\x18e\xac2fM\x14\xfb\
\xd2\xa4\x0a\x1b\xdep\x16\x18\x04\xde\x07R\xc0x<\xa5\
\x821\xc9\xd8d\x8c\xeax\xf5\xa5\x89\x17\x13\x08'\x81\
\x0b\xc1FP\x0b\xa4\xe0\xf14q0\x0cK\x05|\x17\
c\x90\xb1\xc8\x98dl\x9ah\xf5\xc5\x17\x14\x06\x84\xa1\
9\xe8\x0e\x0eH\x81\x14\x15|\x8e\xf8\xbc\xc7\x13\x02c\
\xaf;h\xce\x93\xfa\xdf}\xf7]\x13\xa5\xbe\xf8\x12(\
\x08\x12r\x22\xf8)X\x06\x0e\x01)\xa8<\x9eb\xc3\
Xc\xcc1\xf6\x18\x83&*}\xf1%\xa40P\x0c\
_\x01\xed\xc0\xb3\xe0(\x90\x82\xcc\xe3\x89\x0bc\x8b1\
\xc6Xc\xcc\xe9\xf8\xf3\xc5\x97H\xc5\x04N3\xf0m\
0\x10\xbc\x05\xa4\x80\xf3x\x0a\x851\xc5\xd8b\x8c1\
\xd6L\xf4\xf9\xe2K\x81\x85A\x04>\x07~\x02f\x81\
\x83\xef\xbe\xfb\xae\xf2\xc4\x03\xf5(>\xdfD`\x0c\xcd\
\x02\x8c)\xc6\x96\x896_|)B\xf9\xf0\xc3\x0f\xb5\
\xb8\x10`\xa7\x82\xd6`\x138\x04\xa4`\xf4xr\xc1\
\x98a\xec0\x86\x18K5\xef\xbd\xf7\x9e\x892_|\
)ra\x80\x19\xbe\x0an\x01;\xc0a \x05\xa7\xc7\
ca\x8c0V\x183\x8c\x1d\x7f\xf4\xcf\x97\xf4\x8a\x09\
\xb8f\xa09h\x0b\x1e\x07G\x80\x14\xac\x9e\xa6\x0bc\
\x82\xb1\xc1\x18a\xac0fL\x14\xf9\xe2K\xca\x85\xc1\
g\x82\xf0/A\x07\xb0\x17\x94\x8d\xb80\xdc\xf0\x94\x00\
\xd4=c\x80\xb1\xc0\x98`lxQ\xf9R>\x85\xc1\
\xf8\xce;\xef0(\xcfB\xc0\xb6\x03\xdb\xc0g6\x80\
=M\x06\xb69\xdb\x9e1p\xd6\x07\x1f|\xd0\x8c\x17\
\x91\xf4\xc5\x97\xb2,\x08R\xd2\x0c\x9c\x0e\xda\x80\xa5\xe0\
# \x05\xb7\xa7z`\x1b\xb3\xad\xd9\xe6l{\xc6\x80\
\x89\x0a_|)\xf3\xc2`5|\x09\x5c\x00\xa6\x82\xb7\
\xc1Q \x05\xbc\xa7\xf2`[\xb2M\xd9\xb6lc\xb6\
\xb5nw_|\xa9\xc8b\x03\x18\x9c\x0c~\x00\xfa\x80\
'\x81\x1f.\x96\x18\x0c\xd5\x0a\x02\xefe\xdb\xb1\x0d\xd9\
\x96lS\xb6\xad\x17\x95/\xd5ULP\x1f\x0f\xceD\
\xe0\xb7\x01s\xc0[\xe0(\x13\xc1S\xd6\xb0\x8d\xd8V\
l3\xb6\xdd\x99\x1f|\xf0\xc1\xf1\xc0\xb4\xae/\xbeT\
iA\xb0\xd7|\xfc\xf1\xc7\xbc\xfd<8\x17t\x07\xbb\
\xc0A %\x8b\xa7t\xb0M\xd86l#\xb6\x15\xdb\
L\xb7\xa1/\xbe4\xb9b\x82\xff8p:\xb8\x00\x0c\
\x02{\xc0'@J O\xf2\xb0\xee\xd9\x06l\x0b\xb6\
\x09\xdb\x86mdZ\xcd\x17_|\xb1\xf2:\x01|\x0d\
\xb4\x04\xc3\xc0>\xe0\xe5\x95<\xacc\xd65\xeb\x9cu\
\xcf6`[\x98\xd6\xf1\xc5\x17_r\x16&\x8aI\x98\
\xe6\xe0\x22\xd0\x0fl\x04\xef\x80\xda\x0f>\xf8@y\x0a\
\x87uh\xea\x92u\xca\xbae\x1d\xb3\xae\xbd\xa4|\xf1\
%N\xe1\x89\xd7\x80\x13\xbc\xa7\x81sA[0\x1d\xec\
\x07\x9f\x001)=\x0d`]\xb1\xceXw\xacC\xd6\
\xe5i\xac[\xd6\xb1/\xbe\xf8R\xe4\x82\x04\xb3\x9c\x04\
\xbe\x01Z\x82\xce`\x0ex\x0e\xfc\x09\xd4\x01)a\x9b\
\x12\xac\x83\x0f\x01\xeb\x84u\xc3:b]\xb1\xceXw\
\xba\x1e}\xf1\xc5\x97\x14\x8bI\xbcf\xe0\x14\xc0C\xed\
?\x03w\x82\xf1`'8\x00\x0e\x82j\x96\x18\xf7\x8d\
\xfb\xc8}\xe5>s\xdfY\x07\xac\x0b\xd6\x09\xeb\x86u\
dj\xcd\x17_|)\x8b\xc2\xa44|\x0e|\x19|\
\x17\xb4\x00\xed\xc1p\xb0\x1cpX\xf4\x1e\xf8\x14\x1c\x05\
\x92\x04\xca\x11n+\xb7\x99\xdb\xce}\xe0\xbep\x9f\xb8\
o\xdcG\xee+\xf7\x99\xfb\xae\xeb\xc1\x17_|\xa9\xc0\
b\x12\x98\xf3`_\x00\xcd?\xfc\xf0\xc3\xef\x83+@\
;\xd0\x17L\x06\xab\xc0\xd3\xe0\x0d\xf0>8\x08\x0e\x81\
\xa3@%\x0c\xbf\x83\xdf\xc5\xef\xe4ws\x1b\xb8-\xdc\
&n\x1b\xb7\x91\xdb\xcam\xe6\xb6s\x1f\xbe\xf0\xa7?\
\xfd\xe9x`\xf6\xd2\x17_|\xa9\xea\xc2d\x07\xcd\x90\
\xfc'\x01N@\x9f\x01\xce\x06\xe7\x836\xe0\x0e\xd0\x05\
\x0c\x01\x14\xc7b\xb0\x05<\x05^\x00\xaf\x827\xc1\xbb\
\xe0#\xf0)\xa85\xf0>\x9f\xe3\xff\xf15|-\xdf\
\xc3\xf7\xf23\xf8Y\xfcL~6\xbf\x83\xdf\xc5\xef\xe4\
ws\x1b\xb8-\xdc\xa6\x93\xb8\x8d^LM\xbd\xd4\xd4\
\xfc\x7f\xb1\x9a\xa4\x0b_\xeb\xa1\x5c\x00\x00\x00\x00IE\
ND\xaeB`\x82\
\x00\x00^\x99\
\x89\
PNG\x0d\x0a\x1a\x0a\x00\x00\x00\x0dIHDR\x00\
\x00\x01,\x00\x00\x01,\x08\x06\x00\x00\x00y}\x8eu\
\x00\x00\x00\x06bKGD\x00\xff\x00\xff\x00\xff\xa0\xbd\
\xa7\x93\x00\x00\x00\x09pHYs\x00\x00\xa6\x18\x00\x00\
\xa6\x18\x01~u\xc9\x8d\x00\x00\x00\x09vpAg\x00\
\x00\x01,\x00\x00\x01,\x00\xfb8ri\x00\x00]\x80\
IDATx\xda\xed\xbdy\x94\x1c\xd7u\xdf\xffy\
\xd5{\xf7\xf4\xec\xc0\xcc`%\x01\x82 \x08\x12\xe0\xbe\
\x88\xa2HJ$ER\xa4%\x9a\xb6,\xca\xa6d\xed\
\xf6\x91\xe3\xc8q\xec\xfc\xe2\xc4Nb;^\x93\xe3\x1c\
\xc7Il\xc7\xf1\x9a#9\xceQ\xa8\x85\xa2\xb8\x8a\xa4\
(.\xe2\xbe\x8a\x22\x01\x10\xdb\x0cf0\xfb\xde{\xbd\
\xdf\x1f\xaf\xaa\xd9\xd3\xe8\xa5\xaa\xbb\xba\xaa{\xa6\xbe\xe7\
\xd4\x99\x9a\xea\xaaW\xb7^\xd7\xfb\xf6\xbd\xf7\xdd{\x9f\
\xc0\xc7\x86\xc6\xd7\xbf\xfeu\x00\x01D\x808\x10\x03\x06\
\x81\xad\xc0&\xa0\xcf\xd8\xfa\xcb\xfev\x1b\xd7\x84\x80p\
\xd9\xdf\x90\xd1|\xce\xd8\xb2e\x7f3\xc0\x220\x07\xcc\
\x96\xfd\x9d\x03\xa6\x801`\x1aH\x01\xab\xc65\xf2\xae\
\xbb\xee\xf2\xba\xcb|x\x08\xe1\xb5\x00>\xdc\x81AL\
\x01 \x81\x22\x9bm\xc0Y\xc0\x16`\xa4l\xeb\x05\xa2\
\xac%\xa0V\xbf+\x92\xb5\x04\x97\x06\xe6\x81\xf1\xb2\xed\
\x14p\x0c\x18E\x91\xde\x0aP\xf0\x89lc\xc0'\xac\
u\x06\x83\x98@\x91M70\x0c\xec\x06\xce)\xf9{\
6JS\x8a\xa3\xb4\xa4Ny\x0f$J\xd3ZEi\
dG\x81\xc3\xc0\x91\x92\xbf\x13(\x22\xcb\x02\xf8D\xb6\
\xbe\xd0)/\xaa\x8f*(1\xe9b\xc0\x00p.p\
\xc0\xd8.DiR]\xc6\xe7\x9a\xd7\xf2\xb6\x08:\xca\
t\x5cFi^\xaf\x03\xaf\x19\xdb;\xc0\x8c\xf1\xb9o\
Rv8|\xc2\xea0\x94hPQ\x94\xf6t\x91\xb1\
\x1d\x00\xf6\x1b\xc7\xbaX\xbf\xe4d\x15:\xb0\x04\x9c\x06\
\xdeD\x91\xd7+\xc66\x8129}\x0d\xac\xc3\xe0\x13\
V\x07\xa0\xc4\xff\xd4\x03\xec\x01\xae\x02\xae\x06.E\xf9\
\xa0\xe2^\xcb\xd8!XE\xf9\xc0^\x04\x9e\x01\x9e\x05\
\x0e\x01\x0b\xf8~\xb0\x8e\x80OXm\x0a\x83\xa4\x82(\
\x8d\xe9r\xe0\x1a\x14Q\xedE\xcd\xd2\x05\xbc\x96\xb1\xc3\
Q@\xcdH\xbe\x8d\x22\xae\xa7\x80\xe7\xa5\x94\x13B\x88\
\xbcO^\xed\x09\x9f\xb0\xda\x08\xff\xef\xff\xfd?P$\
\xb5YJy\x05p\x13p\x1d\xcaI\xeekQ\x0eB\
\x08\x81\x94\xb2\xf4\xffU\x94\x13\xff\x09\xe0a\xe09`\
\x12\xc8\xff\xe4O\xfe\xa4\xd7\xe2\xfa0\xe0\x13\x96\xc70\
HJ\x036\xa34\xa9\x1b\x81\xebQ\xb3y>Iy\
\x83U\xd4\xac\xe3\xe3\xc0#\xc0\xf3(\xf2\xd2}\xf2\xf2\
\x16>ay\x00\x83\xa4@\xc5D]\x00\xdc\x01\xdc\x8a\
2\xf7\x12^\xcb\xe7c\x0dVPf\xe3w\x81o\x03\
o\x18\xc7\xf0\xc9\xcb}\xf8\x84\xe5\x22\x0c\xa2\x0a\xa0\x1c\
\xe5\x1f\x04>\x8a\xf2Mm\xc2\xff.\xda\x1d\x12\x15\x81\
\xff\x14\xf0M\xe0{(\x07~\xc1'.\xf7\xe0\x0f\x92\
\x16\xe3\xab_\xfd*\xb1X\x0c)e\x0c\xb8\x18ER\
\xb7\xa1f\xfb\x22^\xcb\xe7\xa3!dP\xb3\x8b\xf7\x03\
\xdf\x14B\xbc\x8c\x8a\xf3\xe2\xce;\xef\xf4Z\xb6u\x0d\
\x9f\xb0Z\x84{\xef\xbd\xd7\xdc\xed\x05\xae\x05\xee\x06n\
\x94R\x0eb\xf4\xbb\x10\xeb\xa3\xfb\xa5\x94\xeb\xe6Y\xec\
>:*\xdf\xf1\x11\xe0k\xc0\x93\xa8t\x22\x9f\xb8Z\
\x84\x0d\xf9\x96\xb5\x12\x06Q\x09`\x08\xf80\x8a\xa8\xde\
\x07$\xbd\x96\xcdGK\xb1\x04<\x8d\x22\xae\x07Q\x01\
\xab\xd2'.g\xe1\x13\x96C(!\xaa\xb3\x80;\x81\
\x9f\x01\x0e\xe2\x9b}\x1b\x0d\x19\xe0U\xe0\xff\x00\xf7\xa2\
\x12\xb5}\xe2r\x08>a5\x89\x12\xa2\xda\x0e|\x1c\
\xf8\x14\xb0\x0f\x15O\xe5c\xe3\x22\x0f\xbc\x05\xfc=\xf0\
OR\xca\x93B\x08\x9f\xb8\x9a\x84OX\x0d\xe2\x1b\xdf\
\xf8\x06B\x08!\xa5\xdc*\xa5\xbc\x0b\xf8yT\x88\x82\
OT-@y\xa0g\xa7@\x08\x91G\x85B\xfc-\
\xf0uT\x9d/\xf9\xb1\x8f}\xcck\xd1:\x12>a\
\xd9\xc47\xbe\xf1\x0dsw\x04e\xfa}\x06e\xfa\x85\
\x1al\xd2\xc7\xc6@\x0ee*\xfe\x0d\xcaT\x1c\x07\xf0\
\x89\xcb\x1e|\xc2\xb2\x88\x12\xa2J\xa2\x02=\xbf\x0c\x5c\
\x86\xaa;\xe5\xc3\x87Ud\x81\x17\x80\xff\x86\x0aD]\
\x02\x9f\xb8\xac\xc2',\x0b0\xc8*\x8c\x9a\xed\xfb%\
\xe0\x16\xfc\x88t\x1f\xcda\x05x\x00\xf83\xd4\xecb\
\xd6'\xad\xfa\xf0\x09\xab\x06\xee\xbd\xf7^\xa4\x94B\xd3\
\xb4\xf3\x80/\xa1B\x146{-\x97\x8fu\x85I\xe0\
kB\x88\xbf\x10B\xfcXJ)?\xfa\xd1\x8fz-\
S\xdb\xc2'\xac\x0a\xf8\xe67\xbfi\xeen\x02\xee\x01\
\xbe(\xa5<\x17\x10\xeb%@r\x03\x07{\xb6#$\
\xaa2\xea_\x02\xff\x80J\x01\xc2'\xae3\xe1\xbf\xb1\
e0\xc8*\x84\x8aN\xffW\xa8\xca\x09\xbe\x9f\xca\x87\
\x1b\xc8\xa2*D\xfc!*j>\xe7\x93\xd6Z\xf8\x84\
e\xa0D\xab\xda\x06\xfc\x02\xf0yT\xb4\xba\x0f\x1fn\
\xe34\xf0W\xc0\x9f\xaf\xac\xac\x8c&\x12\x09_\xdb2\
\xe0\x13\x16E\xb2\x8a\x027\x03\xbf\x8e\xaa\xec\xe9W\xf4\
\xf4\xe1%\x0a\xa8J\xa8\x7f$\x84x\x08H\xff\xc4O\
\xfc\x84\xd72y\x8e\x0dMX\xdf\xfa\xd6\xb7XYY\
!\x91H\x9c-\xa5\xfc\x0a\xca_\xd5\xe7D\xdb\xbe\x7f\
\xa8s\xd1f\xfe\xbd9\x94_\xeb\xbf\xa0*\xa2\xb2\x91\
\x89\xabm\xbe\x15\xb7\xf1\xado}\x0bTT\xfaM\xc0\
o\x01Wn\xe4\xfe\xf0\xd1\xd6\x90\xc0\x0f\x81\xdfF\x95\
o\xceoT\xd2\xdap\x03\xd4 *P\xcb\xb1\xff\x22\
*\xae\xca\x0fU\xf0\xd1\x09\x98D\xc5m\xfd\x0fTY\
\x9b\x0d\xa7mm(\xc22\xc8J\xa0\x22\xd4\x7f\x13U\
\xfe\xc5\x9f\x01\xac\x82r\xb3HJYq\xab\xf4\xb9y\
\xbd\xb9\x95\xb6Yi+\xbf\x8f\x8f\xaa\xc8\xa2\xca\xd7\xfc\
\x8e\x94\xf2\x05!\x84\xdcH\xa4\xb5a\x08\xeb\xdb\xdf\xfe\
6@\x5cJ\xf9IT\xb8\xc29^\xcb\xd4\x0e(%\
\x0b]\xd7\xd1u\x1d)%\xf9|\x9e|>O.\x97\
#\x97\xcbQ(\x14(\x14\x0a\xe8\xba^\xdc7\xff7\
\xaf5QJX\xe6_s_\xd34\x02\x81@q3\
\xff\x0f\x06\x83\x04\x83AB\xa1\x10\xa1P\xa8\xf8\x99\x10\
\x02M\xab\xbc&\xecF&6!\xc4aT\xf8\xc3W\
\x81\xd5;\xee\xb8\xc3k\x91\xdcyn\xaf\x05h5\x0c\
\xa2\x02\xb5\xbe\xdf\xbfB\x85+ty-\x97W0\xab\
\x1e\x98d\x93\xcdf\xc9d2d2\x19\xb2\xd9l\x91\
\xa0\xf2\xf9<R\xca\x22\x81U\x22\x87F\x1d\xd3\xd5\xda\
2\xc9\xc9$1\x93\xbc\x22\x91\x08\x91H\x84p8L\
8\x1c.~n\xde\x7f\x03\x13\xd72*\xfc\xe1\x0fQ\
\xabY\xb3\xde\x89k]\x13V\x09Y\x1d\x04\xfe#*\
\x07p\xc3\x84+\x98\x03\xda\xd4\x8a2\x99\x0c\xa9T\x8a\
t:]$\xa9rM\xa9\xf4:\xafQnZ\x9aZ\
\x99I`\xb1X\x8cX,F8\x1c.jd\xa5\xd7\
m\x10\x14P9\x89\xff\x06U\x0db]\x93V{\xbc\
\x99-\x80AVA\xe0#\xc0\xef\x00\x17z-\x93\x1b\
\x10B\xa0\xeb:\xf9|\x9et:M*\x95*n\xa6\
ig\x92S\xbb\x10\x93]\x98\x84T\xaa\x89\x99\xe4\x15\
\x8f\xc7\x89F\xa3E\x02\xdb@\xe4\xf5:\xca/\xfb\x1d\
 \xbf^I\xab3\xdf\xd8:0\xc8*\x89JX\xfe\
5\xd6\xf1,`\xa9\x89\x97\xcb\xe5XYYaee\
\x85\xd5\xd5U\xb2\xd9,\x85B\xa1\xdd\xe2\x8aZ\x02\xf3\
\x19\x03\x81\x00\xe1p\x98D\x22A\x22\x91 \x1e\x8f\x17\
\xcd\xc8N-\x02h\x03\x93\xc0\x1f\x0b!\xfe\x02X\xba\
\xfd\xf6\xdb\xbd\x96\xc7q\xac\xab\xb7\xf8\xbe\xfb\xee3_\
\xdca)\xe5\xbf\x03>\x0d\xc4,wF\x87\x0d\xeaB\
\xa1@:\x9dfii\x89\xe5\xe5eR\xa9\x14\xf9|\
\x1e]\xd7;\xeeY\x9c\x86\x94\x12M\xd3\x08\x06\x83\xc4\
b1\xba\xba\xbaH&\x93E\xedk\x1d#\x05\xfc\x1d\
\xf0\x1f0\xfcZ\xeb\x89\xb8\xd6\xcd[}\xdf}\xf7\x99\
\xbb\xe7\x02\x7f\x80Z\xffOk\xb8\xc16\x84\x10b\x0d\
I---\xb1\xba\xbaZt\x90ot\x92\xaa\x06\xb3\
o\x82\xc1 \xf1x\x9cd2\xb9\x86\xbc\xd6\xa1\xd6\xa5\
\xa3\x16{\xfd\xffPU \xd6\x0di\xad\x8b7\xbc\x84\
\xac\xae\x00\xfe\x13\xaa\xd2\xc2\xba\x80\xe9\x93\xcaf\xb3,\
..\xb2\xb0\xb0\xe0\x93T\x13(%\xafD\x22AO\
O\x0f\xc9d\x92H$\xb2\x1eM\xc6'\x81\x7f\x09<\
\x07\xeb\x83\xb4:\xfem7\xc8J\xa0f\x00\xff\x18\xd8\
\xef\xb5LN\xa1P(\xb0\xb2\xb2\xc2\xc2\xc2\x02\x8b\x8b\
\x8bd\xb3Y\xdf\xdcs\x10\xa6\xd9\x18\x89D\xe8\xee\xee\
\xa6\xa7\xa7\x87x<\xbe\xdeL\xc67Q~\xdc\x07\x00\
\xd9\xe9\xa4\xd5\xd1o\xfew\xbe\xf3\x1d\x80\x90\x94\xf2n\
T\xd8\xc26\xafej\x06\xe6/|6\x9beaa\
\x81\xf9\xf9\xf9\xa26\xe5\x93T\xeb\x11\x08\x04\x88\xc7\xe3\
\xf4\xf5\xf5\xd1\xd3\xd3C8\xfc^\x12D\xa7j\xb3\x86\
\xdc\xa3\xa8\xb0\x87\xaf\x01\xb9\x8f|\xe4#^\x8b\xd50\
:\xef\x1b0`\x90U\x04\xf8\x02\xca\xc1\xd8\xef\xb5L\
\xcd@JI:\x9df~~\x9e\xb9\xb99\xd2\xe9\xb4\
\xafMy\x00S\xeb\x8a\xc5b\xf4\xf5\xf5\xd1\xdb\xdbK\
4\x1a]\x0f\xe6\xe2,\xf0\xef\x80\xff\x09d:\x95\xb4\
:r4\x18d\x15C\xad\x5c\xf3o\x81\x1e\xafej\
\x04\xa6\x7fjuu\x95\xd9\xd9Y\x16\x16\x16\xc8d2\
m\xfbk.+\xc8$m\xca)*E\xb9\xb7!\x11\
\x98\xdfA$\x12\xa1\xb7\xb7\x97\xbe\xbe>\xe2\xf1x\xa7\
\xc7v-\x00\xbf\x8bZ\xb1'\xd5\x89\xa4\xd5~\xa3\xa2\
\x0e\x0c\xb2J\x00\xbf\x82*\xb6\x97\xf4Z&\xbb(%\
\xaa\x99\x99\x19\xe6\xe7\xe7\xc9\xe5r^\x8b\x05B`\x0e\
\xc5R\x22\x0a\xe6\xf3\x04\xf3y\x02\x85\x02Z\xa1@0\
\x9f'\x92\xc9\x147\xf3\xb8\xa6\xebj\xdf\xcc/\xd44\
\x0a\x81\x00\xba\xa6\xa1\x07\x02\x14\x02\x012\x91Hq\xcb\
\x07\x83\xc5\xe3\xf9`\x90|\xf0\xbd5hM\x12\x13\x00\
m@\x10\xe1p\x98\xde\xde^\x06\x06\x06\x88\xc5b\x9d\
L\x5cK\xc0\x1f\x01\x7f\x02\xact\x1aiu\x14a\x19\
d\x95D\xe5\x04~\x85\x0e\x5cjKJI*\x95b\
ff\x86\xb9\xb99\xcf\x88\xca$$\xf3o\xa0P \
\x94\xcb\x11\xcedH.-\x91\x5cZ\xa2ki\x89\xae\
\xe5e\xf5wi\x89\xf8\xea*\x91L\x86\xb0AR\x01\
]G+\x14\x10R\x16\x89E\x18\x9b\xd9\xb6\x14\xa2H\
\x84R\x08EP\x06\x91e\x0d\xe2Z\x8d\xc7YN&\
\xd5\xd6\xd5\xc5r2\xc9\x92\xb1e#\x11r\xa1\x10\x05\
\xc3\x11^$\xb2&\xc9\xa24\x0f\xd1\x8e6\x1b\x0a\x85\
\xe8\xeb\xeb\xa3\xbf\xbf\x9fx<\xde\x91\xa6\xa2\x10b\x05\
U\x10\xf0\x0f\x81\xa5\xdbn\xbb\xcdk\x91\xac\xcb\xee\xb5\
\x00Vq\xff\xfd\xf7\x832\xfd\xfe-\xf0KR\xca\xa8\
\xd72YA\xe9`H\xa5RLOO377G\
6\x9buU\x8eR\x82\xd2t\x9dp&Cbe\x85\
\xfe\x99\x19\xfagg\xe93\xb7\xb99b\xab\xab\x84\xf2\
y\x82\xb9\x1c\x81B\xe1\x8c6\xd6\xb4\xab\x1e\xd2\xa2\x10\
\xb2\xe2\x0bWJ>\x85@\x80|(D.\x18$\x15\
\x8f3\xd7\xd7\xc7\x5c\x7f?s\xfd\xfd\xcc\xf6\xf73;\
0\xc0J\x22A6\x12A\xd7\xb4\xb5dY\x22G\xab\
\xcd\xeap8L__\x1f\x83\x83\x83D\xa3\x1d\xf1*\
\x96#\x8d\xaa\xad\xf5\xbb\xc0B\xa7\x90VG\x10\x96A\
VITe\xd0\x7f\x86r\xb6w\x04\x84\x10d\xb3Y\
fgg\x99\x9a\x9a\x22\x9dN\xbbvoS\xc3\xd1t\
\x9dh:M\xf7\xc2\x02\x9bO\x9ff\xf3\xe9\xd3\x0cM\
L00=M,\x95\x22TBL\xe5\x9a\x97g\xfd\
V\xa6I\x15\x02\x01r\xa1\x10\xa9X\x8c\x99M\x9b\x98\
\x1c\x1abrx\x98\xc9\xa1!\x16\xbb\xbbI\xc7b\xef\
\x11\x98\x83\x1aO=\x12\x8cF\xa3\x0c\x0e\x0e\xd2\xdf\xdf\
O(\x14\xea4m+\x03\xfcWT%\xd3\x8e\xd0\xb4\
\xda\x9e\xb0\x0c\xb2J\x00\xff\x1a\xf8U\xd4b\x11m\x0f\
3*}aa\x81\xc9\xc9I\x96\x97\x97]y\x99M\
\x92\x0ag\xb3t-/34>\xce\xd6\xd1Q\xb6\x8e\
\x8e203C\xd4 \xa8\xe2\xb9JX\xaf\xbb\xcb\xe2\
\xc3)m\xca$\xa4\x5c(D:\x16cv`\x80\xb1\
m\xdb\x18\xdb\xbe\x9d\x89\x91\x11V\xba\xba\xc8\x86\xc3k\
\xb4\xafr8\xa5\x8d\x99\xb3\x8a]]]l\xda\xb4\x89\
\xee\xee\xee\xaa\xf5\xbb\xda\x14i\xe0?\x03\xbf\x0f\xac\xb4\
;i\xb5\xf5\x9bj\x90U\x14\x15\xad\xfb\xaf\x81\xb8\xd7\
2Y\xc5\xca\xca\x0a\xa7O\x9ff~~\x9eB\xa1\xd0\
R\xf3\xc4$\xa9H&C\xdf\xec,;\x8e\x1fg\xfb\
\x89\x13\x8c\x9c:E\xd7\xd2\x12\xe1\x12\xf3\xd3k\xcd\xc9\
i\x08)\x15!\x09A6\x1cf9\x99db\xcb\x16\
N\xee\xdc\xc9\x89\xb3\xceb\xae\xbf_\x91\x17\xad\x9f\x8d\
\x0c\x04\x02\xf4\xf6\xf6\xb2i\xd3&\xe2\xf1\x8eyU\x01\
V\x81\xdf\x17B\xfc')e\xba\x9dI\xabm\xdf\xde\
\xef~\xf7\xbb\x00a)\xe5/\xa3L\xc1\xb6\x9f\x0d\x14\
B\x90\xcb\xe5\x98\x9e\x9efrr\xb2\xa5~\xaaRM\
\xaawn\x8e\x9d\xc7\x8eq\xf6\xbb\xef\xb2el\x8c\xae\
\xa5%\x02\x85\xc2{N\xef\x0d\x04\xd3$,\x04\x02,\
'\x93\x9c\xda\xb6\x8dc\xbbvq\xe2\xac\xb3\x987\xc9\
\xcb\x82\xd9\xd8\x8c\x06\x16\x89D\x18\x1c\x1cd``\x80\
\xa01\xf3\xd9\x88\x16\xe7rx\xcb\x12\xca4\xfcS \
{\xeb\xad\xb7\xbau_[h\xcb\xb7\xd9 \xab j\
A\xd3\xdf\xa5\x03\xe2\xac\xa4\x94,--111\xc1\
\xe2\xe2b\xcb\xcc?)\x04BJ\xba\x96\x96\xd8q\xfc\
8\xe7\xfe\xf8\xc7l?y\x92\xae\xa5%\x82\xf9\xfc\x86\
$\xa9j(\x92W0\xc8R2\xc9\xe8\x8e\x1d\x1c\xda\
\xb7\x8f\x13g\x9d\xc5r2Y\xec\xcbV\xf4\x96\x10\x82\
\xee\xeen\x86\x86\x86\xe8\xea\xea\x98\x02\xb7\x0b\xa8I\xad\
?\x07\xf2\xedHZm\xf7f\x1bd%\x80O\xa1l\
\xeb\x01\xafe\xaa\x05\xd3\xa9>99\xc9\xd4\xd4\x14\xd9\
l\xd6\xf1_\xc5Rmj\xd3\xe9\xd3\xecy\xe7\x1d\xf6\
\xbc\xf3\x0e\x83SS\x84\xb3Y\x9f\xa4,\xc0$\xafl\
8\xcc\xf4\xe6\xcd\x1c\xd9\xbb\x97\xc3{\xf7254D\
.\x1c.\x86d8\x09)%\xe1p\x98\xc1\xc1A6\
m\xda\xd4)N\xf9\x19\x94\xaf\xf8\xef\x01\xd9n\xa4\xd5\
Vo\xb9AV\x00\xb7\xa1X~\xbb\xd72\xd5\xc3\xf2\
\xf22ccc,..:\xde\xb6\x19\xc3\x14]]\
e\xc7\xf1\xe3\xec\x7f\xe3\x0d\xce:z\x94\xc4\xf22B\
J\x9f\xa4\x1a\x84\xd9w+]]\x1c\xdf\xb5\x8b\x1f\x1d\
8\xc0\xc9\x9d;I\xc7b\xc5\xcf\x1d\xbd\x9f\x10$\x93\
IFFFH$:\x22t\xf0$\xf0\x0bB\x88\xfb\
\xa5\x94\xb4\x13i\xb5\xcd\x1b\x7f\xff\xfd\xf7\x9b\x9a\xc9\x15\
\xc0_\xd3\xc6U\x17\x84\x10\xe4\xf3y\xa6\xa7\xa7\x99\x98\
\x98 \x93\xc94\xa5U\x15\xaf5I\xc8\xf8\xbfki\
\x89]\x87\x0f\xb3\xff\xf5\xd7\xd9v\xe2\x04\x91LF\x9d\
\xe6\x13\x95#0\x89)\x13\x8d2\xb6};?:p\
\x80w\xf7\xeca9\x99\x5c\xf3\xb9S\x88D\x22\x0c\x0d\
\x0d\xd1\xdf\xdf\xdf\xd6\x15!\x0c\xdf\xd9\x9b\xc0g1J\
\xd3\xdcr\xcb-^\x8b\x05\xb4\x09a=\xf0\xc0\x03\xe6\
\xee\x1e\xe0\x7fI)\xafm\xb7\x5c\xbaR\x07h*\x95\
\xe2\xd4\xa9S\xcc\xcd\xcd\xadY\xbc\xa1\x14\x8d8mM\
\x22J..\xb2\xf7\xad\xb7\xb8\xf0\xd5W\x19\x1a\x1f'\
\x94\xcb\xa1\x97\x10\x99\x0f\x87a\x98\x83\xf9P\x88\xd3#\
#\xbcq\xd1E\xbcs\xfe\xf9,uw\x03\xd5\x89\xab\
\x91\xefX\xd34\xfa\xfa\xfa\x18\x1e\x1e&\x12i\xfbp\
\xc2'\x81\xcf\x01\x87\xa0=H+\xd8|\x13\x8ea\x04\
\x95*\xd0vd\x05\xef\xbd\x9c\x0b\x0b\x0b\x8c\x8e\x8e\xb2\
\xb2\xb2\xb2\xe6\xb8\x95k\xabA\x96hT\xe7\xfe\xf8\xc7\
\x1c|\xf9e\x86O\x9d*\xce\xf4\xe9\x9d\x15\xd7\xd3y\
0|\x80\x81B\x81\xad'N0|\xea\x14\x17\xbc\xf2\
\x0a\xaf_r\x09\xef\x9c\x7f>+\x164.\xab\xef\xac\
\xae\xeb\xcc\xcc\xcc\x90J\xa5\xd8\xbau+\xc9d[O\
~_\x8b\x1a\x93_\x06\xc6\xbd\x16\x06\xda@\xc32\xb4\
\xab$*!\xf3\x8b\xb4iYc]\xd7\x99\x9a\x9ab\
||\xdc9\xc7\xba1P\xe2\xab\xab\x9c\xfb\xd6[\x1c\
|\xe9%F\xc6\xc6\x8a\xb3}>\xbc\x839\xbb8\xbe\
u+\xaf^v\x19\x87\xf6\xed#\x15\x8f;j&\x86\
\xc3a\x86\x87\x87\xe9\xef\xefo\xe7`S\x1d\xf8KT\
\xa1\x81%\xaf\xb5,OG\x85AV\x01T\xe5\x85\xdf\
\xa1M\xa3\xd8\xb3\xd9,\xe3\xe3\xe3LOOW5\x01\
+\xa1V\x82\xad\x14\x82`.\xc7YG\x8fr\xe9\xb3\
\xcfr\xd6\xd1\xa3\x04\xb3Yd\xfb\xbe\xb8\x1b\x12B\xd7\
\xc9\x87\xc3\x1c\xdf\xb5\x8b\x17\xaf\xba\x8a\xe3\xbbv\x91\x0f\
\x85*\x97\xc9)K\x84\xb6j\x22\x0e\x0e\x0e\xb2y\xf3\
f\xc2\xe1p[\xcd\x22\x9a\xcf#\x84H\x03\xbf)\x84\
\xf8\x13)e\xe1\xc3\x1f\xfe\xb0w2yu\xe3\x07\x1f\
|\x90B\xa1\x80\xa6i\x1f\x05\xfe\x02\x18j\xa7\xccw\
\xf3e[YYatt\x94\x85\x85\x855\xc7\xa1\xc1\
`@!\x10\xba\xce\xd0\xc4\x04\x97>\xf7\x1c{\x7f\xf4\
#b\xab\xab\xbeF\xd5\xe6\x10R\x92\x8a\xc7y{\xff\
~^\xb9\xf2JN\x8f\x8c \x8d\xdc\xc5\xaa\xd7\xd8\xf8\
N\xbb\xbb\xbb\xd9\xb2e\x0b\xb1\x98\xe5E\x9e\xdc\xc6i\
\xd4\xb2y\xdf\x04\xf0\x8a\xb4<\x19%\x0f>\xf8\xa0\xb9\
{\x10\xf8\x07\xdat\x91\xd3\xc5\xc5EN\x9e<\xc9\xca\
\xca\x8a#&\xa0\x14\x82\xae\xe5e\x0e\xbe\xf8\x22\x17\xbd\
\xf0\x02\xbdss\xc5\xe3>\xda\x1f&9\xcd\xf7\xf7\xf3\
\xea\xe5\x97\xf3\xfae\x97\xb1\x9cL\xa29\xf4#\x1b\x8f\
\xc7\xd9\xbauk;\x07\x9a\xbe\x0e\xdc\x83\xb1\xc2\xb4\x17\
\xa4\xe5%a\x0d\xa3\xca\xb5\xb6eU\xfc\xd9\xd9YF\
GGI\xa7\xd3\xb6\xc9\xaa4L\xa1\xd4\xa1\xbb\xf3\xdd\
w\xb9\xea\xc9'\xd9q\xec\x18\x9a\xe1P\xf7\xd1y\x10\
R\xa2\x07\x02\x9c8\xfbl\x9e\xfb\xc0\x078\xb1{7\
\x85@\xc0\x11\xffV$\x12a\xcb\x96-\xf4\xf6\xf6z\
\xfd\x98\xd5p\x1f\xaa,\xf9\xc4\x86 ,\x83\xacb\xc0\
\xef\x01\xbfL\x9b9\xd9u]gzz\x9a\xb1\xb11\
\xf2\xf9|\xf1x\xa3\xa6\xa0\x14\x82\x9e\xb99.y\xee\
9\x0e\xbc\xf4\x12\x89\xe5e\x9f\xa8\xd6\x09\x84\x94\xacv\
u\xf1\xfa\xa5\x97\xf2\xf2UW\xb1\xd0\xd7\xe7\x08i\x05\
\x83AFFF\x18\x18\x18h\xc7R\xd9:\xf0\xa7B\
\x88\xdf\x90R\xa6\xdc&-W{\xe3\xa1\x87\x1e\x22\x10\
\x08\x90\xcf\xe7?\x8f*\xd1\xdaV\xba\xaf\xae\xebLL\
L011\xd1t\x85\x05\xb3\x0e\xd5\xce#G\xb8\xf6\
\xb1\xc7\xd8z\xe2\x84s\xd1\xe9\xe6\xa0\xa848J\xdb\
/\xff\xdc\x8f\xe5r\x1c\xe6wzj\xc7\x0e\x9e\xba\xf1\
F\x8e\xef\xde]\xac\xcb\xd5\x0c\x02\x81\x00CCCl\
\xde\xbc\xb9\x1dg\x10\x97Q\x13e\x7f\x05p\xf3\xcd7\
\xbbvc\xd7\xde\xde\x87\x1ez\xc8\xdc\xbd\x1c\xf8*p\
\x8ekOi\x01\x85B\x81S\xa7Nq\xfa\xf4\xe9\xa6\
\x1d\xfff\xa9\x97\x83/\xbc\xc0\x95?\xf8\x01\xc9\xc5\xc5\
\xe6\x89\xaa\xa4\x8c\x0a\xb1\x98\xda\x12\x09\x18\x1cD\x0c\x0d\
\xc1\xd0\x10\x0c\x0c@(\xa4\xce+\x14`i\x09\xe6\xe7\
aj\x0ay\xf2$\xcc\xcc\xc0\xe2\x22\xe4\xf3>y9\
\x0c!%K\xdd\xdd<\xff\x81\x0f\xf0\xdae\x97\x91\x89\
F\x9b\xae\x08\xa1i\x1a\x9b6mbxx\xb8\x1dI\
\xeb0\xf0I\xe0yp\x8f\xb4\xdc\x0e\x1c\x1dDe\x83\
\xb7\x1dY\x8d\x8d\x8d199\xe9\x08Y\xf5\xcf\xcc\xf0\
\xbe\xc7\x1fg\xdf\xeb\xaf\x13\xca\xe5\x1a'+3\x84\x22\
\x18\x84\x9e\x1e\xd8\xbd\x1bq\xf1\xc5p\xe0\x00\xec\xd8\x81\
\xe8\xef\x87x\x1c\x22\x11\xb5\x05\x02\x8a\xa8\xcc-\x9f\x87\
L\x06R)\xc4\xd2\x12r|\x1c\xdex\x03\xf9\xf2\xcb\
\xf0\xe6\x9b\x8a\xc0L\x12\xf4\xd1\x14\xa4\x10$\x17\x17\xf9\
\xc0\x83\x0f\xb2ib\x82gn\xb8\x81\xb9\xc1A\xcb\xd5\
 *i\xf3\xba\xae\x17\xdf\xc9\xe1\xe1\xe1vK\xe79\
\x075\x96?\x07L\xbbuSW\xdeTC\xbb\x0a\x00\
\xbf\x81\xaam\xd56\x11\xf6\xf9|\x9e\xd1\xd1Q\xa6\xa7\
\xa7\x9b#+\xa3T\xc9YG\x8ep\xed\xa3\x8f\xb2\xe5\
\xe4\xc9\xc6\xda15\xa9p\x18\xb6lA\x1c8\x00\x17\
_\xac\x88\xea\xac\xb3\x14q\x05\x02k\xcdB]_K\
T\xe6f\x1e/\xf9+u\x1dVV\xe0\xe8Qx\xfc\
q\xe4\x0f~\x00\x13\x13\xc5g\xf0\xe1\x0c\xc6\xb7o\xe7\
\xa9\x9bn\xe2\xf89\xe74m\x22\x0a!\x18\x18\x18`\
\xcb\x96-\xedFZyT\x0d\xad\xdf\x03\x0anhY\
-\x7fCKL\xc1[\x81\xbf\x01\x86Z\xfeT\x16\x91\
\xcf\xe79y\xf2$333\x15\xc9\xca\xaa\xa3]\x0a\
A$\x9d\xe6\xe0\x0b/pE\xa3&\xa0IT\x89\x04\
\x5cx!\xe2\xb6\xdb\x10\x1f\xf8\x00\x0c\x0f+-\xca\xfc\
\xbcTN\x93\xac\xaa\x11V\x19q\xc9R\x02\xd3u\xc8\
\xe5\xe0\xf0a\xe47\xbe\x01\xcf=\xa7\xb41\x9f\xb4\x1c\
\x81\x90\x92e\xd3D\xbc\xfcrK&b\xcd\xf6,\x90\
\x96\xdb\x0ezcL\x9c\x06>#\xa5\xfc\xae\x10\x82\x9b\
n\xba\xa9\xa5\xf7l\xb9\xa6ct\xe2.\xe07\xa5\x94\
C^\xcfz\x98\xc4\x93\xcf\xe7\x19\x1b\x1bcff\xa6\
T\xcez\xcfqf{\x86\x09x\xf5\xe3\x8fs\xfek\
\xaf\x11\xb4k\x02\x9a/\xf1\xc0\x00\xe2\xaa\xab\xe0\xf6\xdb\
\x11W^\x09\xfd\xfd\xef}^\xb2r\xcd\x9a\xeb\xaai\
Te\xc7d\x8d\xcf\xd8\xb9\x13\xf1\xb9\xcf\xc1\xce\x9d\xc8\
o~S\xf9\xbd|\xd2j\x1aR\x08\xba\x16\x17\xb9\xf6\
\xc1\x07\x19\x9c\x98\xe0\xd9\x12\x13\xd1\x0a*\xbdo\xb3\xb3\
\xb3h\x9a\xc6\xc8\xc8H[hZ\x86\x8cC\xa8(\xf8\
\xb7\x81w[~\xcfV6\xfe\xf0\xc3\x0f\x83Z\xe1\xe6\
\x8fP\xab\xdd\xb4\xc5Hp\xcag%\x85`\xfb\xb1c\
\xdc\xf0\xc0\x03l=q\xa21\xa2\xda\xb2\x05\xf1\xe1\x0f\
#n\xbb\x0d\xf6\xefW\x1a\x96\xae\xd7^<\xb4\x9e\x09\
X\xb2\xc9\xd2c\xb5\xae\xcb\xe5\xe0\x07?@\xfe\xdf\xff\
\xab\x1c\xf3>i9\x06!%\xa7v\xee\xe4\x89[o\
et\xd7\xae\xaai=\x96\xda\x12\x82\xc1\xc1AFF\
F\xda\xc9\x11/Q\xab\xef\xfc:\x90i\xa5\x96\xd5\xb2\
\xb7\xd2 +\x80\x8f\xa2L\xc1\xbe\x96=\x85\x0d\xe8\xba\
\xce\xd8\xd8\x98#\xb3\x81\xbb\xdfy\x87\x0f\xde\x7f?\x03\
SS\xf6\xc8J\xd7!\x99D\xdct\x13\xe2\xd3\x9f\x86\
\x0b.P\xb3{\xf5\x88\xaa\x96\xbf\xaa\xdc\xfc\xab\xa5U\
U\xbb.\x9f\x87G\x1fU\x9a\x96o\x1e:\x0a!%\
3\x9b7\xf3\xc4\xed\xb7s\xf4\xbc\xf3\x9akK\x086\
o\xde\xcc\xd0\xd0P;\x91\xd6\x1c\xf0\x19\x8c\xd4\x9dV\
\x91V\xabM\xc2\xed\xc0\xaf\xd1Fd5>>\xde\x1c\
Y\x19\xb9\x80\xfb^\x7f\x9d\xeb\x1e|\x90\x9e\xf9y\xeb\
d\xa5\xeb\x8a\x98.\xbd\x14\xf1\x99\xcf \xae\xbf\xfe=\
\x8d\xaa\x92\xd9W~\xadE\xe2\x91\xf5\x88\xa9\x16\xd9]\
y%\x8c\x8e\xc2\xd3O{\xfdu\xad+H!\x18\x98\
\x9c\xe4\xc6{\xef\xe5\xc9[o\xe5\xed\x83\x07U\xa2{\
\x03\xef\xa1\x94\x92\xa9\xa9)4Mc\xf3\xe6\xcd\xed\x12\
\x5c\xda\x87\x1a\xeb/\xa1*\x96\xb6\x04-y\xd2\x87\x1f\
~\x18!DPJ\xf9\xefQ\xcbs\xb5\xc5\xcf\xc0\xe9\
\xd3\xa7\x19\x1d\x1d\xadXq\xc1j\x81\xbd`>\xcf\x85\
/\xbe\xc8\xfb\x1fy\xc4z\xd4\xba\xf9R\xee\xd8\x81\xf8\
\x99\x9fA\xdcu\x97r\xa6\x97;\xd1\xab]k\x91|\
d\xf9\xac\xa0\x05M\xec\x8cMJ\x18\x1dE\xfe\xdd\xdf\
\xc1\xd4\x94\xafe9\x0c3:\xfe\xe9\x9bo\xe6\xf5\xcb\
/\xa7\x10\x0c6\xec\x8c\x0f\x04\x02l\xd9\xb2\x85\xc1\xc1\
A\xaf\x1f\xcb\x84\x8eZ\xdf\xf0\xdf\x03\xf9\x1bo\xbc\xd1\
\xf1\x1b8\xfe6>\xf2\xc8#\xe6\xee\x87\x80\xff\x8d\xca\
\x19\xf4\x1c\xb3\xb3\xb3\x1c?~\xbc\x98n\xd3H\x95\x85\
P6\xcb\xa5O?\xcdU\x8f?N$\x9d\xb6NV\
\x91\x08\xe2\x96[\x10_\xf8\x02\x9c\x7f>h\xda{1\
V\xb5`e\x06\xb04\x5c\xc1\xae6U\xeb\xb3G\x1e\
A>\xfa\xa8\xd7_\xdb\xba\x84\x90\x92L,\xc6s\xd7\
_\xcfK\xef\x7f?9c\xe9\xb1F\x10\x0a\x85\xd8\xb6\
m[;\xe5\x1eN\x00?\x07<\x0a\xe04i\xb5\xca\
$\xdc\x84r\xc0\xb5\x05Y-..2::\xdap\
\xba\x8d\x14\x82h*\xc5\x95\x8f?\xce\xa5\xcf<C\xc8\
X\xa9\xa6.t]E\xa2\x7f\xees\x88\x9f\xfb9\x15\
Ce\x12B\xcd\x1b\x96iUu\xc8E6KN\x95\
\xb4\xacs\xceQ\xa1\x0e\xbe\x03\xdeqH!\x88\xa4R\
\x5c\xf5\xe8\xa3D\xd2i\x9e\xbb\xe1\x06\xd2\xb1X\x91\xb4\
\xec\xe4\xad\xe6\xf3y\xc6\xc7\xc7\x09\x06\x83\xedR\xe5a\
\x185\xf6_\x03\xa6\x9cn\xdcQS\xcd\xd0\xae\x04\xaa\
\x04\xc5\x0d.tN]\xac\xae\xae2::J\xc6X\
\xc0\xc1.\xa4\x10$\x96\x97\xb9\xee\x81\x07\xb8\xfc\xa9\xa7\
\xec\x91\xd5y\xe7!~\xef\xf7\x10_\xfc\x22$\x93\xf5\
\xfdT\xe6uf\x94\xba\xb9\xe5rk\xff76Y(\
 \xf3\xf93\xcfov\xcb\xe5\xa0\xb7\x17FF\x1a\xf2\
\xb1\xf8\xa8\x8f\xa2\xc6\xfe\xe4\x93|\xe0\xfe\xfbI,/\
\x83\xa6\x9dANV~`3\x99\x0c\xa7N\x9d\x22\x9d\
N{\xfdX&n\x00\xee\x09\x06\x83\xe2Q\x87\xb5\xf4\
VhX\xfbP\xe5'B.tLU\x98\xeb\x05\x9a\
\xf5\xd7\x1b\xd5\xac\x12\xcb\xcb\xdc\xf0\x9d\xef\xb0\xef\xd5W\
\xad%/K\xa9\x22\xd1?\xf8A\xb4\x7f\xf1/T\xa8\
\x82\x1d_\x95\xdd P+ZT#\x9a\x96\x10\x88M\
\x9b\x90o\xbf\xed\xe5\xd7\xb8\xae!\x85@\xcb\xe7\xb9\xe0\
\xb9\xe7\x08e\xb3<q\xc7\x1d\xac$\x93\x0d\x99\x87\xab\
\xab\xab\x9c:u\x8a\x1d;v\x14\xd7?l\xa53\xbe\
N\xfb!\xe0\x0b\x85B\xe1\x01\xe0GN\xde\xd71\x0d\
\xeb\xd1G\x1fE\x08\x11\x12B|Q\x08q\x9e\x10\x02\
\xa77\xc0\xf2\xb9\xe6\x8c\xe0\xe2\xe2bSf\xe0\xfb\x1f\
~\xb8HV\x16\xbeEH$\x10\x9f\xfd,\xda\x1f\xfc\
\x81\x22\xabz\xa1\x0a\xe6u\xa6\x96\x94\xcbU\xd5\xa80\
4*YI\xa3\xaav\x8d\xd5s\xca?+\x14\x94\x09\
\x1bl\x9b,\xaa\xf5\x09#\xa5k\xef+\xaf\xf0\xbe\x87\
\x1e\x22\x92J5\x9c{\xba\xb8\xb8\xc8\xe4\xe4$\xba\xae\
\xb7|\xe6\xd0B\xfb\xe7\xa1\xd6h\x089\xa9e9B\
X%\x02]\x03|\xc2\xf9\xeeQ\xb0\xf3%LMM\
1=m/'S\x08\xa1f!\x84 \x9c\xcbq\xd5\
\x13Op\xe1\x8b/Z#+3\xb6\xeaW~\x05\xf1\
\xab\xbf\x0a\x9b6Yw\xacW \xa6\x8a&`=\xe2\
\xa9EvVM\xc1\xd2\xfdHD\x11\x96o\x16\xb6\x1c\
B\xd7\xd9\xff\xfc\xf3\x5c\xf1\xbd\xef\x11\xcaf\xcf\xf0\x1b\
Z\xfd\xe1\x9e\x99\x99avv\xd6\xeb\xc71\xf1\x09\x14\
'\xe0\x14i9\xf9\xf3\x99\x04~\x896\xc8\x15\x5cX\
X`||\xfc\x8c_\x1aKj\xb2\xa6\x11\xc8\xe7\xb9\
\xf4\xa9\xa7\xb8\xe4\xe9\xa7\x09XY\xc1FJ\xe8\xeeF\
|\xe5+\x88{\xeey/\x08\xb4\xde5\xad\x0a\x02\xb5\
b\x22\xd6\xbbV\xd7\x95i\xeb;\xdc\xdd\x81\x10\x04\xf2\
y.~\xea)\xb2\xb1\x18/^w\x9d\xaabZ\xf1\
TQ\xa5\x09Q\xac\xf0\x10\x89D\xdaa\x09\xb1!\x14\
'\xbc\x08,9\xd1`\xd3\x1aV\x09s\xde\x01x\xbe\
\xd2b:\x9dfll\x8c\x5c.\xd7\x90\x03S\xe8:\
\x17\xbe\xf0\x02W>\xfe\xb85\x07\xbb\x94J\xb3\xfa\xe7\
\xff\x5c\xcd\x04\x9a\xf5\xa8j\xc1\xd4\xaa,hD\x0d;\
\xd5\x9b\xd5\xb4r9%\xa7OX\xae\xc1t\xc4_\xfe\
\xd8c\x5c\xf0\xdcs\xaaV\xbc\x0d\xb7\x88\xf9Y.\x97\
;cE\xf2V\xb8h,n\xb7\x08!\xee\x00\xf8\xde\
\xf7\xbe\xd7t\x1f5\xada\x19\x1d2\x02|YJ\x99\
\xf0\x22\xea\xd6\xd4\x9c\x0a\x85\x02\xe3\xe3\xe3\xac\xae\xae6\
l\xc3\xef}\xed5\xde\xff\xf0\xc3\xd6\xe2\xacJ\xc9\xea\
\x9e{TI\x98FSkZ\x11\x04\xda\xecg\x99\x8c\
5\xb3\xd6\x87c0C\x1e\xae~\xf0A\xb2\xb1\x18o\
_|\xf1\x9a\xcf\xad\xbe\xd7\xab\xab\xabLMM\xb1u\
\xebV\xaf\xd3w\x12\xc0\x97\x85\x10\x8f\xe1\xc0b\xacM\
=I\x09c\xde\x09\x5c\xeeU\x8a\x80y\xdf\xe9\xe9i\
\xe6\x8c\x95h\xecB\x0a\xc1\xae\xb7\xdf\xe6\xba\xef~\x97\
\xb8\x95\x08v)\xa1\xab\x0b\xf1\xcb\xbfl\x8d\xac*\x85\
+T\xf1?\xadq\xaa;\xe9\x97\xb2\xe3\xf3*\x14 \
\x95\xf2\xb5,\x0f \x85 \xbe\xbc\xcc5\xdf\xf9\x0eg\
\xbd\xf5\x96%'|%\x0dl~~\xbe\xe1\xf1\xe00\
.GqD\xd3Z\x96\x13>\xacm\xc0\xcf\xe3a\x18\
\x83\x10\x82\xa5\xa5%&&&l-tj\x5c\x0cB\
\xb0\xfd\xe8Q\xae\xff\xcew\xe8\xb6\x92\x1b(%\x04\x83\
\x88O\x7f\x1a\xf1\xa9O\xd5&+\xabA\xa0\xf5\xfcU\
\xcd\xfa\xac\xec\xb6+%riI\x91\x97\x0f\xd7!\x85\
\xa0{n\x8e\x0f|\xfb\xdbd\xa3QN\xed\xdemi\
\xf2\xa7Ti0\xfdY\xb1X\x8cx<\xee\xe5\xe3\x84\
P\x1c\xf1-`\xb4\x99\x86\x1a\xd6\xb0J\x98\xf2.\xe0\
\xe2F\xdbq\x02\xd9l\x96S\xa7N\x91\xcdf\xd7\x1c\
\xb7\x14*!\x04}\xd3\xd3\x5cw\xff\xfd\x0cLNZ\
O\xb7\xf9\xe0\x07\x11\x9f\xfd\xac\x9aI\xab\xf6\x22\xd9\x09\
\x0255+\x8bZ\x98\xed\x19\xc2B\xc1\xde\xb5\xd9\xac\
\x8ar\xf7MB\xcf \x85\xa0\xff\xf4i\xae\xbd\xef>\
z\xedV\x041\x90\xcdf9}\xfa\xf4\x9a\x15\xa0<\
\xc2\xc5\xc0]\xba\xae\xf3\xd8c\x8f5\xdcH\xb3\xc6\xed\
N\xe0\xd3xX\xf2XJ\xc9\xe4\xe4d1\xde\xaa\xdc\
\x09\x095\x9c\x94\x9aF$\x93\xe1\xaa\xef}\x8f-\xc7\
\x8f\xdb\x8a`\xd7\xbe\xf2\x15\xb5\xe8C\xa5\x01]Z\x5c\
\xcf\x02A\x14M@\xab\xe6_#&b.W\xdfy\
_\xdan:\x0d\xc6j\xd7>\xbc\x83\x14\x82\x91c\xc7\
\xb8\xe2\x91G\x08[\xcd_-\xc3\xd2\xd2\xd2\x9aB\x95\
\x1emA!\xc4\xa7\x03\x81\xc0\xcef\xfa\xa3!\xc2z\
\xec\xb1\xc7\x98\x9e\x9eF\x08\xf1\xd3B\x88\x03\xb5\xcem\
uG\xac\xac\xac\x14\xe3\xadj\xcd\x9eT|x]\xe7\
\xc0s\xcfq\xde\xab\xafZ\xd7\xac\xfa\xfb\x11_\xf9\x8a\
Jb\xaeEV\xcd\x06\x81\xd6#\xa5F4-;\xed\
./\xfb\x84\xd5&\x90Bp\xee\xcb/s\xc1\xb3\xcf\
\xa25\xa0\xf1J)\x99\x9d\x9dmj2\xca!\x1c\x00\
~\x1ahX\xcbjX\xc3\xda\xb4i\xd3\xd9\xa8\x9c\xc1\
@\xbd\xe8\xf4V!\x9f\xcf311Q1\x84\xa1\x1e\
\xa4\x10\xec8|\x98\xcb\x9ex\x82`.g\xe1\x02\x09\
\xa1\x10\xe2\xe7\x7f\x1eq\xe3\x8d\x95\xcd\xc0F\x82@[\
\xb5\xd9\x89j\xafD\xa6\xd3\xd3~\x11\xbf6B0\x97\
\xe3\x92\xc7\x1fg\xfb\xa1C\xaa\x8e\x16\x95\x1d\xed\xd5\xb6\
\x5c.\xc7\xe4\xe4\xa4\xd7\xa6a\x00\xc5\x19g7\xda\x80\
m\xc2*a\xc6;\x81\xfd^>\xfd\xcc\xcc\x8c\xad\xd4\
\x1b3\x92]j\x1a}33\xbc\xef\xa1\x87\xe8\xb2\xba\
`\x84\x94p\xcd5jF\xb0<\xfa\xbbT\xab\xaaC\
\x0e\xd2t\xac;\xa1\x11Y\xf9\xdc\xeeg\x85\x822\x07\
\xa7\xa6\xac%k\xfbp\x05R\x08\xba\x16\x16\xb8\xea\x81\
\x07\xe8\x9b\x9aR%\x8a\x0cX}\xff\x97\x96\x96\xdaa\
\xd6p?\xc6\x8ca#ZV\xa3\x1a\xd60\xf0q\x14\
c\xba\x0e\xd3\x144k\xb2[\xfd\xa5\x01EV\x91t\
\x9a+\x1f}\x94\x11\xab~+)\xa1\xa7G\x91\xd5\xc0\
\xc0Z\xb2*\x0d\x02\xadC\x0e\x0dkU\xcd\x8454\
\xd2\xee\xe2\x22\xcc\xce\xfa\xdaU\x9bA\x0a\xc1\xf0\xb1c\
\x5c\xde\xa0?KJ\xc9\xf4\xf44\xe9t\xda\xb3\x80R\
\x94E\xf6q!\xc4p#\x16\x98-\xc2z\xfc\xf1\xc7\
\xcd\x87\xfc\xb0\x10\xe2\x22\xaf\x1cx\x85B\x81\xc9\xc9\xc9\
5\x91\xbcf\xe7\xd7}`]\xe7\xc2\xe7\x9e\xe3\xbcW\
^\xb1> \xa5D|\xe8C\x88\xab\xaf~\xcfoU\
I\xab\xaa\xa2\xf1X*\x03\xd3\x0am\xa9\x11--\x97\
CNL(s\xd0G[\xe2\xdc\x97^b\xff\xb3\xcf\
\x22\x1a\xf0ge2\x19\xa6\xa7\xa7]I\x90\xae\x04\xe3\
\x9e\x17\x01\x1f\x86\xf78\xc5*lkXB\x88\x1e\xe0\
n\xd4j8\x9e<\xf0\xe2\xe2\x22\x0b\x0b\x0b\x0d\xf9\xad\
\xb6\xdb\xf1[\x81\x22\xa6\xa1!\xc4'?\xa9\xea\xaf\x97\
\xc6UY \x01W\x83@\x1d\xd0\xb6\xe4\xe2\x22\x9c>\
\xed'<\xb7+\x84P\xfe\xac\xc7\x1ec\xc7;\xef\x9c\
\xa1eU\xfb\x91\xd74\xad\xb8-,,\xb0\xbc\xbc\xec\
\xa5\x03>\x82\xe2\x90\x1e\xbb\x17Z&\xac\x12&\xfc\x00\
\xf0>\xaf\x9e4\x9b\xcd6\xe4<4\x03\xf1\xde\xf7\xd0\
Ct-,\xd8R\xa7\xc5\xed\xb7\xc3E\x17\xad\x0dU\
\xa8\x17\xf3djUN\x13O\xa3\xda\x94\x858-\x99\
\xcb\xc1\xa9S*\xc2\xdd7\x07\xdb\x16R\x08\xba\xe6\xe7\
\xb9\xf2\xc1\x07\xe9\x9d\x9fG\x04\x02E2\xb22\xf9U\
(\x14\x98\x9e\x9e&g\xf5G\xbb5x\x1f\x8aKl\
E\xbf\xdb\xd5\xb0b(f\xf4,\x0d|vv\xd6\xd6\
\xaf\x83\x19\x1c\x1a(\x14\xb8\xe8\xe9\xa7\xad\xfb\xad@i\
R\xdb\xb7#~\xfa\xa7\x95\xa3\xdd\x22yX\x0e\x02u\
\xdbgUc\x93\x85\x82\x0ac\x98r\xbc\xaa\xad\x8f\x16\
@j\x1a\xc3\xc7\x8eq\xe1\x0f~@\xc0\xe6\xe4\x88\xe9\
\x03^p9l\xa5\x8c@\x93B\x88\xbb\x85\x101;\
\x8b\xc2\xda\x0d\xf8\xbc\x04p~)\x0c\x8b\x0f\x9bJ\xa5\
\x98\x9a\x9aZS&\xc6j\xc9\x98\x1d\xef\xbc\xc3\xfe\xe7\
\x9f\xb7V5\xb4\xf4\xbe\xd7^\x0bg\x9f\xad\x22\xbf\xdb\
\xa1\x12\xa8\xc3\xed\x16\xe55\xb5+?\x94\xa1c \xa4\
\xe4\xbc\x1f\xfe\x90\xd1={8~\xfe\xf9\xb6|ZR\
JfffH&\x93D\x22\xee{w\x8c1{#\
\x8aS\x9e\xb2z\x9d%\x0d\xeb\x89'\x9e@\x08\xa1\x09\
!>*\x84\xd8\xe4\x85\xa3\xdd\x9c\xe1\xb0\xebh\x97B\
\x90X\x5c\xe4\xb2\xc7\x1e\xb3\x96\xd4\x5c\xbcP\xd5\xb8\xe2\
\x83\x1fTS\xc8\xf5\xcc\xa9|\x83A\xa0\xb5Rf\x9a\
\x9d9\xb4R\xba\xc6\x94anNm>Yu\x0c\xa4\
\x10\xc4\x17\x17\xb9\xf8{\xdf#a\xc3\xcda\x8e\x99L\
&\xe3u\x98\xc3&\xd4B\xcb\xda\x13O<a\xe9\x02\
;&\xe1V<\xaawejW\x8dt\xae\xd0u\xf6\
?\xf7\x1c\xdb\xde}\xd7\xfeR\xf2\xe7\x9c\x83\xd8\xb7O\
iWV\x06~+Rf\x9a\x8d\x5c\xafb\xfe\xad\x99\
\xb5\x5c^V\xda\x95\x1fw\xd5q\x90\x9a\xc6\xd6\xc3\x87\
\xd9\xf7\xc3\x1f\xae\xa9\x9f\x05\xf5\xebf\x01\xcc\xcf\xcf{\
\xbdx\xc5-(n\xb1\x84\xba\x84U\xc2|7\x00\xe7\
z\xf1D\xba\xae3==}Frs=HMc\
\xf3\xa9S\x5c\xf8\xc3\x1f\xa250\x18\xc5\xc1\x83j\xb5\
\x1b\x93\x14*\xe4\x00\x9e\xa1U\xb5:e\xa6IG\xfc\
\x19\xf2f2\x8a\xac\x96\x97\xbd\xf8j}8\x00\xadP\
`\xff\xd3O\xb3il\xac\x18Pj\xd5\xc7\x9b\xcdf\
\xbd\xd6\xb2\xceEq\x8b\xa5\x10\x07\xab\x1aV\x1c\xf8\x18\
\x1e\x842\x08!X]]e~~\xbe\xe2gU7\
M#\x94\xcbq\xf0\x99g\xe8\x99\x99\xb1\xaf]\xc5\xe3\
p\xe1\x85j\xbf\x96VU\xc9\xc4k\x05\xf14c\xfe\
U3Ys9\x98\x9cTA\xa2>:\x16R\x08\xba\
gf\xd8\xff\x83\x1f\x10\xb4\xf9\xa3\x0e\xefiY\x1e\x85\
9D\x84\x10\x1f\x13B\xc4\xad\x14\x1a\xac\xebt7\x1e\
\xe2\x00p\x8dt96\xc7\xf4]\xcd\xcc\xcc\xd8.y\
,5\x8d\x1dG\x8ep\xcek\xaf5v\xf3d\x12a\
:\xdbM\x222\x9c\xd5u\x17.u\xa2\xa6\xba\x83\xd7\
V\xad^\xba\xb0\xa0\x08\xcb\x8f\xb9Z\x17\xd8\xfd\xea\xab\
\x1c=p\x80c\x17\x5c`\xcb\x01\x9f\xcb\xe5\x98\x9b\x9b\
#\x1a\x8dzEZ\xd7\xa08\xe6\xd9z'\xd6\xa4\xb4\
\xef\x7f\xff\xfb\xa0\x16F\xbd\x1d\xd8\xec\x85\xb3}uu\
\xb5\x18$j5\xb1Z\x0aAty\x99\x83O>I\
te\xc5~I\x0e)ax\x18\xba\xba\xd6h/E\
\xdf\x8f\x153\xaeU&\x9e\x15M\xab$\x15\xe8\x8c\xc0\
Us\x7fe\x05&&\xd4\xbe\x8f\x8e\x87\xf9\xce_\xf8\
\xfd\xef\x13]^.N\x9eT\xfa\x91\xaf\xb4-,,\
x\xa9emFq\x8c08\xa7*\xac\x98\x84C\xc0\
\xad^<\x85Y\x16\xa3\x91\x00\xb7\xddo\xbc\xc1\xb6\xc3\
\x87\x8b\x99\xedv!\x86\x87U\xec\x95\xe1\x14\xf7$\x08\
\xb4\xd1v\xeb\xa5\x02\xa5R0>\xae\xfe\xfaX7\x90\
\x9a\xc6\xd6C\x87\xd8\xf5\xfa\xebU\x9d\xef\xd5\x90\xcb\xe5\
\x98\x9f\x9f\xc7m+\xaa\x04\xb7ba\xc5-+\xa3\xf9\
\x0a`\xaf\x17O\x90N\xa7m\x07\xb7\x99a\x0c\xfb\x7f\
\xf8\xc3\x86\xec\xf9\x22\x8c\x92\xb2\x9e\x06\x816\xe8\xa8\xaf\
9k\xb9\xba\xea;\xd9\xd71\x82\xd9,\xfb\x9ey\x86\
\x84\x85*$\xe5D\xb6\xb8\xb8X1l\xc8\xa5m\xaf\
\x10\xe2\x8az\x1a^U\xc2\xfa\xfe\xf7\xbf\x8f\x10B\x03\
>\x84Z\xf9\xc2\x15\x94>\xc4\xfc\xfc|qf\xd0R\
&\xb8\xf1w\xf7\xeb\xaf3t\xf2d\xc3\xda\x15\x00\x91\
\x08\x12\xdc\x99\xc5k\xc6\xa1^o\xd6\xb2tK\xa7\x95\
\x19\xe8\x93\xd5\xba\x85\xd446\x9f8\xc1\xd9\xaf\xbd\xb6\
fL\xd4s\xa9\x08!\xc8f\xb3,--\x15\xffw\
\xd9<L\xa0\xb8F{\xf2\xc9'\xab\x9eT\xd5\xe9n\
\x08;\x22\x84\xb8\xdeM\xa9M\x98\xd3\xad\x96\x22\xd9\xdf\
\x13\x9a\xae\xf9y\xce\x7f\xfey\x02\xb9\x5cS\x84%\x0b\
\x05\x84\x19#\xe5\xd5B\x106\xae\xad\xbb\xd8j:\xad\
\x1c\xec>Y\xad{\x04r9\xce{\xf6Y\x8e_x\
!\xcb\xbd\xbd5'UJ\xc7\x96\x94\x92\x85\x85\x05z\
{{\x09\x85<YS\xe6z\xd4\x92\x81c\xd5N\xa8\
7\xa2/\x07v{!y\xa3N\xc0s^{\x8dM\
\xa3\xa3\xcdiW\x80X]U1Jv\xcd\xb4V\x98\
\x7f56K\xa5kR)U\x81\xc1'\xab\x0d\x01\xa9\
il:y\x92]\xaf\xbc\xa2V\x8e\xb6\xa1e\xa5\xd3\
i\x96\xbd{Ov\xa38\xa7**\x8ejC%\x0b\
\x007\xe1\xa29h\xa2P(0??ok\xc9.\
\xb3\x22\xe3y/\xbc@\xc0\x81\x99/9?\xaf\xb4\x12\
'\xe3\xa1\x9a\x9d]\xac\x15\x04Z\xad\xdd\xe5ee\x06\
\xae\xac\xb8\xfd5\xfa\xf0\x10Z>\xcf\xb9\xcf?Ob\
a\xc1V\xba\x95\xae\xeb,,,\xd8_.\xcf\x19$\
\x80\x9b\x84\x10\x81jfa-5d\x04\xb8\xcem\x89\
\xcdP\x86\x95\x95\x95\x8a\xdaU-\x87\xe0\xce\xb7\xdff\
\xf0\xd4\xa9\xa6\xb5+\x00\xc6\xc6T\xe5M\x8b+\xdf8\
\xa1-Y\x22\xadZy\x8b\xe5m\xcc\xcf+\xb2\xf2g\
\x037\x1c\xa4\xa6106\xc6\xf6\xb7\xde\xb2EXf\
\x1a\x9ci\xddx\xb0]\x87rEU\x94/XMh\
\xd4\xec`\xc3\xc5\xe2\x1b\xeeh\xc3\x8e.\x14\x0aU\xcd\
\xc13\x8e\x0bAtu\x95s_z\xa9i\xdf\x95\xd9\
\x1e\xb3\xb3j6-\x91(\x12E\xdb\x04\x81\xd6\xbb&\
\x9bUd5?\xef\xaf+\xb8\x81\x11\xc8f\xd9\xfd\xc2\
\x0b\x1c=x\x90l<\xae\xd63(\xf1gU\x1b_\
\x85B\x81\xc5\xc5E\x12\x09\xd7\x8d+P\x9cs\x05U\
\x16\x5c=cd\xff\xe0\x07?\x00\x15,\xfa>TJ\
\x8e\xab\xc8f\xb3\xb6\x16\x96\x00e\x0eny\xf7]\x86\
\x8f\x1dkh\xdd\xb63 \x842\xa5^}\xd5\xd1Y\
\xbcf\xfcZk\xb4\xaaZ\x1a\xdc\xea\xaar\xae\xcf\xcd\
\xf9d\xb5\x81!\x01]\x086\x1f=\xca\xc8\x91#k\
r\x0c\xad\xcc\x00.//{U\xe0/\x8e\xe2\x1ea\
p\xd1\x1aTSE\xfa\x80\xab\xdc\x96\xd4,\x7f\x9c\xb1\
SO\x5c\x08B\xd9,\xe7\xbe\xf4\x12a'+e\xea\
:\xf2\x95W`z\xda\xbao\xaa\x15\x84V\xcb\xa9^\
V\x8b\x1d\xb3\xbc\xf1\xf2\xb2\x9fn\xb3\x81a~\xf3R\
\x08\xc2\xa9\x14\xbb_x\x81\xa0\xcd\x1a\xfd\x99L\xc6\xcb\
2\xcaW\xa18\xe8\x0cT#\xac=x\x10,Z(\
\x14XXX8#\xda\xb6f\xec\x95\xa610>\xce\
\xd6C\x87\x9c\xad\xe5\xa4ip\xfc8<\xff\xbcs\xda\
R\x03\x8e\xf8\x22Y\xd5\xf2\x97\xad\xac(\xadjr\xd2\
_<b\x83C\x96\xfc5\xb5\xac\xe1w\xde\xa1\xaf\x8a\
o\xb7V\xfd\xb9\xa5\xa5%\xd7\x17\xab(\x09\x22\xddS\
\xe9\xbek\x9e\xe0\xa9\xa7\x9e2/\xbaJ\x08\xd1\xef\x9a\
\x94\xbc7\xa5\x9aJ\xa5,;\xe8\x10\x02!%g\xbf\
\xf9&\xf1\xa5%g\xcc\xc1R\xe4\xf3\xc8\xef\x7f_9\
\xe0m,\xe7\xe5\xc4\x0c\xe1\x9a \xd0j5\xb32\x19\
\x98\x99Q\x8e\xf5\xc5E\xdf\x04\xdc\xe0\x90\x956!\x88\
-.\xb2\xfd\x8d7\xd0J\x96\xc4\xabg\x16\x9a\xcew\
;\x81\xdbNl\x06\xfa1,<\x93\x93Lh\x15\x04\
\x8d\x02W\x03\x9a\x9b\xb3\x03\xa0\xec\xe6|>o\xb9S\
1\xd2pv\xfe\xe8G\x0d-yT\x17B\xc0\xa9S\
\xc8\xfb\xefW\x0el+>$\x07*\x8c\xcazd\x98\
\xcd\xaaJ\x0b\xe3\xe3\x8a\xb0\xbc]L\xc0G\x1b\xc0$\
\xa8\x8a\xfb\xba\xce\xb67\xde fs\xf1\x95\x5c.\xc7\
\x8a7\xe10\x1a\x8a\x83\xa2\x95>(\xc7\x08p\xa9\xdb\
\x12\x16\x0a\x05\x96\x96\x96\xec%_\x0a\xc1\x96\xc3\x87\xe9\
\x9f\x98p&\x94\xa1\x1a^}\x15\xf9\xf0\xc3\xb0\xb4T\
\xbf\xde\x95\x15\xd3\xb0\xda\xf2\xf5\xf5\x82@3\x19ET\
\x13\x13\xcaW\xe5\x87+\xf8\xa0\xb2f\xb5\xe6\xb8\xa6\xd1\
3>\xce\xd0\xe1\xc3g\xb8Mj\x85\x09\x81R\x22<\
\x8a\xc9\xba\x14\xc5EkP)\xac\xe1`\xa5\x13[\x09\
\xd3\x1c\x5c]]\xb5e/\x07\xb3Y\xce~\xfdu\x82\
\x99Lk\x09\xabP\x80g\x9fE\xa6R\x88\x0f|@\
%F\x9b\xa4\xd2LXC\xc9g5\x17\xaf\xc8d\x14\
Y.,\xa8`V\xdf\xf4\xf3A\x0d\x8d\xaa\xc2\xe7\xc1\
L\x86\xed\xaf\xbe\xca\xe8\xc1\x83\x14\xca\xd2nj\x85\x0f\
\x99fa,\x16s\xbb\x92\xc3\x08\x8a\x8b\x8e\x96\x1e,\
\x8e\xf2\x12[\xf1\x22\x5c\x8en\x97R\x16\xcdA\xcb\xd7\
\x08A\xcf\xf44#\xef\xbe\xdb\xfa\x85\x13\x84P\xc4\xf1\
\xf2\xcb\xc8{\xef\x85C\x87\x14\x89\xd4[P\xd5\x82_\
\xabb\x10h\xa1\xa0\xcc\xbe\xe5e\xa5I\x9d8\xa1\xb4\
\xaa\xd5U\x9f\xac|\x00\xd6\xc9\xaax\xbe\x10l:r\
\x84\xae\xe9i0\xd6/\x84\xfa\xbe\xa9B\xa1P4\x0b\
]\x0e M\x08cu\xf9\xa7\x9f~\xba\xf8\x1cE\x0d\
\xcbx\x808\xaa\xf2\x9f\xab(\x14\x0a\xc5\xfc%\xcb\x1a\
\x96\xa6\xb1\xe5\xc8\x11Ke4\x1c\x83\x94p\xec\x18r\
jJ-P\xb1g\x0f\xf4\xf7\xab\x19E\xbb\xc1\xa5\x95\
\x12\x96\xb3YEJ\xcb\xcbj\xe6ou\xd5\xf7O\xf9\
8\x03V4\xaa3\xce\x15\x82\xd8\xc2\x02C\x87\x0e\xb1\
\xb0m\x1bX,* \xa5duu\x15]\xd7\xb1R\
\xc2\xd8a\x1c@q\xd2\xaay\xa0\xdc$\x1c\x00\xf6\xbb\
-U.\x97+\xce\x0eZE(\x93a\xdb\xdbo\xa3\
\xe5\xf3\xad5\x07\xcb!\x84\x22\x93W_E\x1e:\x04\
##\xaa\xd8\xdf\xe0 D\x22\xc5\x00\xbd\xaa\xa4U\xea\
X7\x1d\xf4\xcb\xcb\xca\xe4[^~/\xe1\xdaX\x01\
\xc5\x87\x8fRX\xd6\xa8*\xfc\x15\xf9<C?\xfe1\
\xef^}5\x85H\xc4R\xac\x9ei\x16\xe6\xf3y\xc2\
\xe1\xb0\xdb\x8f\xbb\x1f\xc5IU\x09\xeb\x5c,T\xfds\
\x12B\xa8Uh\x1b1\x07\x87\x8e\x1f\xf7fP\x9b\xf7\
\x5c]\x85#G\x90G\x8fB4\xaa\xd2x\x92ID\
,\x86\x0c\x85\xc0\x5c\xd1\xd6H\xa7\x11\x99\x0c2\x9dV\
\xa4dn\xa5f`i\xdb>Y\xf9(A%\x02*\
%,\xca\x8eW\xdaG\x08\xfa\x8f\x1e\xa5kj\x8a\xf9\
m\xdb\xb0\xfa\x86\xe5\xf3yR\xa9\x14\x91H\xc4m?\
\xd6\x10\x8a\x93N\x9a\x07\x82@\xa9\x8dx\x00\xe8vS\
\x22]\xd7YYY\xa9\x1b\xa0f~fv\xfc\x96\xc3\
\x87\x89\xdb\x9c\xa6u\x1c\xe6\xbd\xa5T\xe4\xb5\xba\x0aS\
SJFMS\x9f\x97\x9c#\xa5<\xd3\x07\xe5\x13\x94\
\x8f:\xa8\xe7\xaf\xaau\xce\x9acB\x10]X`\xf3\
\xa1C\xcco\xdf\x0eP\x97\xb4\xa4\xf1\xde\xa6R)z\
zz\xce\x18\xa3\xb6\xea\xd5\xd9G7\x8a\x93\x1e}\xe6\
\x99g\xb8\xfa\xea\xab\x95\xd3\xddpr\x85\x84\x10\x07\x84\
\x82k\xce\xb5B\xa1P\x9c\x1d\xb4\x10P\x86\x00B\xd9\
,#G\x8e\x10h\xa7\x85?Mr27\x93\x9cJ\
\xcdA\xd3\xcc+\xdd|\xf8\xa8\x81j\xe1\x0a\xe5\xe7@\
eB+?&\x0a\x05\x06\x0f\x1f&\x94\xcdZ\xd2\xb0\
\xcc\xf1g\xfa\xb1*}\xdeB\x08\x14a\x15\xa75K\
\x9d?\xbd\xc0\x85\xad\xbc{\xa5\x87M\xa7\xd3d\xb3Y\
\xcb\x0fn.\xcf=x\xf2\xa4\xb7\xda\x95\x0f\x1f-F\
5\x02\x82\xfa\xc4T\xeds)\x04\xbd'N\x10\xb19\
Y\x95\xcdf\xed\xe5\xf8:\x87\x0bQ\xdc\x04\xac%\xac\
!`\x9b\xdb\xd2\xa4R)\x0a\x154\xa5r\xed\xaa4\
wp\xd3\xd8\x18\x09\xaf\xcdA\x1f>Z\x84Z\x04\x04\
\xf64\xaaJ\x9fG\xe7\xe7\xe9=y\xd2\x96\x86_(\
\x14lO\x8c9\x84m\x94\xf8\xd5K\x09k7\xd0\xe5\
\xa6$\xba\xae\x932\xa2\xb5k\xa5\xe3\x94\xfe\xaf\xe9:\
CG\x8f\x12J\xa7\xdd\xee8\x1f>Z\x8eZ\x04T\
\xe9\xf3j\xfbU7!\x08\xa4\xd3\xf4\xbf\xfb.\x9a\xae\
\x9fQ>\xb9\x162\x99L\xab}Vg@\x08\xd1%\
\x84\xd8m\xde3\xf8\xec\xb3\xcf\x9a\x9e\xffs\x80\x84\x99\
\xa9\xed\x82 \xe4\xf3\xf95\x95\x0dMT\xba\xbf\x10B\
-\x16\xb9\xb2\xc2\xd0\xb1c\xaeu\x98\x0f\x1fn\xa1\x9a\
FE\x85\xe35\x9d\xeb\x16\xce\xed\x7f\xf7]B\xa9\x14\
\xb9DbMxC-2\xcad2\xe8\xbaN \x10\
p\x93\xb4\x12(n\xe2\xd9g\x9fU\xb3\x84B-\xe7\
U\x5cl\xc2\x0da\x84\x10\xe4r9\xdbK\xd0'\xe6\
\xe6\xe8\x99\x9c\xf4\x1d\xd6>\xd6\x15\xaa9\xd5\xed\x92Q\
\xbd\xf0\x07s\xb60q\xfa4\xf1\xd9Y\x16\xba\xba,\
\x13\x969^\x03f\xb8\x8e{\xd8\x8d\xb2\x06u\xd3$\
\xec\xc2`17Q\xcd\x7fU\x0dR\x08\x06N\x9d\x22\
\xbc\xba\xea\xfb\xaf|\xac\x1b\xd4\x22\xab\xaa\x09\xcd\xd83\
\x0b\xd7\x1c\x17\x82\xe0\xea*\xc9\xb11[&a\xa1P\
\xf0j9\xfbs0\xdcU&au\xe3r\xfdv3\
\xb6\xc3N&\xb8\xa6\xeb\xf4\x8f\x8d5\xb7\xa2\xb3\x0f\x1f\
m\x82j\xc4\x026\x09\x08\xfb\xda\x97\x96\xcd\xd2=:\
j\xab,\x93\x94\xb2\xe8\xc7r\x19gc\xc4\x87\x9a\x91\
\xee\xdbPE\xb3\x5c\x83\xae\xebk\xa6I\xcb}Xg\
\x04\xa8\x09U\xeeu`l\xcc\xf2=|\xf8hW\xd8\
I\xa9i\xc5\xbe\x00\x92\xa3\xa3\x842\x19\xf2\xb1\x98\xa5\
4\x1d)%\xd9l\x16)\xa5\xdby\x85\xfd(\x8e\x1a\
\x0d\x1a\xc4p\x16./8\xa1\xebz1\xfe\xca\xaa\x0f\
+\xb6\xb4D\xef\xc4\x84\xef\xbf\xf2\xd1\xd1h$\x00\xb4\
\xd2\xbe\x9ds+\x99\x85\x89\x89\x09\xc2KK\xe4b1\
\xcbA\xa4\xd9l\xd6\x8bD\xe88\x8a\xa3\x9e5\xef\xba\
\x85\x0a\xd5\xfdZ\x05\xd3\xe1^k)\xaf\x0a\x17\xd13\
9Ide\x05\xd7\x15R\x1f>\x1cB\xbd\xc0O[\
\xa4S\xe7\xbaz\xed\x85VV\x88\x9f>m;\x1e\xcb\
N\xde\xafC\x88\xa28\xaa\xe8\xc3r\xb5`\x1f\xa8)\
\xd2Z\x0e\xf7\xf2\xda\xed\x08A\xcf\xd4\x14\xa1l\xd6\xd7\
\xb0|t$\x9aI\xa9i\xda\xd1^~L\x08\xb4L\
\x86\x849\xe3n\xb1>\x96i\x16z\xe0x\x1f\x01\xe5\
\xc3\x8a\xe2\x11aY\x0dB\x13\xa8\x1c\xa8\xee\xa9)\xb4\
B\x01\xdd\xfd\xba<>|4\x8cJD\xe5\x94y\xd7\
\xe8uf^alr\x12\xadP\xb0\x9c\xdb\xaa\xebz\
q\xbdB\x97Ik\x04\x88\x06\x85\x10q\x5c&,\x93\
\xa5-C\x08B\x99\x0c\xddf%\x04\x1f>:\x04v\
c\xaa\xea}\xee4\xb9\xc5&'\x09d2\x14l8\
\xde=Z`u\x04\x88k@\x0c\x97\x09\xab\x94\xa5k\
\xa1\xc8\xe0B\x10J\xa7\xe9\x9e\x9e\xf6\xcdA\x1f\x1d\x89\
\xa6Sj*lV\xda\xa3\xd6uB\x10\x9b\x9a\x22X\
%\xcd\xad\xda\x02\x15\xb9\x5c\xce\x8b\x85)F\x80X\x10\
\x18\xa4$\x1b\xda\x0dH)\xd7,\xe7U\x0bfJN\
bq\x91\x88QF\xd9\x87\x8fN\x80[\x1aU\xe9\xb1\
\xbam\x97\xd6\x95\x03B\xcb\xcbD\x16\x17\xc9\xf4\xf7W\
\x9c)\xac4\x83\x9f\xcf\xe7\xbd\x88\xc5\xea\x05\x065`\
+.\xce\x10\x82\x9ai\xa84CX\xadB\x83\x10\x82\
\xc4\xfc<\xc1\x5c\xce7\x09}t\x04\xdc\x9a\xe9+\x0d\
S\x90\x86\x1f\xaa\xf4\xff\xe21s\xbf\xec:\x91\xcb\x11\
\x99\x9b\xb3d\xb9\x98\xe3\xb2P(4\xaca5Q;\
/*\x84\xd8\x1a\x046\x01\xae\x15k.eh+\x15\
F1:?\xbe\xb0@ \x97\xf3MB\x1fm\x8f\x8a\
\x9a\x8eI$\x00R\x9eA\x1ev\xf6\xeb\x9ek\xa1m\
S&\x91\xcb\x11\x9e\x9fW):\xc6g\xf5\xc6\xa5\x94\
\x92B\xa1\xe0v\x8d\xf70\xb0)(\x84\xe8\xa3\xa4\xa2\
_\xaba\xda\xc0vTJ!%\xb1\x85\x05\xf7\x17\x9c\
\xf0\xe1\xa3\x0e\x84ADf5YK\xa4c^c\xe5\
\xdc&\xf7\xeb}.\xf2y\xc2\x0b\x0b\xca\x1c4H\xab\
\x1eJ]:.\x9a\x86!\xa0/\x88\x0a{w\x8d\xb0\
@\x15\xb5\xb7\xacR\x0aA \x9f'nt\xaao\x12\
\xfah5\xea\xa5\x89UB\xb9o\xc8+\x02\xb2{\x9d\
\x90\x92\xb0\xa9\x0c\x04\x02XY\xfe\xcb$,\x97\x11\x02\
\xfa\x83@\x1f\xf5k\xd1;\x0a3`\xd4\xd2\x8b!\x04\
A\x83\xb0|\xb2\xf2\xd1\x0c\x1a!\xa2\xba\x83\x97\xf6\x22\
 \xdb\xfbB\x10\x9e\x9f'\x90\xcfS\x08VZ\x08\xbe\
\xc23\x1b&\xa1\xcb\x10\x18\x1aV\x9f\x9bw\xad\xf6\xb0\
\xd5^\x0c\x09h\xf9<Q\x7f\x86p\xc3\xa0\xd1\x80D\
;\xd50\x9b\x0dzl%\x01\xb5r\x16\xb1\xd2~`\
y\x19aSc2-$\x97\x83G\xfb\x82B\x08[\
U\x1a\x9a-\x91*\xa5\xb4=\xc3\xa0\x15\x0a\x84S)\
\xdf\xe1\xde\xe1(.\xd5\xd6\xa22\xbbn\x0d\x1e/\x08\
\xa8\xd1\xeb\xea\xc9\x84Q\x1bKT\xd1\x98J\xfdT\xa5\
\xfd\xab\xeb\xba\xeb\xe5\x92)1\x09-\xa3\xe9_\xa6\x1a\
\xead\xb9\x13\xcf\xcc#\x0c\xe6\xf3~\x0d\xf76E+\
\xcc\xacvF\xbb\x13P#mh\x99\x0c\x81|\x9e\x5c\
\x15\xa7{\xa5\xef\xcb\x83\xc0Q0LBW\x17N5\
5\xacjA\xa3\x95\x8e\x85\xd2i4\xf7\x9d|\x1b\x1a\
\x1b\x8d\x88\xac\xc0\x15\x9f\x92\x83m[=\x97|\x1e\xcd\
X\x0c\xc6*<\xd2\xb0\xba\x83@\xc4\xcd;\x9a\x1a\x96\
\x9d\xb22\xe1\xd5U\xb4B\xc1w\xba;\x80F\xcc\xb2\
\xf5NDV\xd0I\x04dw_\x14\x0a\xca,\xb4\x18\
\xd6\x00\x9e\xf9\xb0\x22A!\x84\xab!\x0d@E\x9b\xb8\
\xfc\xb3R\x842\x19[\xa5\x5c\xdb\x11\xad\xf6\xdf4*\
\x8f\x8f\xdap\x8b\x80\xbc$4\x0a\x05\x02\x99\xcc{+\
\x96\xd7\x81\xcb\xf1W\xa5\x08\x05q1\xca\xbd\xfc\xa1-\
\x1d7\xe2\xb0\x847\x1dd\xf9\x19|\xb3i\xfd\xa1S\
\x09\xc8\x8eLjG\xda\x9e%\x94RzAZ\xe1 \
.\x07\x8d\x9a\x0fk\xa2\xee\xa0\x17\x82\x80\xae+\xc2r\
i\xb0\xfbD\xe4\xc3\xebP\x03WI\xb1\x01\xc2\xf2\x08\
\xed\xa5aU\xd5\xba\x0a\x05K\xaa\xaa\xd5{\xfa\xfe\x1b\
\x1f\xb5\xd0N\x1aP\xcb\x89\xd00\x03E\x8d\x89\xb0\x8a\
}\xe4\x8d\xc5\xe3\xbe\x86e\xfbA\x85@+\x14\xaa\x9a\
\x84\xbe6\xe4\xc3It\xeaL_SmK\x890&\
\xc2\xec\x8c\x0d\xbb\xe7;\x80\x90'N\xf7\xd2\x07\xae\x07\
\x09\x04\x0c\xc2\xb2R;\xcb\x87\x8fF\xb0\xae\x08\xc8\xee\
u\x06a\xd9u\xb9x\xa0e\x85\xac%\x0f\xb5\x00\x96\
M\xb2\xf7.\xf0JT\x1f\xeb\x1c\xedd\xd2y\xe1\xe7\
j\xbf\xe9\xac\xea\x08\x029 \xe0\xd6\x0d\x1bQ#\xf5\
@\xc0',\x1f-A\xdb\xf9\x94\xbc\x90I\x88b\xa5\
\x06\xab\xf0\xc0\x1c\x04\xc8\x99\x84\xe5\xea\x9a\x84v\xa1\x07\
\x83\xc5\xf2\x1d>|8\x85uK@v\xf7\x85@\x06\
\x83g\x90P-\x9fpyu`\xc7\xbe\x93\xda\xae\x9f\
\x5c\x10\xc8\xba\xc9\x94\xe5%\x90\xeb\x0aj\xb2\xbfOX\
>\x1cB\xdb\xfb\x94\xdc\x94\xc9\xa8~*\x03g\x1aY\
V+\x02;\x89:\xedf\x83B\x08W\xd7\xec\x11B\
\xa0i\x9a\xe5\xe5\xe9A\x99\x84\xd2\x8c\xc2\xf5\x89\xcbG\
\x13X\xf7\x04\xd4\xc0uE\x0d\xab\xac\xafj)\x14\x95\
\xc6\xb0\x0bP\x1a\x96\xdbw\xb5\x5c\xcb\xdd (=\x14\
\xf2MB\x1fMc\xc3\x10\x90\xcd\xf6L\xc2\xa2\x86\x89\
\xd7&3\xf0Y\xd3\x87\xe5*4\xa3.\xbb\xd50\x85\
|4ZQe\xf5\xe1\xc3*:\xca\xa7\xe4\xb2Lz\
 \x80\x1e\x8bYJ|6\xf3\x08M\x0d\xcbM\x22\x93\
R\xe6\x82@\xa6\xd57*W%\x03\x81@\xd5\x87-\
\x8f\xed\x10@.\x1eG\x0f\x04\xfc\x9a\xee>l\xa3\x95\
D\xd2\xe8um'S \x80\x1e\x8f\x17\xfb\xcc\x8a\x22\
a\x8ea7!\x84\xc8\x04\x85\x10\x8b.\xdf\x94@\x0d\
m\xa9\xbc\x13$\x06aY\xac7\xed\xc3\x87\x89N\x22\
\xa0F\xafsB&=\x18D\x8f\xc7\x8b+\xe7X\x81\
\x17\x84\x05,\x06\x8197\xefX\x8f\xb0\xce8\x1f(\
\x04\x83\xe4\xa2\xae\xae\xf5\xea\xa3\xc3\xd16\xdaK\x0b\xf6\
\x9d\xbc\x0e@\x8f\xc5\x90!\x95\xf0be\xe6\xbe\xd4$\
t\x19sA`\xd6\xcd;V\x22\xacZ\x9dd:\x04\
s\xb1\x18\xfe,\xa1\x0f+\xd8\xc8\x04d\xbb\x0d))\
\xc4\xe3`\xc4aQ\xa5\x92J9\xec(\x1d\x0eb\xd6\
3\x0d\xcbj\x89d\x81RY3\xc9\xa4\x17\x1d\xe4\xa3\
\xc3\xb0.|J-h\xaf\xd6~!\x99\x84\x1a.\x97\
J\x0aE\xa9\x86\xe5bQ\xca9\x93\xb0\xa4pQ\xbf\
\xabe\xffV\xf2a\xe9\xe10\xa9\xde^\x9c(1\xe3\
c\xfdb\xbd\xf8\x94\x5c\x95IJ\x0a}}\xc8p\xd8\
\x92\x0f\xcb\x1c\x9f\xe6\x18v\x91\xac$0\x17\x14B\xcc\
\xa2B\x1b\x5c\xa9\x8b%\x84 \x14\x0a\xa1i\x9a\xa5l\
o\x01\xe8\xa1\x10\xe9\xde^\xdf\x1c\xf4Q\x11>\x015\
\xd1\xb6\x10\xe4{{!\x14\x02\x8be\xc85M#\xe8\
\xfe$X\x0e\x98\xd5P\x1a\x96k\xb1XR\xca\x22a\
Y\x86\x10\xa4z{\xfd\x99B\x1fg\xc0\xea\xe0\xac\xb4\
a\xe1\xb8\x95s\xec\xb4Q\xef:\xbb\xed\xd5\x93\xa9\xae\
\x1c\xc1\xa0\xd2\xb0l\xd6\xc1\x0a\x06\x83n\x97\x97\xc9a\
\x98\x84S\xa8h\xf7\x84[w\x0e\x9a\x0e>\xab\x90\x92\
To/\x85P\x88`:\xedkZ>\x80\xcepj\
\xb7\xb5LR\xa2\x87\xc3\x14\xfa\xfa\x10X\xacOg\xcc\
\x10\xda\x1e\xc3MBJ\x99\x05\xa6\x82\xc0\x18p\xc6*\
\xa5\xad\x14&\x10\x08\x10\x0c\x06\xc9\xe7\xf3\x96V\xe0\x10\
@\xaa\xbf\x9fB8L(\x9d\xc6U^\xf7\xd1\x96\xf0\
|\xb0;\xd4\xb6\xd72\xc9P\x88B\x7f\xbf\xe5\xe5\xbd\
L\xed\xca\x96\x85\xe4\x00\x84\x10i`L\x13BL\x0b\
!\xe6K\xcbE\xb4\x9a95M#\x14z\xaf\xd0i\
\xf9\xbd+\xc9\x92\xee\xeb#\xd3\xd5\xe5j'\xf9h?\
8e\xd25j\xc6\xd5k\xbb\xd3d*$\x93\xe8}\
}X\x9d\xd0\x92R\xba\xae]\x19\x98\x07\xa65 \x05\
\x8c\xbbyg\xd3\xf1n\xf5\x5c\x81\xca'\x5c\xde\xbc\xd9\
r\xc7\xfaX\x7f\xf0\xc2\xa7d\xe5~\x1d+\x93\x94\xe4\
\x87\x86\xd0c\xb1\xaa}^\xa9\xaa\x8a\x17\x1a\x16\x8a\xa3\
RA`\x15\x97\x09K\xd34\xc2\xe1\xf0\x9a\xce\xa8Y\
\xc1\x01\x83\xb0\x86\x87}\xc2\xda\xa0h\x85\x09\xd6.&\
\x9dg2II~x\x18\xa2\xd1\x9a!\x0d\xe5c3\
\x14\x0ay\xb1\x98\xea8\xb0\x1a\x14B\xa4\xa5\x94\xae\x12\
\x16@$\x12!\x10\x08\x14\x97\xbc\xae\x07\x19\x0c\xb2\xbc\
y\xb3*\x83\xe1\x93\xd6\x86\xc2F\xf2)\xb9)\x13\xc1\
 \x85\xe1a\x154Z(X\xfa.Le\x03\x5c/\
93.\x84H\x07\x8d\x1b\xbbNX\xe1p\xd8r,\
\x96\x89\x95\x91\x11\xf2\x91\x08\xc1T\xca\x9f)\xdc\x00h\
\xe7\xc1\xde\xe92!%z4J~d\x04\xb0\xbef\
g\xb9\xff\xd9E\x8cK)1\x0d\xd1ST\x98)l\
%B\xa1\x90\xbd\xe03)Y\x1a\x1e&\xd3\xd5ey\
F\xc3G\xe7\xc2\x8a\x03\xd9\xca\xbe\x9d\xad\xd1\xb6\x9d\x96\
\xc9n{\xf5d*=V:v\xf4d\x92\xc2\x96-\
k\xd6\xfc\xac\xa75\x05\x83A/\x82F\xd3(\x8e*\
\x12\xd61\x94/\xcb5\x98\xaa\xa5U\x0dK\x00\x99\x9e\
\x1e\x96\xb6l\xf1M\xc2u\x8ev\x1c\xecn\xcaT\xaf\
\x0d\xbb2Q\xe93)\xc9o\xd9\x82\xde\xdd]\xf1;\
(_{\xc1\xdc\xb7\x1d\xf4\xed\x0cVQ\x1cU$\xac\
Q\x5c\xae\xdaP\xc9\xf1^\xdeYk6 \x1f\x8b\xb1\
\xb0c\x87\xdb\x9d\xe5\xc3E\xb4\xe3`\xefT\x99\xca\xfb\
\xb5\xfc\xba\xfcYg\x81Q\x07\xabZXS\xf9\xbe\xe9\
\xca\xa9\x17\x8a\xe4\xf06+\x84\x18\x15B`\xeav\x8b\
\xc0Q!\xc49\x0e\xbf\x7f5\x11\x8dFm\xf9\xb1d\
 \xc0\xfc\x8e\x1d\x14\xc2a\xb4|\xdeMQ}\xb8\x80\
F\xfc4N\xfb\x86\x9c\xb8\xce\xe9\xf6\x1a\xd9\xaf\xd5\xaf\
\x00z$B~\xe7N\x08\x04j:\xdcKg\x035\
M#\x12\x89x1Cx\x14\xc5Qh\x06\x83-\x0b\
!\x0e\xbb)\x01@,\x16\xabX\x1b\xab\x5c\x15-n\
R\xb2\xb8s'\xd9Db\x8d\xdd\xed\xa3\xb3a\xd7\x94\
rZ\x03\xaa%C;ieVe\xaaw\x7f)%\
z\x22Aa\xe7NL\xf7J\xad\xa0ms\xdf$,\
\x0f\x96\xa8?\x0c,\xc3{&\xa1\x0e\x1cq[\x8aP\
(T\x9cq\xa8\xa5\x8a\x16\x8f\x01\xa9\x81\x01\x96GF\
\xf0\xfdX\xeb\x03V\x06-6\xf7\x9b\x19\xecV\xdbn\
W\x99\xea\xf5)(\xc2*l\xd9\x82\xbei\x93\xe5\x1c\
BP\xe3\xd5\xa3\xc2}GP\x1c\x85v\xc1\x05\x17\x98\
\x07\x0f\x03+nJ\xa1i\x1aQ;\xa5\x8f\xa5$\x9b\
H0\xb3g\x8f\x9bb\xfah\x11\x1a\xd1^\x9c\x18\xe0\
\xf5\xee\xddi2\xd5\xea\xd3j\xd7\xe5\xcf=\x17\x99H\
\xd8\xfa\xe17c'\x9d\x80U\xff\x15\x8a\x93\x0e\x03\x5c\
p\xc1\x05\x94\xceO\x1eA\xa9]\xaeUm0\x09\xcb\
N\x00\x9a\xd44f\xf7\xec!\x1f\x8d\x12\xc8d\xfcx\
\xac\x0eE\xab}9\xa5\xc7\x9ch\xaf\xddd*\xefK\
\xcbmH\x89\x8c\xc5(\xec\xdd\x8b\x08\x04,\xd7\xc0\x02\
\x8a\xfe+7!\x84X\xa6\xc4\xfa3\x03G\x01N\xa3\
f\x0b\x87\xdc\x14(\x16\x8b\x11\x0c\x06)X\x8c\xb4\x15\
B\xb0p\xf6\xd9\xa4\xfa\xfbI\x8e\x8fc\xfd\xf7\xc1G\
\xbb\xc0\xeb\xc1\xde\x0a\xe2rS&,\xb6Q\xed\xb8\xde\
\xdfO\xe1\xec\xb3miW\x81@\x80H$b\xf9|\
\x071\x8a\xe2&\xe0=\x1f\x16\xa8l\xe8\xd7\xdd\x96&\
\x12\x89\xac\x09\xf5\xaf\xbb\x01\x99\xbe>\xe6mv\xb8\x0f\
\xef\xe1\x94\x09\x86\x8d\xeb\xac\xb4\xd7\xce2\x95\xb7G\xb3\
2II~\xf7nK\x15\x1aJ\xb5\xa9p8\xecU\
\x84\xfb\xeb(n\x02\xd6\x12V\x0ex\xad\xacoZ\x8e\
@ @\xacF\xb6\xf8\x19\x90\x92|$\xc2\xcc\xbe}\
~\x05\xd2\x0e\x82\xd7\x83\xbd\x1d\x09\xc8N\xdb8%S\
0Ha\xdf>\x88F\x8bK\xd3[\x99!\x8cF\xa3\
^8\xdc%\x8a\x93\x8a\x15\x915\x80\xfd\xfb\xf7\x9b\xff\
\xbf\x86\x11\xef\xe0\x16\x84\x10\xc4b1\xdb\xd1\xb3\xd3\xfb\
\xf6\x91\xee\xed\xf5\xc3\x1b:\x00^\x0f\xf6v$ ;\
2\xe1\xa0Lz\x7f?\x85\x0b.P\xb3\x83e\xdfS\
\xadp\x06\xd3\xd7\xec\xf2\xb6(\x84xM\x08Q\xe4\xa8\
r\x15\xe5\x1d\xe0\xb4\x10\xa2\xa7\xe6\x0b\xe8\xf0J\x19\xf1\
x\x9cP(D.g\xad\xb4\xbc\x90\x92\x95\xe1a\xe6\
\xce9\x87\xf8\xf4\xb4\xefxoc\xd8\xd1 \x1a\x1d\xec\
\x95\xdap\xa2m/e*\xef\xc3\xa6d\x12B\xed\xeb\
:\x85={\x90\xc3\xc3\xea\x87\xbeVI\xa7\x92\xcf\x82\
\xc1\xa0W\xfe\xab\xd3(N*\xa2\xa8\xd6\x18\x8c6#\
\x84x\xb3^+N\xcf\x14\x98\x1db' -\x1f\x8b\
1y\xe0\x80o\x16\xb61\x9a\xd5^\xb0p\xdc\xca9\
NjTn\xc8\x84U\x99L\x222\xf7\xcb6\xcc}\
\xf3\x9c`\x90\xc2\xc1\x83`\xc7\x05\x83\xf23{\x90\xf0\
\x0c\xf0&0Sz\xa0\xdc\x0e[E\x99\x85\xaeB\xd3\
4\xe2\xf1x\xcd\xb5\x0a\xcfPU\x81\x99\xfd\xfbI\xf7\
\xf5\xf9fa\x9b\xc1'\xa0\xc6e2\xb5\x9e5\xa4T\
N@\xe6~\xe9\xe7\xf5\xda\x96R\x99\x83\xef\xb9\x7f,\
\xc1\xf4_yP\x12\x19\x14\x17\xad)\xcaP$\xac\xf3\
\xcf?\xdf\xdc}\x05\x97\x03H\x01\x12\x89D\xb1Vt\
\xad\xfa\xf2E\xd2\x92\x92\x95\xa1!f\xce;\x0f\x7f\xb6\
\xb0}\xe05\x01Y!&\xdb2\x95j)N\xc9T\
B@\xa6\xf3\xfb\x0c\x12*'/;\xfdTNbR\
\xa2\xef\xdb\x07\x869X\xcbw\xa4iZ1\xc19\x18\
\x0c\x16\x95\x0977\x14\x07\xbd\x02k\xb8\x89J\x9e\xee\
WQ\xd5\xfd\x5c\x150\x12\x89\x10\x8b\xc5\xac\x9b\x85B\
P\x88F\x99\xb8\xe2\x0a\xf2\x91\x88OZm\x80v \
\xa0zm[\xba\xae\xdc\xbc\xa2\xb2\xc9U\xd5\x04\xb3\xb0\
_\xad\xef\x1c\xe9\xa7\x12\x99\x8b\xc4\x15\x8b\xa1_y%\
\xc4bV\xc8\x02\xd5\x0dJ\xbb\xf2\x22\x9cA\x081.\
\x84x\xb5\x5ca\xd1\xcaN2O|\xd1m\x015M\
#\x91H\xac\x99-\xac\x17\x8f\xa5I\xc9\xcc\xf9\xe7\xb3\
\xb4}\xbbo\x16z\x8c\xb6& ;rT1\xaf\x1a\
\x95\xa9\xd2q\xec\xcadg\xbf\x92V&%r\xfbv\
\xe4\x05\x17\xd8\x1e'1\x83\xe0<\xc0\x8bTXk\xa2\
\x92\x86\x95\x06\x9e\xc1H6t\x13\xf1x|\x8dYX\
\x17R\x92\xee\xeb\xe3\xf4\xa5\x97\x22\xdd/*\xe6\x83\xd6\
\x12\x90]\x93\xae\xe9\x81_BVN\xc9D\x85\xff\x1b\
\xed\x9b\x9a2U0!\x8b\xfb\x9aF\xe1\xb2\xcb\x906\
\x96\xf3\x025\x19f+\xd7\xd79\xe8(\x0e:\xa3\x0a\
\xf2\x9aQ\xbeo\xdf>s\xf7Y\x5c.\xe8\x07*\x9a\
\xd6\x96Y\x88\xfa2N_v\x19\x99\xde^\xdf,t\
\x19\xad&\xa0z\xed\xd9\xdd\xafy\xbfj\x83\xddA\x99\
\xaa\xb5\xd9t?U \xda\xe2\xb9R\x22{{\x91\x97\
_\x0e6\x7f\xd4\xad\x9a\x83-\xf0_\xcd\xa28\xa8\x94\
\x93\x80\xca\x1a\x16\xc0!\xe0m[O\xe7\x00\x02\x81\x00\
]]]E\xb3\xd0\xca\xc3i\xc0\xd2\xce\x9dL7\xa0\
\xee\xfah\x1c^\x11PK\x06{\xd9\x80wB\xa6r\
\xa2\xc2\x8eLv\xfa\xa9\xde\x0c\xa1\x94\xc8\x0b/\x84\x9d\
;\xeb:\xdb\xcb\x1d\xef\xa6\x8b\xc6\xaa\xcf\xcb)\x08!\
\xde\x16B\x1c\xaa\xd4\xb6V\xe1d\xa4\x94sB\x88g\
=\x98\x19 \x91H\x14\xb3\xc2\xad\xe6\x16\x16\xa2Q\xc6\
\xae\xbd\x96\x5c<\xeekY.\xa0\xd5\x04d\xd7\xa4k\
\xd9`oB\xa6\xd2\xbejY?\xd53a\xa5\x84D\
\x02\xf9\x81\x0f\xa8T\x9c:(\x1d\x87\xe1p\xd8+s\
\x10\x94v5W\xe9\x833\x08\xeb\xbc\xf3\xceC\xd34\
\x09<\x8d\xcb\x0bS\x80*\x12\x96H$l1\xb7\x90\
\x92\xd9\xf3\xcfgn\xef^_\xcbj1\xdc \xa0z\
m7z\x9d\xad\xc1\xde`\xdb\xe5}\xd5\xb2~\xb2`\
\xc2\x22%r\xef^\xb8\xe0\x02(\xc9N\xb12;h\
\xfa\x93=\xc0*\x8a{\xe4y\xe7\x9dw\xc6\x87\xb5\x8c\
\xda\xe7P\xb5\x94]GWW\x97\xbdDK)\xc9&\
\x93\x8c]{-\x05\xa3\xf2\x83\x0fg\xe1\x16\x01\xd9\xd5\
\xa8\x1a\x92\xc3\xca`o\xa0m,\xb6\xd7T?\xd90\
ae8\xac\xb4\xabd\xb2\x987hE\x11\x08\x04\x02\
\xc4\xe3q\x8bo\x86\xe38\x8a\xe2\x9e\x8a\xa8EX\xe3\
\xc0\x13^H\x1c\x8dF\x89F\xa3u\x9d\xef\xa5f\xa1\
\x00\xa6.\xbe\x98\xc5\xb3\xceB\xd8(J\xe6\xa3>\xdc\
$\xa0z\xed\xd9\x91\xa3\xa9\xc1n\xb3\xedz\xfdd\xa7\
\xdd\xaam\xd41a\xd7\x5c\xa7\xeb\xc8\xb3\xcf\x86K.\
\x01*\xaf\x8aSM\xcb\x8aF\xa3\xc5\x15\xad<p\x0b\
=A\x85p\x06\x13\x15\x09\xcbP\xc5\x0a\xc0\xc3\xc0\x8a\
\xdbB\x07\x02\x01\xba\xbb\xbb\xeb:\xdf\x8b\x10\x02!%\
\x99\x81\x01\xc6\xae\xbf\x1e\xdd\x9b\xba=\xeb\x12\xad  \
\xbbd\xe4\xfa`\xb7\xb1\xdf\xca~Zs\x9d\x85\xf8\xb0\
5[(\x047\xdc\x80\x18\x1c\xac\xe8&\xa9\xa6iU\
\x8a\x87t\x11+B\x88\x87\x85\x10\x85J\xe6 \xd4\xd0\
\xb0\x0cRx^\x08\xe1\xfa\xe2\x14\xa0\x9c\xefvr\x98\
\x84\x12\x9a\xf1\xab\xaffa\xd7._\xcbr\x00\xad\xd2\
\x80\xea\xb5\xe1\xf9`\xaf\xb3\xb9\xd5O\x95\xc8\xd6\x12\xf1\
\xeb:r\xf7n\xc4\xfb\xdeW\xf7;.\x1f_f\xc6\
\x89G8\x02<_\xeb\x84z4:\x0e<\xee\x85\xe4\
\xc1`\x90d2y\x863\xb0\xaa\xb6ehY\xe9\xc1\
AF?\xf4!\x0a\xbe\x96\xd5\x14\x9a\xd5\x80\xecjT\
m3\xd8\xeb\xecS\xb6\xdf\xd2~\xaa\x15\x0cZ\xab\xed\
p\x18q\xe3\x8d\x88M\x9b\x8a\xf2\xd6\xb2RJ\xffO\
$\x12^\xad\x8c\x03\x8ak\xc6k\x9dP\x95\xb0\xf6\xee\
\xdd\x0b*\xe2\xf4Q<H\x86\x06\xe5|/\xb5\xa5\xad\
@\x00\x13W]\xc5\xc2\x9e=\xbe\x96\xd5\x00\x9c\x22\xa0\
j\xfbM\x13\x90\x1d\x99l\x0e\xf6z\xe76\xdaG\x0d\
=\xaf\xb0\x9ep\xbdf_\xd7a\xcf\x1e\xb4\xab\xaf\x06\
\xb0\xb5\x8cW8\x1c\xf6$\xd1\xd9\x90o\x05\xc55\xba\
\xc1=\x15a\xc5P}\x0e\x07\x82H\x1by\x88p8\
LWW\x97\xad6\x002\xfd\xfd\x9c\xbc\xe9&\x0a~\
R\xb4-xe\xd2\xb5d\xb0\x0b\xe1\x88L\xe5\xfd\xe3\
$QWm\xcf\x82VX\xf1:)\x91\x91\x08\xe2\xe6\
\x9ba`\x80\xf2ERK\xf7+m\x89D\xc2\xab\xba\
\xedf\xb0\xe8s\xf5\xc8U\xab\xd3\x08\xba\xae\x9f\x16B\
|\xd7\x89\xa0\xd0\x06\x1e\x82\xee\xeenB\xa1\x90-\x0d\
K\x00\xa7\xaf\xba\x8a\x99\x03\x07\xfc\xb8,\x8bp\x92\x80\
\xea\xb5gw\xdf\x89\xc1nW\xa6J}\xe3J?Y\
\xf0\xb7UkOJ\x898p\x80\xc0\xd5W\x175\xab\
r\x97J5\x98ed<\xc4w)Y\x1d\xa7\x1aj\
\x12\xd6\xb9\xe7\x9eK \x10\x90\xc0}\xc0\xa4\x17O\x11\
\x0e\x87I&\x93\xb6\xaf\xcbuws\xfc\xf6\xdb\xc9v\
w\xfbZV\x1d\xb8A@V\xdb\xf5l\xb0\x97|n\
\xe7y\x1d\xed'\x1bd[Q\xbb\xea\xeeF\xfb\x89\x9f\
\x80\x9e\x1e\xdb\xef|\x22\x91(\xae^\xe5\x01&Q\x1c\
#\xcf=\xf7\xdc\x9a'Z\x9d\xbb|\x0dx\xca\x8b'\
)\xd5\xb2\xca\x8f\xd7J\xd7\x11\xc0\xcc\x81\x03LX\x98\
)\xd9\xa8p\x9a\x80\xec\x9atn\x0cv;2Q\xe3\
>-\xed\xa7:\xceu+\xe4%\x01\xed\x9ak\xd0\x0e\
\x1e\xb4MV\xa1Ph\x8d\xeb\xc5\x03<\x85\xc5J\xc7\
V\x09k\x15\xf8\x06\x90\xf1\xe2i\x22\x91Hq\xc6\xb0\
\x96\x89\xb9\xe6\xb8\x94\xe8\x91\x08'o\xbb\x8d\xd4\xd0\x90\
\xef\x80/C+\x08\xa8\xda~\xcbI\xd1\xa2s\xbd\x96\
L8-\x93\xd5\xe7\x15\xa2\xe9~B\xd7ax\x98\xc0\
\xed\xb7#\xa2\xd15\xe6\xa0\x95\xcd\xd4\xae\xbcp\xb6\x0b\
!2B\x88o\x08!,\xa5\x01\xd6%\xacs\xcf=\
\xd7l\xf81!\xc4;\x1e=\x14\xdd\xdd\xddu;\x95\
\xf2/JJ\x16w\xed\xe2\xe4-\xb7\xf8\x8bU\x94\xa0\
\xed\x09\xc8j\xdb\xa2v\xe4\xbaU\x8d\x8af\xe5\xb0\xd1\
Ok\x8e\x8b\xc6\x92\xaf\xcf\xb8_0H\xe0\x96[\xd0\
v\xed*.=ou\x5c\xb5\x81v\xf5\x0e\xf0\x18(\
\xae\xa9\x07;\xe1\xacc\xc0\x03^=\x95\xa9eY\x85\
i\x1a\x12\x080v\xf3\xcd\xcc^x\xa1\xafe\xd1\xe0\
\xc0\xb2pN;\x0ev\xea\xc8fG\x0e\xa7\xfa\xa9x\
\xdc\xa6\xbf\xad\xaaL\xba\x8ev\xe0\x00\xc1[nA\x04\
\x02\xb6'\xb9\xba\xba\xba<\x9b\x194\xf0\x00\x8a[,\
\xc1\x12a\xed\xd9\xb3\x07TL\xd67\x81)\xaf\x9e\xac\
\xbb\xbb\xbb\xb8>\x9a\xa5YI3e\xa7\xbf\x9fcw\
\xdd\xb5\xa1\x8b\xfc5<\xb0,|n\xa5\xbdV\x0dv\
;2Y\xe9\x0f'\xfa\xa9\xa6\x1cuB.l\xc9$\
%\xf4\xf5\x11\xfc\xa9\x9fB\xf4\xf7\xd7|\xb7+\xb9S\
\x22\x91\x08\x89D\xc2\xca\xeb\xd3*L\xa18E78\
\xa6.\xec&\x0c\xbd\x04<\xe2\xd5\xd3\x85B!zz\
zl\xe79\x09)\x999x\x90\xb1\x9bn\xda\x90\x8b\
\xae:E@\xd0\xe0\xc0\xb2p\x8e\xe5{[pNW\
;f\xa5?\x1a\x92\xc9j\xff\xda\xf0WY\xfa\xf1\x10\
\x82\xe0\xcd7\x13\xb8\xf8\xe2b\xf8\x8e\x95\xb0\x22!T\
\x81\xbed2Y\x0c\x19jqPh\xb5\xcf\x1e\x11B\
\xbcdG#\xb4KX)\xe0k\xc0\x92W\xbe\xacd\
2\xb9&\xd7\xc9R\x07\x012\x14\xe2\xe4\xed\xb73\xbf\
o\xdf\x862\x0d\x9b\x19d\xae\x10\x90U9\x84\xfdJ\
\x0b\xe5\xfd\xe0\xb8Lv\xfaI8\x9c|\xad\xebh\xfb\
\xf6\x11\xba\xe3\x0e\x84a\xd2\xd9\x19\xf8\xd1h\xd4\xb5\xb8\
\xab*r-\xa1\xb8$\xd5\x12\xc2\xda\xb3g\x8fI\x00\
\xdf\x17B<\xed\xca\x93V@ \x10\xa0\xb7\xb7\x97\x80\
a\xaf[\xed !%\xa9\xe1a\x8e\xfc\xec\xcf\x92\xae\
\x92\xc1\xbe\xde\xd0j\x8d\xca\xceu\xcd\x0c\xf6z\xfe\xaa\
J\xd7\x95\xf7\x83\xe32\xd9\xe9'\x0b\xfe*[2I\
\x09\x83\x83\x84\xef\xb9\x071<|\x86\xa3\xbdt\xbf\xd2\
V^\x0d\xc5#<\x0d|\x1f`\xf7\xee\xdd\x96/j\
D\xe2\x05\x143z\x12\xe2\x00ju\x9dFf6\x84\
\xae3s\xd1E\x1c\xbb\xeb.U\xe8o\x1d\x93V#\
\x03\xcb\xaeF\xe5\xc6`\xb7\xe2\x9c\xae\xf7Lv\xe5p\
\xb4\x9f\x1a\xf4\xb7U\xdd\x97\x12\x19\x0e\x13\xfe\xe9\x9f&\
x\xc9%k\xea\xb4\x9b\xa8\xa7\xb1\xc4\xe3\xf1\xa2/\xd8\
#dP\x1c\xb2`\xf7B[\x84u\xce9\xe7\x98\xbb\
\x0fb\xac\xca\xea\x05\x84\x10\xf4\xf4\xf4T\x9c\xdd\xa8d\
\xaf\xaf\xd9\x02\x01\xc6n\xb9\x85\x89\xeb\xaf\xf7J\xfc\x96\
\xa3Q\x02\xc2\xc6uV\xf6\x9d\x18\xecve\xa2\xce=\
\x9d jK2\xd9\x08\x06\xb5+S\xe8\x86\x1b\x08\xdd\
z\xab\xedUp@\xf9\x81\xcb\xab\xa0x\x80WP\x1c\
R\xca)\x96\xd0\xa8N8\x01\xfc\x13\xaa\xc8\x9f'\x88\
D\x22\xf4\xf6\xf6\x9e\xb1\xaa\x07T\x9e\x11)BJ\xf2\
\x89\x04G?\xf1\x09\x16\xd6\x99?\xab\x15\x04\xe4\xc9`\
\x07[\x83\xddj\x1f4-\x93\xd5~\x12\xa2%\xfd$\
\x0d\xbfU\xe4\x93\x9fD\xeb\xea\xb2\x1d \xaai\x9a\xa5\
x\xc6\x16o\x05!\xc4?i\x9a6\xd1\xc8;n\x9b\
\xb0\xce9\xe7\x1c\xf3\xc6\xf7\x0a!\xde\xf4\xf0\xc1\xe9\xee\
\xee..Xa\xeb\x8b\x93\x92\xd5m\xdb8r\xcf=\
\xeb\xc6\x9f\xd5N\x04dw\xe0\x9f1\xd8\x85\xb0\xdc^\
\xbdgw\x92\xa8-\xc9d\xc1\x04lH&)\x11\x83\
\x83D?\xfdi\xb4m\xdb\x8a~+;\x88\xc5b^\
'8\x03\xbc\x09\xdc+\xa5\xb4\xad]A\xe3\x1a\x16\x85\
B\xe1(\xf0\x0fx\xa8ei\x9aFoo\xaf\xa5\xd5\
=\xcag\x0d\x85\x94\xcc]r\x09'~\xea\xa7:\xde\
\x9f\xd5\xd0\xc0\xb2pN\xa3\x83\xbda\x99,\xfa\xab\xca\
\x9f\xdd\x099\x9c 7+\xf27$\x93\x94\x10\x0e\x13\
1\xfcV\x8d\x90U0\x18l\x07G{\x01\xc5\x19G\
\x1bm\xa0!\xe9w\xef\xdemV%\xfc\xbfXLZ\
l\x15\xa2\xd1(\xdd\xdd\xddugG\xd6\xc0\x8c\x82\xd7\
4\xc6n\xbd\x95\xd3\x1d\xec\xcfjh`5x];\
\x0cv\xb0/\x9f+\xfd$\x9aO\xbe\xae\xb5\x1f\xba\xe1\
\x06\xc2\xb7\xddf\xc9oU-\x1c\xc8\xc3j\x0c&^\
Cq\x86\xad\x99\xc1R4K\xb7\xc7\x81\xbf\x03\xf2^\
\xf6Bwww\xb1R\xa2-\x98\xfe\xac\xbb\xef\xee8\
\x7fV=\xad\xc81\xad\xc7\xe6~C2\xd5\x19\xec\xe5\
\xcf\xed\x8aLV\xfbIX/c\xdc\x90L\xbaN\xf0\
\xfc\xf3\x89\xd6\xf1[i\x9aV\xdc\xca\x7f\xa4\xcdYu\
\xbb\xe3\xc3a\x17N^\x08\xf1w\x81@\xe0\xb8-!\
\xca\xd00a\x950\xe4\xd7\x81\x97\x9d\x98uh\xb43\
\x82\xc1 \xfd\xfd\xfdkf\x0d\xed\xf8\xb3R\xdb\xb6q\
\xe4\x0b_`e\xc7\x8e\x8e -\xab\x83\xafQ2\xb2\
\xd3\xae\x956\xa8u\xac\xce`\xc7J\x1bN\xcbd\xb5\
\x9f\x84h\xadL\xba\x8e\xb6s'\xb1/~\x91\xe0\xf6\
\xed5\x97\x9a\xaf\x04!\xc4\x19\xd9!v#\xd4\x1d\xc4\
\xcb\xc0\xd7u]oX\xbb\x82&5,\xe3\xc1F\x85\
\x10\x7f\x0b\xe4\x9ae\xe1f\x10\x89D\xe8\xeb\xeb+\xfe\
\xc2\xd8z\x0e)\x99\xbf\xf0B\x0e}\xe9Km_\x8a\
\xa6\x15\xe6\x8e\xdb\x83\x1d\xb0\xe4\x5c\x07\xf7d\xb2M\xd4\
\xa2\xb1\xe4k\xcb2\xe9:\xda\xd0\x10\x89_\xf8\x05B\
\x07\x0e\xd0\x88\x8f\xd5\x9c\x98\xf28\xb9\x19 \x07\xfc-\
0\xdalCM\x11\xd6\xae]\xbb\xcc\xdd{\xa9\xb3<\
\x8f\x1b\xe8\xea\xeaj\xaaT\xc6\xcc\x95Wr\xe4\xf3\x9f\
'\xdb\xd7\xd7\x96\xa4\xd5\xb0\xd9\x827\x83\xbd\xa6\x19U\
\xa3=\x5c\x96\xc9v?\xd9t\xae\xdb\x96I\xd7\x11}\
}\xc4\xbe\xf0\x05BW^i\x8b\xacJ\x15\x80\xae\xae\
\xaev\x98\x15\x04\xc5\x0d\xf7\xc2\x1a\xceh\x08N\x15\x89\
\x1a\x07\xfe\x1bp\x10\xf0,\xfd[\x08Aoo/\xb9\
\x5c\x8et:]\xf5\x9cZ\x98\xba\xee:\x82++\xec\
\xfe\xab\xbf\x22\xb8\xb2\xd2\x16\xc9\xd2\xb2\xc2\xdf\x86\xb4\x9a\
\x16\xed[\xf9\xdc\x84^b\x02\x96\x9f[\xfe\xcc^<\
o\xcd\xcfE\x83+\xd9\xd89WJ\xe8\xea\x22\xfe\x99\
\xcf\x10\xb9\xe1\x86\xba\xefk\xa5\xcf\xa5\x94\xc5rL\x9a\
\xa6\xa9\x90\x08\x8f\xdec)\xe5\x0a\xf0\xdf\x84\x10\xe3\xf5\
Vr\xb7\x82\xa6\xe78K\x18\xf3\xdb\xc0\x03^\xc6e\
\x09\xa1V\xda1\xfdY\x95\x9c\x925\xaf\x07d \xc0\
\xc4\xad\xb7r\xe2\xee\xbb\xd1\xa3\xd1\x86Tq'\xe1\xb6\
\x06\xd4L\xdb\xd5\x8e\x99(%\xabJ\xe74+\x87U\
\x99\x1a\xea\xa7&\xc9\xca\x92LRB4J\xfc\x93\x9f\
$z\xdbmh%\xf5\xad\xec\xb8QL\xbf\x95\x19\xee\
\xe3\x15Y\x19\xf7~@\x08\xf1mh^\xbb\x02\x07\x08\
\x0b0\x13\x91\x97\x84\x10\x7f\x86\x85\x95/Z\x8dX,\
\xb6\xc6\x9fe\xf9\x0b3I+\x14b\xf4\xce;\x19\xfd\
\xd8\xc7\xd4\x92\xdf\x1e\x91V3\x04D\x13\xfbN\x0c\xf6\
\xd2g\xd0\x85@\x17\x95+-`\xb1=\xa7dj\xa8\
\x9f,\xccb6-\x93\x94\xc8P\x88\xd8\x9dw\x12\xbb\
\xeb\xaeb\x05\x06\xbb0\xa3\xd9=\xce\x154q\x1a\xf8\
3Te\x06G\xe0\x08a\xed\xdc\xb9\xd3\xdc}\x0a\xf8\
G\xd7\xbb\xa5\x02\xba\xba\xba\xe8\xee\xeen\xecb)\xd1\
\xa3QN\xdc}7\xe3\x1f\xfe\xb0\x8a}q\x99\xb4Z\
\xa1Qa\xe1\xb8\x95s\xea\x99=k\x9e\xa1\x82\xbf\xa7\
\xde\xb3\xb6\x9c\x80\xec\xf4\x93\xc5`\xd6\xa6d\x92\x124\
\x8d\xe8-\xb7\x10\xff\xd9\x9fE4\xa8\xd9\x9b~+\x0f\
\x97\x9a/\xc7?b,^s\xf6\xd9g;\xd2\xa0c\
a\xaf\x86@9\xe0/\x81\x1f\xbb\xdf7k!\x84J\
\x90\xae\xe7t,\xd7\xbeJ\xcd\xc3|2\xc9\xb1\xcf|\
\x86\xc9\x0f~\xd0U\xd2\xf2\x8a\x80\xec\x0e\xfcjZU\
\xf1\x9c\x1ad\xe5\x19\x01\xd9iC\xd8O\xbe\xb6*S\
q3\xc8*\xf2\xa1\x0f\x91\xf8\xecg\x11\xc9\xe4\x9a\xf7\
\xac\xd4B\xa8g\x1e\xc6b\xb1\x86\xe2\xadZ\x84\x1f\xa3\
\xb8 \xe7\x14Y\x81sN\xf7R\xbc\x05\xfcO\xe0\x0f\
\x00O\xe7S\x03\x81\x00\xfd\xfd\xfd\xe8\xbaN:\x9d\xae\
\x19\xafR\xf1\xb8\x94\xe4\xfa\xfb9\xfc\x8b\xbfH!\x16\
c\xf8\x81\x07\x10\xb9\x5c\xcb\x1c\xf1\xb5\xb4\x96F\x06K\
\xa3\xd7\xd9i\xbb\x9a\xfc\x95\x9c\xeb\xd8\xbc\x87[\xcf{\
\xc61\x07\xfcU\x96d\x92\x12B!\xa2\xb7\xdeJ\xd7\
g?\x8b\xd6\xd7\xa7\xc8\xaa\xc2\xfbU\x8f\x84\xc2\xe10\
\xdd\xdd\xddf\x06\x8a\xd7\xc8\x01\xff3\x9f\xcf\xbf\xe5\xb4\
<\x8e\x8f\xbcc\xc7\x8e\x01l\x02\xfe7p\xb3\x0b\x9d\
S\x17\x99L\x86\xa9\xa9)r\xb9\x5cC\xbf>R\x08\
\x82\xcb\xcb\xec\xf8\xeaW\xd9z\xef\xbdh\xe9\xb4\xe3\xa4\
\xd5.\x04dg\x9f\x0a\xc7t\xd6j&4\xd8\xb6g\
Dm!\xe4\xc2\x11\x99L\x07\xfbO\xfe$\x89\x9f\xfd\
Y\xa5Y5\x18J\x13\x0a\x85\xe8\xeb\xebk\x87\xd4\x1b\
\x13\x0f\x01?\x07L\x9du\xd6Y\x8e6\xdc\xaaL\xc8\
)\xe0\x8fPeh<G$\x12\xa1\xbf\xbf\xdfR\x92\
t%\x08))tuq\xfcS\x9f\xe2\xf8=\xf7P\
H$\x1a~\xb9*\xa1\x11\x93\xaeQ3\xae^\xdbX\
l\xbb\xd2yzY0(\x0d\xc8\xd1\x8cLM\xf7\x93\
\x0d\x7fUS2\xe9:$\x12$>\xf5)\x12\x9f\xfe\
4\xa2\xab\xab\xe1\xf7)\x10\x08\xd0\xd3\xd3\xd3Nd5\
\x81\x1a\xfb-Y\xac\xc6q\xc2*a\xd4'\x80\xff\x85\
\xfa\xd1\xf5\x1c\xf1x\xbc8sh\x05g\xf8\x0e\x00\x19\
\x8b1\xf6\xf1\x8fs\xf4\x8b_$\xe7Pp\xa9\xd5\x01\
\x87\x85\xfdz\xd7\xd9\x1dXT9F\xa5\xcfK\xcc(\
QG\xaeV\xc8\xd4t?Y(\x0bcG\xa6\xaa\x9f\
\x1bA\xa1\xc9/}\x89\xf8\xc7?\xde\xb0\x83\x1d\xd4\x8c\
`OO\x0f\xd1h\xb4\xa1\xeb[\x00\x1d5\xe6\x9f\x80\
5\x5c\xe0\x18Z\xe6\x9d3L\xc3\xed\xa8R\xa8\xd7\xb4\
\xea>v \xa5dqq\x91\x85\x85\x05t]o\xcc\
9)\x04\xa2P`\xf0\xf1\xc79\xfb/\xff\x92\xe8\xc4\
\x04\xb2\xc1\x92\x1d\xcd\x9a\x16n\x9aO5\xcf/!\xab\
F\xe5p\xe2Y\x1a\xee'\x0b\xc9\xcbN\xc8$u\x9d\
\xc0\xf00]_\xfa\x12\xd1\x1bn@\x18A\x9dv \
\x84@JY\x0c_0\x9d\xecN\x04e6\x03C\x86\
\xa7\x80\xbb\x81\x93\xad +h\x8d\xd3\xbd\xf4!NJ\
)\xff\x188_\x08\xd1\xe7u\xa7\x9a_2\xc0\xc2\xc2\
B\xd5\x08\xe0Zr\x0a)\x91\x81\x00S\x1f\xfa\x10\x85\
D\x82]\xff\xfd\xbf\x13?~\xdc\x16i\xb5\x03\x01Y\
%)\xea\xb5]\xd2\x7fn\xc8\xe4h?9\xe8\x5c\xaf\
+\x93\xae\x13\xdc\xb9\x93\xe4\x97\xbfL\xe4\xaa\xab\x94\x0f\
\xb4\xc1\x08\xf4r\xb2\x02o\x83C\x0d\xcc\x09!\xfe\x18\
8\xd9\xca\x9b\xb4\xf4)\x8f\x1f?\x0e\x10A\xd9\xb4\xff\
\xac\xd5\xf7\xb3\x0a)%\x0b\x0b\x0b,..6\xf7\xcb\
$\x04\xdd\xaf\xbd\xc6\xd9\x7f\xfe\xe7$\xdf|\xb3x\xac\
\xe6\xbdK\xfe\xbaM@v\xda\xaewN9Q\xb5\x05\
\x01\xd9\xd9\xb7\x91\x0f\xd8\x94LR\x22\x81\xd0\xfe\xfd$\
\x7f\xf1\x17\x097\x98\xc8l\xc2\xacm\xd5\x06u\xd9K\
!\x81\xff\x0a\xfc:\x90)\x89\xcbt\x1c-\x7fb\x83\
\xb4v\xa1f\x0d\xafn\xf5\xfd\xacBJ\xc9\xfc\xfc<\
KKK\x0d\xa9\xe5H\xa9\x06\xad\x10\xc4FG\xd9\xfe\
\x0f\xff\xc0\xe0\xa3\x8f\xa2e2U\x8b\xac\xb5\xb5\xb6Q\
\xb2_\xaf=)\x84\xe5{\xba\xfd,\x96\xdan0y\
\xd9\xee\xfd\xa4\xae#\x22\x11\xa2\x1f\xfa\x10]\xf7\xdcC\
`\xfb\xf6\xa6&k\xcc\xc0\xd0\xd2\x82\x95m\x82gP\
\xb3\x82\xef\xb6\x92\xac\xc0=\xc2\x02\xb8\x15\xf8\x1b`\xa8\
\xd5\xf7\xb4\x0a]\xd7\x99\x9f\x9fgyy\xf9\x0c\xd2\xb2\
\xf3BHM#\xb8\xb2\xc2\xd0}\xf7\xb1\xf5\x1f\xff\x91\
\xc8\xd4\xd4\x19&\xa2\x9b\x03\xb5\xf4\x98\x9d\xb6\xb1\xd2\x9e\
\x0d\xb2rB&\xc7\xfb\xa9\x8a\xfc\x8e\x93\xa5\xae\x13\xd8\
\xb4\x89\xf8'>A\xfc\xf6\xdb\x11M\xce,\x0b!H\
$\x12\xf4\xf4\xf4\xb4\x1bY\x9d\x06>\x03|\x17\xd6d\
\xbd\xb4\x04\xae<\xb9AZ\x01\xe07\x80\xdf\xc2!\xdf\
Y3_\x9c\xe9\xbf*'-+mV\xd4\xc8\x84@\
\xe8:\xbd/\xbe\xc8\xf6\xbf\xfe\xeb\xa2\x89\xd8\xe8\x00o\
\xe5`\xaf\xd4\x06V\xaek\xe1`w\xf2Y*\x1eo\
\xc0_\xd5\x90\x1c\x86\x09\x18\xde\xbf\x9f\xae\xcf~\x96\xc8\
e\x975\x9d%ajVf\xf5\x856B\x1e\xf8m\
)\xe5\xef\x09!\x0a;v\xech\xf9\x0d]\xa3\xea\x13\
'N\x00\x0c\xa2\xa6=\x7f\xc2\xad\xfbZ\x81\xe9\xd3j\
\xc4<\x5c\x03\xc3D\x8c\x8e\x8e\xb2\xed\xef\xff\x9e\xc1G\
\x1fE\xa4\xd3HMkKm\x83*mTl\xdbf\
\x19\xe0FejI?\xb5(r\xfd\x8c\xe3\xba\x0e\xd1\
(1\x87L@%z[\xfa\xacL|\x0b\xf8\x1c0\
\xed\x06Y\x81\x8b\x84u\xf2\xe4I\x93\x0c.\x07\xbe\x0a\
\xd8_\xe3\xa7\x850C\x1e*9\xe2K\xa7\x8d-i\
`\x86\x89\xb8\xf9\xdb\xdff\xe4k_#d\x98\x88n\
\x0ev\xbb$Uu\xbfE3i\xae\x11\xb5\x8b\xfe\xaa\
\xc0\xa6M$>\xf1\x09\xe2w\xdc\xd1\xb4\x09\xa8Do\
k\xb2:\x0c|\x12\xa3p\xe7\xba#,(jY\x00\
\x9f\x07\xfe\x04h\xbc<h\x0b \xa5dii\x89\xa5\
\xa5%\xf4f\x83B\x85\x00]\xa7\xe7\x85\x17\xd8\xf27\
\x7fC\xd7\x1bo`:\xea\xbd\x1a\xec\xd8\xbd\xce\xa5\xc1\
\xde\xecuU\xf7\x1d6\xc7+\xee\x1b\xb9\x7f!\xd3\x04\
\xbc\xf4RG\x12\xe5\xcd\xd0\x05s\xdd\xcd6\xc32\xf0\
+\xc0_\x81{d\x05\x1e\x84\x19\x18\xa4\x15\x03~\x0f\
\xf8eZ\x97\x1e\xd40VVVXXX\xa0Pp\
`\xc9EM#<>\xce\xe6{\xefe\xe0\xfe\xfb\x09\
\xce\xce\x9ea\x22\xba1\xd8\xb1\xdbv\x1b\xfa\xde\x1a\x95\
\xbfe2\xe9:Z\x7f?\xb1[o%~\xe7\x9d\x04\
FF\x1cI\xd92\xd3m\x1aZ\x09\xaa\xf5\xd0\x81?\
\x95R\xfe\x86\x10\x22\xb5}\xfbvWo\xeeIo\x9c\
<y\x12`\x18U\xd5\xe1v/d\xa8\x87T*\xc5\
\xfc\xfc<\xf9|\xf3+\x98IMC\xcb\xe5H\xbe\xf8\
\x22\x9b\xbf\xfaU\xba^~\x19\xf2y\xcb\xc4\xd5\xec\xc0\
\xc2\xeeun\x0c\xf6&\xae\xab)\x93\x0b\x95\x16\xa4\xae\
C0H\xf8\xa2\x8bH|\xf2\x93D.\xb9\x04B!\
G\xc8*\x14\x0a\xd1\xdb\xdb\xdbN\xe96\xe5\xb8\x0f\xf8\
\x020\xe16Y\x81G\x845::j\xfa\x84\x0e\xa2\
V\x82\xbd\xd0\x0b9\xea!\x9b\xcd2??O&\x93\
q\xa4=\xa9i\x84ff\x18\xb8\xef>\xfa\xbf\xfdm\
\xc2\xa7N\x15\x09\xa2U\x83\x1d\x8bm\x14\xff\xb7\xe9\x5c\
o9\x01\xd9i\xa3J\xfd-\xc7d2f\x00\x03#\
#\xc4\xef\xb8\x83\xd8G>\x8260\xe0X\x22|$\
\x12\xa1\xb7\xb7\xb7\x9d\x12\x99\xcb\xf1:p\x0f\xf0*\xc0\
\x86!,(jY\x00\x1f\x05\xfe\x826\x8a\xcf*E\
>\x9fgaa\x81\xd5\xd5Ug\x1a4|[\xb1C\
\x87\x18\xf8\xc67\xe8~\xfcq\x02\x0b\x0bk\x96\xbd\x02\
g\x08\x03;m\xb8PV\xa5\xa5ZY\x83\x91\xeb\x96\
\xda\x96R\x85\xbc\xf4\xf4\x10\xb9\xee:\xe2\x1f\xfb\x18\xa1\
s\xceq\xb4\xa8c<\x1e_S\x87\xbd\x0dq\x1a\xf8\
\x12\xf0M\xf0\x86\xac\xc0\xe3T\x19\x83\xb4\x02(\x07\xde\
\xef\x00m\xa9\x07\xeb\xba\xce\xd2\xd2\x12\xcb\xcb\xcb\xcd;\
\xe3\x0dHMCK\xa7\xe9z\xe9%\xfa\xbf\xfeu\xe2\
/\xbdT\x0c\x81\x80\xe64\x19\xec^\xe7\xc0D\x80\xdb\
\xd7\xd95a\x1b\x95I\xea:\x22\x1a%t\xf1\xc5\xc4\
\xef\xba\x8b\xf0%\x97 \x22\x11\xc7\xb4*M\xd3<\x8b\
\xb1\xb2\x924m\x9c\x93\x06~SJ\xf9'B\x88\x82\
Wd\x05m\x90\xdbg\x90V\x12\x95o\xf8E!\x84\
\xe6u\x92t9\xcc/vuu\x95\x85\x85\x85\xa2_\
\xab)\x87\xa8\x99\xda\xa3i\x04\xe6\xe7\xe9~\xf2Iz\
\xee\xbb\x8f\xe8[oA6\xdb0qQ\xe5\xb8\x17\x83\
\xdd\xe9};\xf27-\x93\xaeC8Lh\xdf>b\
\x1f\xf9\x08\x91k\xafE\xeb\xe9q\xb4\x0eZ0\x18\xa4\
\xa7\xa7\x87X,\xd6\x8e\xceu\x13:\xaa\xd4\xf1\xaf\x03\
K\xdb\xb6m\xf3T\x98\xb6\xe8\xa5\xd1\xd1Q\x80\x11\xd4\
\xda\x86wz-O-d2\x19\x16\x16\x16\x1c\xf3k\
\x01\xc5\x80\xd3\xe0\xf44]O>I\xf7w\xbeC\xe4\
\xed\xb7!\x97+\xe6+:\xaaQ\xd1\xd8`o\x17B\
\xc3\x90\xddq\x99\x0c\xd3\x8fP\x88\xd0\xde\xbdDo\xbb\
\x8d\xe8\xfb\xdf\x8f68\xa8L?\x07\x7fH;\xc0_\
e\xe2^\xe0\xcb\xc0\xb8\xd7d\x05\xedEX\x00{P\
\x91\xf0\xd7z-S-\xe4\xf3y\x96\x96\x96XYY\
q\xb6\x0e\x91I\x5cSSt=\xf1\x04]\x0f<@\
\xf8\xd0!D&S\x95\xb8(\xd9\xf7t\xb0;\xd4\x86\
\x13&\xacm9L\xa2\x8aD\x08\xee\xd9C\xf4\xe6\x9b\
\x89^w\x1d\xda\xa6M\x8e\x13Ui\x9aM\x9b\xd4_\
\xaf\x85'Q\x91\xec\x87\x00|\xc2*A\x09i]\x01\
\xfc5\xb0\xdfk\x99j\xc14\x11\x17\x17\x17\x1d\x09}\
X\x03C\xf3\x09\xcc\xcc\x10\xff\xe1\x0f\xe9z\xe4\x11\x22\
\xaf\xbf\x8eX^.:\xe7\xd7\xc8\x82\x87\x83\x1d\x07\x08\
\xc8F{N\x04\xb3\x16\xff7\x9d\xe9]]\x84.\xb8\
\x80\xe8\x8d7\x12\xbe\xe2\x0a5\xf3\xa7Np\xf4k\x0d\
\x85Btww\xb7\xbb\x09h\xe2M\xe0\xb3\xc0s\xd0\
\x1ed\x05mDX\xb0\x86\xb4n\x03\xfe\x1cU\xb1\xb4\
\xad\x91\xcdfY\x5c\x5c$\x9dN7\xadm\xadq\x82\
\x1a\x1a\x15B\x10X\x5c$\xfa\xca+\xc4\x1fy\x84\xe8\
\x8b/\xa2\xcd\xce\x82\xae[6\x17\x9b\x1d\xecN\x93[\
\xc3\xf7v\xc2_ejS\x9a\x86\xd6\xdfO\xe8\x92K\
\x88\xdex#\xa1\x83\x07\xd1\xba\xbb\x8b\x1aU#\xdfe\
-\x12\x8a\xc5btwww\x82\x09\x08\xaa\x08\xdf/\
\x04\x02\x81\xfb\xf3\xf9|\xdb\x90\x15\xb4\x19aA1F\
Kh\x9a\xf6)\xe0?\x03\x03^\xcbT\x0f\xba\xae\xb3\
\xbc\xbc\xcc\xf2\xf2\xb23\xd1\xf1\xe50\x88I\xa4\xd3\x84\
\x8e\x1c!\xf6\xd4SD\x9f~\x9a\xd0\xd1\xa3\x90N[\
\x22\xaeV\x96\x01n\xf4:\xbb&lS2I\xa9\x1c\
\xe9\xb1\x18\x81\xb3\xce\x22\xf2\xbe\xf7\x11\xbe\xe6\x1a\x82\xbb\
v\xbdWW\xbd\x05\x93=\xc1`\x90\xae\xae.\x12\x89\
D\xbbUZ\xa8\x86\x19\xe0W\x81\xbf\x07\xe4\xd6\xad[\
\xbd\x96g\x0d\xda\x8e\xb0\x00\xc6\xc6\xc6@\x95\xa0\xf9\x05\
\xe0w\x81\x1e\xafe\xb2\x02'\xb5\xad\x8a0\xb5.]\
'03C\xf8\xe5\x97\x89=\xf9$\xa1\xd7^C\x9b\
\x9eF\xe4r*z\xbe|\x80{Pi\xc1\xb1\xb6\x9b\
\x89M3I*\x14B\x1b\x1c$x\xe0\x00\x91\xf7\xbf\
\x9f\xd0E\x17)\xb3\xcf\x8c\xa3j\xc1we.l\x9a\
L&;E\xab\x02X\x00\xfe-\xca\xba\xc9\xb7\x1bY\
A\x9b\x12\x16\x14I+\x8c\xca7\xfc-T\xe8C\xdb\
C\xd7uVWWYZZr\xde\xb7U\x0a#$\
B\xa4R\x04\xc6\xc6\x08\xbf\xf2\x0a\x91\xe7\x9f'\xf8\xa3\
\x1f\xa1\xcd\xcc\xa8\x19F\x83\xbc\xcaW\x84\x01\x97I\xa7\
N\x1b\x8e\x99\xb0\x86)g\xce\xf4i\x03\x03\x04\xf6\xed\
#|\xf9\xe5\x04/\xba\x88\xc0\x96-\x88XL\x85&\
\xb40t&\x14\x0a\xd1\xd5\xd5E<\x1e\xef\x14\xad\x0a\
`\x09\xf8m\xe0O\x81l;\x92\x15\xb41aA\x91\
\xb4\xa2\xc0\xbf\x04\xfe5\x10o\xaaA\x17\x91\xcb\xe5X\
ZZ\x22\x95J9\x16lZ\x11\xa6\xd6\x05\x8a\xbcF\
G\x09\xbd\xf2\x0a\xa1W_%\xf8\xce;hSS\x90\
J\xad\xd5\xb4\xca\xb4\x16\xf3o[9\xda\xad\x90\x95\x91\
*c\xa6\xcc\x88X\x0c18Hp\xef^\x82\x07\x0f\
*Mj\xebVER\xc6\xf9\xad$*M\xd3\x88\xc7\
\xe3$\x93IB!O\x17=\xb7\x05)\xe5*\xf0\xfb\
\xc0\x7f\x02\xd2\xedJV\xd0\xe6\x84\x05E\xd2J\xa0\x08\
\xebW\x85\x10\x96\xa2\xe1\xadV\x0fm%\xa4\x94\xa4\xd3\
i\x96\x97\x97[g&\x96\xa2\x94\xbc\xd2i\xb4\x99\x19\
\x02\x87\x0e\x11|\xe3\x0d\x82o\xbe\x89v\xf2$bi\
\xa9\xe8\xf7*\x12W\x9d0\x07\xd7\xb5\xb2j&\xac\xd1\
\x7fE-*\x1aE$\x93h\xdb\xb7\x13\xd8\xbf\x9f\xe0\
\xfe\xfd\x04\xf7\xecA\x0c\x0c(\xbf\x94:\xb9\xa5$\xa5\
\xbaO\x10\x8dFI&\x93D\x22\x11\xcf\xdf;\x9bH\
\xa3|\xc5\xbf\x0f\xacl\xd9\xb2\xc5kyj\xa2#z\
\xf6\xd4\xa9S\xa0L\xc2\xdfB\xad\xbe\x13\xf1Z&;\
0\xcd\xc4\xe5\xe5e\xb2\xd9\xac;75\x07\x8d\xa6A\
\xa1\x80XZB\x9b\x9c$p\xe4\x08\xda\xe1\xc3\x04\x0e\
\x1fF;q\x02\x16\x17!\x95R\xd5#`M\xd8D\
-gw\xa5cM\xef\x9b\xf7+\xd5\x9cL\x92\x0a\x06\
!\x16Ctw\xa3\xed\xd8A\xe0\x9cs\xd0v\xef&\
\xb0{7\xda\xe6\xcdj\xa9\xf7@\xe0\xbdHt\x97\xb2\
%\xc2\xe10\xc9d\x92X,\xd6I\xe6\x9f\x89\x0cj\
\xb5\x9b\xdf\x06\x96\xda\x9d\xac\xa0C\x08\x0b\x8a\xa4\xd5\x83\
r\x0a\xfe\x12m\x9awX\x0b\xf9|\x9e\x95\x95\x15V\
VVZ\xeb\xdf\xaa\x84\x920\x09\x0a\x05\xc4\xea*b\
nNi]\xa3\xa3hcc\x88\xd1Q\xc4\xd8\x18,\
,\xa8\xf4\xa0LF\xf9\xc2(3\xd3j9\xf1\xcb\xb5\
5\x93p*\x9dk\x12\x93y\x9e\x10\x10\x0a!#\x11\
\x08\x87\x11==\x88\xad[\x11[\xb7\xa2m\xdd\x8a\xb6\
m\x1b\xda\xf6\xed\x88\xbe>D<\xae\x08\xca\xd4\xa0\x5c\
N\xe7\x0a\x85B\xc4\xe3q\x12\x89D;',\xd7B\
\x1a\xf83\xd4\xa4\xd6B'\x90\x15t\x10a\xc1\x1aM\
\xeb_\x01_A\x99\x8a\x1d\x87\x5c.\xc7\xca\xca\x0a\xab\
\xab\xab\xee\x13\x97\x89R\x02\x03\xc8\xe7\x11\xe94\xac\xac\
 ff`j\x0a13\x83\x98\x9e\x86\x99\x19\xb5\xcd\
\xcf\xc3\xf222\x95RD\x96\xcfC\xa1\x80\xd4uE\
8\xc6\xac\x5c\x91\xa4\x8c\x89\x81\xa2\xd6\xa6i\xc8@\x00\
\x82Ad(\x04\xb1\x18tu!z{a`\x001\
8\xa8\xcc\xb9\x81\x01\xc4\xa6M\x88\xc1A\x88\xc7\x95y\
g\x92\x82G\x04e\x22\x18\x0c\x92H$\xda\x8e\xa8\xac\
\xae\xfel\x9c\xb7\x02\xfc\x17\xe0\x0f\xe9\x10\xcd\xaa(\xbf\
\xd7\x02\xd8\x85AZ\x09T\x85\x87_\x17B$\xdb-\
Y\xba\x16L\xff\x86\x94\xb2*q\xb9\xe1\x03\xa9\xe8\xe3\
3\xff/\xfd+%\xe4r\x90\xcd\xaa\xbf\xf9\xbc\xda_\
Y\x81\xe5eX]}\x8f\xbc\x0c\x023\xcdK\x82A\
\xa5\x05\x05\x83j\x0b\x85\x14\x01uuA\x22\x01\xe1p\
\xf1\xb8\x08\x87\xd5\xe7\xe6=\x95\x90k\xffz\x88`0\
X\xd4\xa8:\xc9\xa1^\x01K\xa8B\x03\x7f\x02\xac\x8c\
\x8c\x8cx-\x8f-t\x1ca\x01\x8c\x8f\x8f\x83*\xb3\
\xfce\x94\x89\xd8\x11qZ\xd5`\x12W*\x95\x22\x97\
\xcby-Ne\x94\x92[\xb5}+(%\x9fj\xfb\
m\x04\xd3\xf4\x8b\xc7\xe3\x9dNT\xa0\xe2\xac~\x17U\
d \xd5id\x05\x1dJXP$\xad\x08\xaa\x5c\xeb\
\x7f\x00\xfa\xbd\x96\xa9Y\xe4\xf3yR\xa9\x14\xab\xab\xab\
d\xb3\xd9\xd6\xcf*\xfa\xa8\x08!\x04\xe1p\x98x<\
N,\x16k+\xd3\xaf\x09\xcc\x02\xff\x0eU\x96<\xd3\
\x89d\x05\x1dLXP$\xad\x10p7\xf0\x1f\x81\xf6\
Izj\x02\x85B\x81t:\xcd\xea\xea*\x99L\xa6\
\xb5q\x5c>\x8a\x08\x04\x02D\x22\x11b\xb1\x18\xd1h\
\xb4\x13\xaa)X\xc5(\xf0o\x80\xaf\x01\xb9N%+\
\xe8p\xc2\x82\x22i\x09\xe0\x16\xe0\x8fi\xf3*\x0fv\
 \xa5$\x9b\xcd\x92J\xa5H\xa7\xd3\xe4r\xb9\x8e\xd3\
\xba\xda1&\xa9\xb4\x0f\x85\x10\x84B!b\xb1\x18\xb1\
X\x8cP(\xd4\x89\xe1\x09\xb5\x9e\xf5M\xe0\xd7\x80\x07\
\x00\xd9\xc9d\x05\xeb\x80\xb0@\x91\xd6\xf0\xf00\xa7O\
\x9f\xbe\x02\x15\xad\xdb\xd6\xf5\xb4\x1a\x81\xa9u\xa5R)\
2\x99\x0c\x85B\xa1-\x82c;\x15\xc1`\x90p8\
\xbc\x1e\xb5\xa9R<\x09\xfc\xcb\xb7\xdf~\xfb\xb9\xbd{\
\xf72<<\xec\xb5<Mc\xdd\xbc\xed\x13\x13\x13\xe6\
\xee\xb9\xc0\x1f\xa0\x16\xb7X??\x95\x06\xa4\x94\xe4\xf3\
y\xd2\xe94\xe9t\x9al6\xdb\x9a\x0a\x11\xeb\x10\xa6\
\xc9\x17\x8dF\x89D\x22\x04\x83\xc1\xf5J\xf8:j\xb1\
\x88\xff\x0fx\x07X\x17d\x05\xeb\x88\xb0`\x0di\x0d\
\xa3\x1c\x8c\x9fF\xcd&\xaeK\x94\x92W&\x93)\x92\
W\xa7\x99\x8d\xad\x82\x10\x82@ @8\x1c.\x12\xd5\
:&)\x13)\xe0\xefP\x13Q\x13\xb0~\xc8\x0a\xd6\
\x19a\x990\x88+\x89Z\x96\xe8\xd7\x80\xcd^\xcb\xd4\
jH))\x14\x0ad\xb3\xd9\x22y\xe5r\xb9\x0d\xe7\
\xb0\x0f\x04\x02\x04\x83A\x22\x91\x08\xe1p\x98p8L\
 \x10hK\x92rZ&)\xe5$\xca\x8f\xfb\x17\xc0\
\xd2z\x22*\x13\xed\xf7-:\x04\x83\xb4\x82\xc0G\x80\
\xdf\x11B\xb4\xe5b\xadv`\xc7g\xa5\xeb:\xb9\x5c\
\xaeH\x5c\xd9l\x96|>\x8f^\x12\x89\xde\xe9\x10B\
\xa0iZ\xd1\x1fen\xc1`p]9\xce-\xe2u\
\xe07\x85\x10\xdf\x91R\xe6\x87\x86\xdar\x99\xcf\xa6\xb1\
n\x09\x0b\xe0\xf4\xe9\xd3\x84B!r\xb9\xdcAT\xd8\
\xc3-\xa8u\x107\x1ct]/j`\xb9\x5c\x8e\x5c\
.G>\x9f\xa7P(\x14I\xac\x1d\x9d\xf8\xa6L&\
9\x99\x1aT(\x14\x22\x14\x0a\x155\xa8\x0dHP&\
\x0a\xa8\x19\xc0\x7f\x83\xb1\x22\xf3z%+X\xe7\x84\x05\
\x8a\xb4\x0c\x0c\xa3r\x10?\x0fty-\x97\xd7\x90R\
\xa2\xebzQ\x13\xcb\xe7\xf3E\x0235\xb1R\x223\
\xaf\x01\xe7L\x99\xd2\xf6\xcc6K\x89\xc9\xdcL\x822\
5'M\xd3\xda\x8eX=\xc22\xf0W\xa8\x9c\xc0\x09\
X\xdfd\x05\x1b\x80\xb0L\x18\xc4\x15\x07>\x89\x22\xae\
s\xbc\x96\xa9\x1da\x12\x94IX\x85B\xa1\xa8\x85U\
\xda\xca\xc9\xac\x94\xe0\xca\x89\xc8\xfck\x92N\xf9VJ\
R\xe6\xb5>1U\xc5a\x14Q}\x15X]\xefD\
ebC\xbd\x0d\x06i\x09\xe02\xe07\x81\x0f\xa3\xca\
0\xab\xce\xf0\x07G]T\x22\xa6J\x9f\x9b\xa8\xd4\xa7\
\x95\x88\xcc\x09\xb96\xc8\xf7\x97\x05\x1e\x04~\xa7P(\
\xbc\xa0i\x9a\xdc(d\x05\x1b\x8c\xb0@\x91\x96Qb\
cP\x08\xf1\x8b\xa8\xdaZ\xeb~\x16\xd1\xc7\xba\xc0$\
\xaa\x86\xd5\xff\x00\xa6\x85\x10l\xda\xb4\xc9k\x99\x5c\xc5\
\x86#,\x13\x93\x93\x93\xa0f\x11oBU2\xbdr\
#\xf7\x87\x8f\xb6\x86\x04~\x88\xaa\x0c\xfa0\x90\xdf\xbc\
yc\xfe\xc6n\xe8\x01j\x90\x16\xc0\xd9\xa8\x82\x80\xf7\
\x00}^\xcb\xe5\xc3G\x09\xe6\x80\x7f@\x15\xdc;\x0a\
\xb0Q\xc9\x0a68a\x990\x88+\x0a\xdc\x0c\xfc:\
p\x15\x1b4\xfc\xc1Gm\xb8\xe5'\x93R\x16\x80g\
Q\xc5\xf6\x1e\x02\xd2\x1b\x99\xa8L\xf8\x84e\xa0D\xdb\
\xda\x86Z\xc0\xf5\xf3B\x88\xa6\xbd\x99\x1b\xc8\x19\xec\xc3\
9\x9cF\x85+\xfc\xf9\xe0\xe0\xe0\xe8\xcc\xcc\x0c\x83\x83\
\x83^\xcb\xd4\x16\xf0GR\x19\xa6\xa6\xa6@\xd5\xd8\xba\
\x16\x15\xfep=%3\x89>|\xb4\x10Y\xe0qT\
\xb8\xc2\x93@n\xa39\xd5\xeb\xc1'\xac\x0a0H\x0b\
`\x13\xca\xaf\xf5ET\x15\x08\xbf\xbf|\xb4\x02\x12U\
U\xe1/Q\xfe\xaa)`\xc3\xcd\x00Z\x81?\x00k\
\xc0 .\x01\x9c\x87J\xa4\xbe\x1b?\x04\xc2\x87\xb3\x98\
DU\x02\xfd\x0b\xe0\xc7\x80\xf4\x89\xaa:|\xc2\xb2\x00\
\x83\xb8\xc2\xc0\xfbPq[\xb7\x08!:r\x89\xb1v\
\xc2\x06\xf7\xef\xad\xa0r\x00\xffLJ\xf94\x90\xf5\x89\
\xaa>6\xec\xdbb\x17\xf3\xf3\xf3\xe4r9\x84\x10I\
\xe0\x0e\xd4\x8a=\x97\xe1\xfb\xb7|\xd8C\x16x\x01\xb5\
r\xcd\xb7\x81%!\x04\x03\x03\x03^\xcb\xd5\x11\xf0\x09\
\xcb&\xa6\xa7\xa7\xcd\xdd\x11\xe0N\xe03\xc0A\x94\xa3\
\xde\x87\x8fj\xc8\xa1\xaa)\xfc\x0dp/0\x0e\xf8\xb3\
\x7f6\xe1\x13V\x830\x88K\x00[\x81\xbb\x80\x9f\x07\
.@E\xcf\xfb\xf0a\x22\x0f\xbc\x01\xfc-\xf0u`\
\x0c\x90>Q5\x06\x9f\xb0\x9aD\x09qm\x07>\x0e\
|\x0a\xd8G\x9b\x10\xd7\x06\xf6\x11y\x0a)e\x1ex\
\x0b\xf8{\xe0\x9f\x80\x93\xf8D\xd54\xfc\xb7\xd9!L\
OO#\xa5\x14B\x88\xb3\x84\x10w\x02?\x832\x15\
#^\xcb\xe6\xc3UdP\xa6\xdf\xff\x01\xee\xd54\xed\
\x98\x94R\xf6\xf7w\xfc:\xbfm\x01\x9f\xb0\x1c\xc6\xcc\
\xcc\x0c\xa8~\x1dB\x95\xaf\xb9\x1b5\xbb\x98\xf4Z6\
\x1f-\xc5\x12\xf04*D\xe1AT\xb4\xba\xf4\x9d\xe9\
\xce\xc2'\xac\x16\xc1 .\x80^T\xd4\xfc\xdd\xc0\x8d\
\xc0 ~\xbf\xaf\x17H`\x1ax\x04ETO\x02\xf3\
\x80?\xeb\xd7\x22\xf8\x03\xa7\xc5(!\xae\x18p1j\
\xbd\xc4\xdb\x80=\xf8\xe6\xa2\xa7h\xd4\xbf'\xa5\xcc\x00\
\x87\x80\xfbQ\xeb\xff\xbd\x8cZ^\xcb'\xaa\x16\xc3'\
,\x17a\x90W\x00\xd8\x22\x84\xf8 \x8a\xbc\xaeA\xa5\
\x00\xf9\xdfE{C\xa2Rf\x9eB\x91\xd4\xf7\x84\x10\
\xa7\x80B_\x9f_\x91\xc8-\xf8\x83\xc4\x03\xcc\xce\xce\
\x9a\xab\xf9$P\xa1\x10w\x00\xb7\x02{\x01?\x82\xbe\
\xbd\xb0\x02\xbc\x0d|\x17\x15\xe8\xf9\x86q\x0c\xdf\x91\xee\
>|\xc2\xf2\x18\xb3\xb3\xb3\x00\x1a*G\xf1r\x94\x9f\
\xebz\xd4\x22\x19q\xaf\xe5\xdb\xa0XE-\xf2\xf08\
\xca?\xf5<*\xe7O\xf7I\xca[\xf8\x84\xd5F0\
\xc8+\x88\x22\xaf+P\xe5\x9b\xafCUD\xf5\xc9\xab\
\xb5XEU\xf4|\x02U\x86\xf89\x14I\xe5}\x92\
j\x1f\xf8\x84\xd5\xa6(!\xafa\x94\xe6u\x0d\xaa\x12\
\xea^\xa0O\x08\xe1WDm\x02FE\xcf9\x94\xb9\
\xf7,\xca7\xf5<j}?\x9f\xa4\xda\x14>au\
\x00\xe6\xe7\xe7\x01\x02R\xca\x1e\xd4\xec\xe2U\xc0\xd5\xc0\
\xa5\xc0\x16|\xed\xcb*V\x81S\xc0\x8b\xc03(\xa2\
:$\x84X\x00\x0a\xbd\xbd\xbd^\xcb\xe7\xa3\x0e|\xc2\
\xea0\xcc\xcd\xcd\x99\xbbQ\x94\xf6u\x91\xb1\x1d\x00\xf6\
\x1b\xc7\xbaP~\xb1\x8d\x0c\x1d\x15\xccy\x1ax\x13x\
\x0dx\xc5\xd8&\x804\x80?\xc3\xd7Y\xf0\x09\xab\xc3\
a\x10\x98@\xc5y\x0d\xa0*\xa3\x1e0\xb6\x0bQ5\
\xea\xbb\x8c\xcf\xd7+\x89\xe9\xa88\xa8e`\x14x\x1d\
EP\xaf\xa1*y\xce\x18\x9fK\x9f\xa0:\x1b>a\
\xad3\x94h`a\xa0\x1b\xa5q\xedF\xcd:\x9a\x7f\
\xcf\x06\xfaQ\xa6d\x84\xcey\x0f$*Wo\x15\x98\
E9\xc9\x0f\x03GJ\xfeN\x00\x8b\xa8\xbaS\xbe\x06\
\xb5\xce\xd0)/\xaa\x8f&a\x10Y\x00\x15\xe7\xd5-\
\x84\xd8\x06\x9c\x85\xf2\x81\x8d\x94m\xbd(\x933\x8c\xaa\
\xf3\x15\xa2\xf5\xef\x8aD\xd5\x8c\xca\xa1\xc8&\x8dJs\
\x19/\xdbN\x01\xc7P\x9a\xd4\xa2\x10b\x05(\xf4\xf4\
\xf4x\xdd\xc5>\x5c\x80OX\x1b\x1c\x0b\x0b\x0b\x00B\
J\x19Ai\x5c1T\xbe\xe3VT\x04~\x9f\xb1\xf5\
\x97\xfd\xedFig!\xde#\xb6R\x82\x83\xb5\x04T\
\xfa7\x83\xd2\x82\xe6P\x9aR\xe9\xdf9TD\xf9\x18\
*O/\x05\xac\x0a!2\x80\xf4\x89ic\xe3\xff\x07\
\xe5u{\x96\xb2C\xe6Y\x00\x00\x00%tEXt\
date:create\x002011\
-06-04T02:54:28-\
07:00\x06\x18WV\x00\x00\x00%tEX\
tdate:modify\x00201\
1-06-04T02:54:28\
-07:00wE\xef\xea\x00\x00\x00\x19tE\
XtSoftware\x00www.i\
nkscape.org\x9b\xee<\x1a\x00\
\x00\x00\x11tEXtTitle\x00red\
 LED offxc\x15@\x00\x00\x00\x00\
IEND\xaeB`\x82\
\x00\x00_\x00\
\x89\
PNG\x0d\x0a\x1a\x0a\x00\x00\x00\x0dIHDR\x00\
\x00\x01,\x00\x00\x01,\x08\x06\x00\x00\x00y}\x8eu\
\x00\x00\x00\x01sRGB\x00\xae\xce\x1c\xe9\x00\x00\x00\
\x04gAMA\x00\x00\xb1\x8f\x0b\xfca\x05\x00\x00\x00\
\x09pHYs\x00\x00\xa6\x17\x00\x00\xa6\x17\x01\x08\xbb\
g\x97\x00\x00\x00\x10tEXtTitle\x00\
red LED onem\x1a:\x00\x00\
\x00\x19tEXtSoftware\x00p\
aint.net 4.0.12C\
\x04k\xec\x00\x00^TIDATx^\xed\x9d\x07\
\xbc\x1dE\xd9\x87o\xc8A)\x06\x94\x0f\x14$\x88\xa8\
\xa0`\x01\x0bM@T,\x10\x81\x80\x88 *\xd1\xef\
\x03\x0b\x02\x81\x10A\x04\x84\x84\x90\xdeC\x0a\x09\xe9\xc9\
M\x08)\xa4\xf7\xde;\x09\x09\x84^\x85\xd0#\x06\x01\
\xb9\xf7\xcc\xf7\xff\xef\x99\xb9L6\xef\xd9s\xf6\xec\xd9\
=\xe5\xce\xcb\xef\xe1\x94\x9c\xb2;3\xefsgfg\
\xf7\xd4\xb8h\xdc1i\xd2$\xd2\x04\xec\x07\x0e\x01G\
\x82\x13A\x0b\xd0\x0a\xdc\x00\xda\x81~`\x0c\x98\x05V\
\x83\xed\xe0)\xf0<x\x05\xbc\x01\xde\x01\xef\x81:\x0d\
\xef\xf39\xfe\x1b_\xc3\xd7\xf2=|/?\x83\x9f\xc5\
\xcf\xe4g\xf3;\xf8]\xfcN~7\xb7\x81\xdb\xc2m\
\xe2\xb6q\x1b\xf5V\xbbp\xe1\xa2\xaa\x83\xc9\x0e\x9a\x82\
\x83@sp\x1a\xb8\x1c\xb4\x01\xdd\x00\xc5\xb1\x10<\x0a\
^\x06o\x81\xdd\xe0\x03\x90\x06*f\xf8\x1d\xfc.~\
'\xbf\x9b\xdb\xc0m\xe16q\xdb\xb8\x8d\xdcVn3\
\xb7\x9d\xfb\xc0}\xe1>\xe9\xbdt\xe1\xc2EE\x05\x93\
W\xf31p(\xf8\x1ah\x09n\x02\x03\xc0<\xf0$\
x\x13\xb0\x07\x94\x84\x8c\x8a\x05\xb7\x95\xdb\xccm\xe7>\
p_\xb8O\xdc7\xee#\xf7\x95\xfb\xcc}\xf7\xca\xc1\
\x85\x0b\x17e\x14:19\x5c:\x00\x1c\x05\xce\x017\
\x82\xe1`\x03\xd8\x09\xd8k\xa9\x07\x92\x04\xaa\x01\xee\x1b\
\xf7\x91\xfb\xca}\xe6\xbe\xb3\x0cX\x16,\x13\x96\x8d\x1b\
R\xbap\x91t0\xe94\x9c\xd7\xf9<\xb8\x08\xdc\x05\
&\x83\xc7\xc1\xbf@5\xcb)_X\x06\xbb\x00\xcb\x84\
e\xc32bY\xb1\xccXv^9\xbap\xe1\xa2\xc8\
\xa1\x93\x8bs5\x9c\x80>\x15\xb4\x06\xe3\x01\x87E\xef\
\x02)a\x1d{\xc3\xb2b\x99\xb1\xecX\x86,K\x96\
\xa9\x9b\x07s\xe1\x22J0\x81@\x0apr\xf9b\xd0\
\x1d\xac\x00\xaf\x03\x1e\x81\x93\x12\xd2\x91?,C\x96%\
\xcb\x94e\xcb2n>q\xe2D\x96\xb9\xae\x05\x17.\
\x5cd\x8d\xc9\x93'\x93\x14\xf8,\x92\x86\xc3\x97\xfe`\
\x1bp\xbd\xa8\x22\x832\xf6?~\x17l\x03\xfd\xc1E\
\xe0\xb3\x80u\xa1k\xc7\x85\x0b\x17FR\xfb\x80\xc3\xc1\
\x05\xa0\x0f\xd8\x02\x98@^b9\x12\x87e\xcf:`\
]\xb0NX7\xac#]k.\x5c4\xa2`\xc3\xd7\
\x1c\x08N\x05\x1d\xc0F\xb0\x1bH\x09\xe4(\x1d\xac\x13\
\xd6\x0d\xeb\x88u\xc5:\xf3\xea\xcf\x85\x8b\xaa\x0e\xdd\xd0\
\x9b\x82\xa3@+\xc0x\x15\xa4\x81\x94,\x8e\xf2\x81u\
\xc4\xbab\xb0\xeeX\x87\xacK]\xbb.\x5cTA\xd4\
\xd6\xd6\xd6L\x992\x85\xa2\xda\x1f|\x17t\x01\x8f\x80\
\xf7\x81\x94\x18\x8e\xf2\x87u\xc7:d]~\x17\xf5\xbb\
?\xeb\x98\xb8pQ\x91a\x1a0\xf8$\xb8\x00\xd4\x82\
\xd7\xd0\xc0\x1bzSx\x5c\x15T\xd3\xbe\x84$\x0d^\
\x03\xac[\xd61\xeb\xda\x89\xcbE\xe5\x84n\xb0M\xc0\
\xe1\xa0\x15\x98\x03\xde\x01R\x83wT\x0f\xacc\xd65\
\xeb\x9cu\xcf6\xa0[\x85\x0b\x17e\x16l\x9c\xba\x91\
\x1e\x03\xda\x80\xb5\xe0} 5nG\xf5\xc2:g\xdd\
\xb3\x0d\xb0-8q\xb9(\x9f`c\xd4\x8d\xf2s\xa0\
-\xd8\x0a>\x04Rcv4\x1e\xd8\x06\xd8\x16\xd8&\
>\x87a\xb3\x13\x97\x8b\xd2\xc5C\x0f=T3u\xea\
\xd4&\xb8m\x8e\x86\xd8\x1al\x06NT1\x81r\x16\
\x9f/w\xb0\xdd\x1f\x82\xcd\xa05\xdb\x0a`\x9b\xd1\xad\
\xc8\x85\x8b\x98\x83\x8dMs\x04\xb8\x06\xac\x07\xff\x05^\
R9\x1cY`\x1ba[a\x9ba\xdb\xf1\xda\x91\x0b\
\x17\xb1\x84i`\xa0\x19\xb8\x02\xac\x04\x1f\x00\xa9q:\
\x1c\xd9`\x9ba\xdba\x1bb[r\xe2rQ\xdc\xd0\
\x8d\xeac\xe0\xfb`\x22\xd8\x0d\xa4\xc6\xe8p\xe4\x0b\xdb\
\x10\xdb\x12\xdb\x14\xdb\x96nm.\x5c\x14\x18S\xa6x\
\x0b>9\xe7p<\xe8\x0d^\x05R\xe3s8\x0a\x85\
m\xaa\xf7\xd4\xa9S\x8f\x9f6mZ\x13\xdc\xea\xd6\xe7\
\xc2E\x9e\xc1F\xa39\x0c\xb4\x01;\xd0\xa8\xd2l`\
\xb8_\x15T\xd3\xbeT\x01i\xb0\x03\xb0\xad\xb1\xcdy\
\xed\xcf\x85\x8b\x9c\xa1\x1b\xcb\xbe\xe0\x87`.\xf8\x00H\
\x8d\xcc\xe1(6lklsl{l\x83\xbaU\xba\
p\xe1\x0b6\x0eMs\xd0\x01\xec\x04R\xa3r8\xe2\
\x86m\x8fm\xb09\xcfE\xc5\xadn\xa5.\x5c \xd8\
 \xc0~\xe0B\xb0\x02\xd4\x01\xa9!9\x1cI\xc16\
\xc8\xb6x\xe1\xb4i\xd3\xf6\x03\xba\xb5\xbah\xb4\xc1F\
0n\xdc8\xde\x1e\x83\x86\xd1\x07\xbc\x05\xa4\xc6\x13\x1a\
|\xa6\xa3B)\xb3\xfa{\x0b\xf4\x01\xc7\x00\xaf\xcd\xba\
h\x84\xa1+?\x05\xce\x03\xabA\x1aH\x0d\xc6\xe1(\
5l\x9bl\xa3l\xabl\xb3\xba\x15\xbb\xa8\xfa`e\
k\x0e\x05w\x80W\x81\xd4H\x1c\x8er\x83m\x95m\
\x96m\xd7k\xc7.\xaa8t%7\x01'\x03\xc6\x07\
@j\x18\x0e0}\xfa\xf4=\xe0s\x1c.qI\x04\
\xcf\x93\xe3u\xb0\xec\x1fr\x988q\xa2z\xf0\xc1\x07\
\xd5\x84\x09\x13<x\x9f\xcf\xd9\xaf1\xd7\xce2\xcb*\
\xb2}\x8f#+l\xb3\x8c\x93Q~l\xcb\xbau\xbb\
\xa8\xaa@\x22\x90\x03P\xc1W\x81'\x81\xd4\x18\x1a\x1d\
\xb6((\x10#\x22\x0a\xa7\xb6\xb6V\x8d\x1c9R\xdd\
\x7f\xff\xfd\xea\xbe\xfb\xeeS\x03\x06\x0cP\xf7\xde{\xaf\
\xea\xd3\xa7\x8f\xea\xd9\xb3\xa7\xea\xd6\xad\x9b\xea\xd2\xa5\x8b\
G\xa7N\x9d\x1a\xe8\xd8\xb1\xa3\x87y\xdc\xb9s\xe7\x86\
\xd7\xf1=|/?\x83\x9f\xc5\xcf\xe4g\x0f\x1d:\xd4\
\xfb.~'E\xc7m0R\xb3\xb7\xd1F\xda\x9f\xc6\
\x02\xf6\xffIp\x158\x00\xe8V\xee\xa2\xe2\x83\x95\xa9\
9\x1c\xf4\x02\xff\x06{5\xfe\xc6\xc2\x8c\x193\xbc[\
\xca\x80R\x18?~\xbc'\x8a\xc1\x83\x07{\x02\xe9\xd5\
\xab\x97\xea\xda\xb5\xab'\x9c{\xee\xb9G\xdd}\xf7\xdd\
\xaa}\xfb\xf6\xaa]\xbbv{\xc1\xe7\x0b!\xdbg\xf1\
\xbb\xf8\x9d\x94\x1c\xb7\x81\xdb\xc2m\x1a2d\x88\x1a5\
j\x94\xb7\xadFdf_\xcc\xfe4R\xd8\x96\xd9\xa6\
\xd9\xb6\xbdv\xee\xa2\x82\xc3T\x228\x11\xcc\x00u@\
\xaa\xf8\xaa\xc4$4\xff\x22\xb3\xe7\xc4\x84\x1f>|\xb8\
\x1a8p\xa0\xea\xdd\xbb\xb7\xd7\xe3\xa1\x98(\x0a\xbf<\
\xca\x01\xbf\xcc\xb8\xad\xdcfn;\xf7a\xc4\x88\x11\xea\
\x81\x07\x1e\xf0\xf6\x8d\xfb\xd8H\x05\xc66\xcd\xb6\xcd6\
\xee\xa4U\xa9\xa1+/\x05Z\x82\xad@\xaa\xec\xaa\xc3\
\x08\x8a=\x11\x0e\xaf8\xd4b/\x85C1\xbf\x9c\xfc\
\x82\xa8\x14\xcc\xf6\x1b\x89q\xdf\xb8\x8f\xdc\xd7q\xe3\xc6\
\xed!0\xa9\x8c\xaa\x14\xb6q\xb6u\xb6y\x9d\x05.\
*\x22Xa\xa0\x19h\x0b^\x05R\x05W\x05&)\
9L\xe2\xdc\x0f{\x1d\xfd\xfb\xf7\xf7\x92\x98\xc3+\x93\
\xe0\xfe\xa4\xaf6\xcc>r\x9f\xb9\xef\x9c\x1b\xe3P\x97\
eb\xe6\xc1\x1a\x81\xc0\xd8\xd6\xdbb?\x9b\x01\x9d\x0d\
.\xca6XI\xa80\xderL?\x10\xfc\x07H\x15\
+\xc2\x06]I0\x119$\xe2\xa48\x87I\x9c\xfb\
1=(\x7fB76L\x0f\x8ce\xc2\xb2a\x19\xb1\
\xacXfRYV\x11\xff\x01\x03\xc1\xe1\xc0\xcb\x09\x17\
e\x18\xa6r\xc0q`2\xa8\x07R\x85V,3g\
\xce\xf4\x86:<\x82\xc7\xe1\x0f\x13\x91C\x22\x93\xa0\xfe\
\xa4ud0e\xc3\xb2b\x99\xb1\xecX\x86,K\x96\
\xa9T\xd6\x15\x0e\xdb>s\x80\xb9\xe0\xa4Una*\
\x05\x9c\x02\x96\x01\xa9\x12+\x12&\x14{\x7f\x5c\xc3\xc4\
\x09s'\xa9h\xd8\xf2\xe2\xd2\x0a\x0e\xa1Y\xb6\xa6\xac\
\xfd\xe5_\xe10\x17\x98\x13NZ\xe5\x12\xba2\x9a\x80\
\xf3\xc06 U\x5cE\xc2\xe1\x0b'\xceyD\x8cG\
\xc7\xdcp\xaf\xb8\xb0,Y\xa6\x5cB1h\xd0 o\
\xc2\xbe\x0a\x87\x8c\xcc\x09\xe6\x06sDg\x8d\x8b\x92\x04\
\xfe\x22\x92}Q\x11W\x82\x17\x81Ta\x15\x83\xf9\x0b\
\xcf#|\xecMq\x1d\x12'\x91\x9d\xa4\x92\x81e\xcd\
2g\xaf\x8bG\x1aY\x1f\x06S?\x95\x86\xde\xee\x17\
\xc1\x95`_\xa0\xb3\xc7E\xa2\xc1\x82\x07\x1f\x07\xd7\x82\
7\xc1^\x95UI\xb0a\xf14\x16N\x0e\xf3(\x97\
\xebM\x95\x06\xd3\xeb\xea\xde\xbd\xbb7\xd7\xc5\xe1\x22\xeb\
g\xd6\xacY{\xd5Y\x85\xc1\x1ca\xae0gt\x16\
\xb9H$X\xe0`\x7f\xd0\x16\xec\x02R\x05\x95=L\
\x02\x8a\x8a\x13\xc0\x1c\x92p\xd8g\x92\xc6\x9fH\xe5@\
\x87\xf6\x1d\xf6\xe0\x9ev\xf7\xa8\x8ewu\x0c\x05\xdf\xe3\
\xff\x1c\xe9\xbbJ\x8d\xa9\x03\xd6\x09O\x1db\x1d\xb1\xae\
*\x5c\x5c\xcc\x15\xe6\x0csGg\x93\x8bX\x83\x05\x0d\
\x0e\x04\xb7\x83w\x80T1e\x8d-*\xceO\xf1\xd0\
\xbb?aJ\x85$\xa2;\xef\xb9S\xfd\xad\xf3\xdf\xd4\
M\xddoR\xd7\xf7j\xad\xfe\xd4\xfb\xcf\xea\xd7\x03\x7f\
\xa3.\x1c\xdeR\xfd`\xec9\xea\xac\x07\xceV\xa7O\
8C}g\xf2)\xea\xa4)\xdfR\xc7O\xfd\xaa\x07\
\xef\xf39\xfe\x1b_\xc3\xd7\xf2=|/?\x83\x9f\xc5\
\xcf\xe4g\xf3;\xec\xef4b\x93\xb6\xb1\x14\xf0|H\
\xfeQ\xe1\xba\xae\x0a\x17\x17s\x86\xb9\xc3\x1c\xd2Y\xe5\
\x22\x96`\x01\x83f\xa0\x03\xd8\x0d\xa4\x0a)k\xd8\xd8\
\xd9\xe8\xd9\xf8K)*\xd3\xbb1\x82hww;u\
K\x97[\xd4\xb5\xbd\xaeS\xbf\x1c|\x99:k\xdc\xd9\
\xea\xcb3\x8eW\x87,9L\xd5\xaco\xaaj\x1eO\
\xa9\x9a\xe7\xc0\xab\xe0M\xb0\x0b\xfc\x1b\xbc\x0b\xde\xb3\xf8\
\xc0\x87\xfdo|-\xdf\xc3\xf7\xf23\xf8Y\xfcL~\
6\xbe\x83\xdf\xc5\xef\xe4ws\x1b\xb8-\xdc&n\x9b\
\xd9N\xb3\xdd\xd2>\x85\x81\xc3>b\xdf\xcf\x07\x8a\x8b\
=.\xd6!\xeb\xb3\x12\xc5\x85m\xde\x0d:\x80f@\
g\x97\x8b\xa2\x06\x0b\x16\x1c\x0c\xba\x81\xf7\xa4\x8a(G\
\xb0\xad\x0dp>\x84\x8d\x9d\x8d\xde\x9f@qc\x0b\x8a\
\x8fo\xe9z\x8b\xba\xaa\xef\xd5\xea\x9c\xda\x1f\xabcf\
~Q\xa5\xd6|\x5c\xd5\xec\xd0\x12\xa1T\xfe\x03\xfe\x0b\
\xd2\x16uY\xe0\xeb\xf2Az/\xb1\xbf\x83\xaf\xe3w\
s\x1b\xb8-\xd8&n\x1b\xb7\x91\xdb\xcam\xe6\xb6s\
\x1f\xfc\x02\xb3\xc5\xe2\x7f\x5cl8T\xe4\x09\xe3<@\
b\xd7q\x05\xf1\x1e`.1\xa7t\x96\xb9(J\xb0\
@\x01\xff\x1a\xb0\x80\xdf\x07R\x05\x94%\xb3g\xcf\xf6\
\x0e\x95\xf3\xa8\x1f\x0f\x9f3\x91\x92\xc2\x16T\xdb\xaem\
\xd5\xaf\x07\xfdF}{\xf2\xc9j\xff\x95\x9fP5O\
@\x06o\x01\xf6z>\x04~)\xf9e\x934~\x99\
q\x1b\xb9\xad\xdcfl\xfb\x01\xcb\x9by\xfb\xf2\x9b\xfb\
~\xabn\xeaz\x93'\x91N\xed:\xa9{\xee\xce\x5c\
a\xa2Xt\xe8\x00!j\xfc\x8f\x09'\xe7yT\x91\
\x8bPY\xd7R\x1b(c\x98K\xcc)\xd7\xd3*V\
\xb0 \xc1\x81\x80]X\xfeU\x90\x0a\xbe\xec`\xe3\xe5\
\xf0o\xec\xd8\xb1\xde\xa1r6v\xbfP\xe2\xc0H\xea\
\xb6N\xb7\xa9?\xf4\xfd\xa3:\xe3\x81\xb32\x82z\x06\
\x89\xce\xa1\x18\x87i\xe5&\xa7|\xf1K\x8c\xfb\xf26\
x\x16\x02[\xd5\xcc\xdb\xd7?\xf5\xfb\xb3\xba\xbd\xf3\xed\
\x0d\xf2\xca&0[:\xfe\xc7a\xe0{\xb9\x1c\x82\x8b\
P\xb9f\xce\xccoU\x10\xcc)\xe6\x16sLg\x9d\
\x8b\x82\x82\x05\x08\xf6\x03\xb7\x83w\x81T\xe0e\x09\xe7\
8x\x05\x016\xea\xb8\x8f\xfa\x19I\xdd\xda\xf1Vo\
B\xfb\x8b\xb3\x8eU5[\x9a\xaa\x9a\xd7\x90\xcc\x9c;\
2\x89^Ir\xca\x17{\xdf\xb8\xaf\xdc\xe7m)\xf5\
\xa5\x19\xc7\xa9\xdf\x0c\xfa\xad\xba\xad\xf3m\xaa\xd3\xdd\x9d\
<\xfc\xb2)6\x9c\x93\xe4A\x14.O\x91\xdaD\x19\
\xc3\xdc\xba\x1d\x7fd\x99k:\xfb\x5c\x84\x0a\x14\x1e\xf9\
\x18\x0a\xb0-x\x07H\x05]V\xb0W\xc5\xa1\xc1\xb0\
a\xc3b\x9f\xa7\xb2{R\xbf\x1dx\xa57Y]\xf3\
\x08\x92\x95\x93\xd9Ld\xd3\x83\xf2'x\xb5\xc3}\xe6\
\xbes\x08\xc9\x1e\xe5\xa3)\xf5\xe5Y\xc7\xab+\x07\xb5\
Rwt\xb9Cun\xdfYu\xec\xd0Q\x14\x8e\x0d\
{M\x06\xff\xe3\x5c\x98a\x22O\xa9b\x9b \xa6}\
\x84\xa1\x90\xf7D\xe0\x1d\xd0\x16|\x0c\xe8,t\x91W\
\xb0\xc0@\x0a\x5c\x0bv\x01\xa9\x80\xcb\x0a6.^\x0d\
\x80C\x03\x0e\x13$\xc9\x14\x03\x1e\xee\xe7-\x97\x04|\
g\xe2)\xaaf+\x92\x92\x922C\xbd\xc6(\xa9l\
\x18y\xb1lXF\x10\xfai\x93\xbe\xabn\xe8s\xa3\
'\xad\xce\x1d:\x8b\xc2)\x06<W\x91=l\xf6\xb4\
\xa5\xf6R\xa60\xd7\x98s\xcc=\x9d\x8d.\x02\x83\x05\
\x05\x9a\x80V\xe0\x0d \x15l\xd90g\xce\x1c\xafW\
\xc5\x15\xea\x1c\x12\xc41\xfc\xb3{S\x97\xde\xff\xcb\xcc\
R\x83\x97\x90\x80\x1c\x029I\xe5\x87\x91\x17\xcb\x0ce\
w\xc8\xd2\xc3\xd4e\xc3.W\xff\xe8\xfa\x0f\xd5\xe5\xee\
.\xaa\xd3=\x9dD\xf1D\x81=3\x1eha\x8f\x9b\
\xbd-\xb6\x15\xa9\x0d\x95\x19\xcc9\xe6\x1esPg\xa5\
\x0b1X@\x9a\x16\xe0\x05 \x15hY\xc1\xbf\xa0\xbc\
\x82\x82$\x9a\xa8PT\x84G\xf8\xb86\xc9\xebMq\
\x92\xd9$\xa0\x9d\x90\x8e\xfc1e\xf7/\x80^\xd7\xd9\
\x0f\xfc@\xdd\xd2\xe3\x16\xaf\xc7\x15\x87\xb8\xd8\xdb\xea\xd7\
\xaf\x9f7\xb7%\xb5\xa12\x84\xb9\xd7\x02\x82\xf5\xf2\xd1\
\x85\x10\x18R\x19Y\x9d\x02\xb6\x01\xa9 \xcb\x02\xfe\xa5\
\xe4\xd1 \xceSp\xae*j\xaf\xca\x1c\xb9j\xdf!\
s\xbfc\xfb\xcc\xa5\x8c\xaf\xeb}\xbd\xfa\xc6\xd4\x932\
K\x10\xb86\xc9\xf5\xa6\x8a\x8b\xe9u\xb1l\x9fN\xa9\
\x93\xa6\x7fK\xb5\xee{\x83'\xad8\xc4\xc5\xb9\xad\xd1\
\xa3G{\xeb\xf3\xd8\x86\xca\x15\xdd\xc6\xb7\x81S@\x0d\
qa\x85)\x14p,Xf\xa4PN\xd8\xdb\xc43\
\xf9y\x19bv\xf9%\x01\x11#!OD\xbe\xc7\xd9\
0\x87\xe1)\xaa/\xcc\xfaRf\xd8g\xe6\xa6\xa4\x84\
s\x14\x07#.\x96\xf5\x8b)\xf5\xc5\xd9\xc7\xaak\xfb\
\x5c\x97S\x5c\xec9\x19\xfc\x8f\xb3aV\xcasm\x9e\
\xdd\xbe\xca\x94e\x809\xe9\xa4e\x87.\x90#\xc0d\
 \x15\x5c\xd9\xc0\x89\xf5\x1e=z\x88b*\x14#\xaa\
\xd6\xbdoP_\x99y\x82\xaayA'\x8f\xebM%\
\x0f\xcb\x5c\x8b\xeb\xf8Y_U7\xf6m\xa3\xba\xdc\xd3\
Eu\xee\xd8Y\x14P\xa1p\x1a\x81\xd3\x09R\x1b+\
3\x98\x93\xccM\x9d\xad\x8d<X\x10\xa0\x19\x18\x08\xea\
\x81Th%\x87G\x01\xf9\xa3\x06f\xb9\x82$\x9e\xb0\
PR\x5c\x1f\xd4\xb6[[\xf5\xf5i'z\x0b \x9d\
\xa8\xca\x04#\xae\xe72C\xc5\x9b{\xdc\xec\x89K\x92\
O\xa1p\x888f\xcc\x18\xafmIm\xaeL`N\
27\x99\xa3:k\x1bi\xb0\x00@S\xd0\x16\xbc\x07\
\xa4\x02+9<\x0a\xc8n<\xbb\xfd\x92x\xb2a\xd6\
\xf4\xd8\xf7\x0d\x14\xd5\x9d\x9d\xefT?\x1a\xf7\x93\xcc\xc9\
\xbf\xef\xeb$\x91\x92\xc7Q:8Td\xdd\xa0\x8e~\
4\xfe'\xaa]\xd7vY{[<J\xec\x7f\x9c\x0b\
\x9e\x93\xc8\xebn\xf1(\xe2\xdc\xb9s\xc5\xf6W*\xcc\
\xf6\xe0\xf6=\xd0v\xde\xbcyMq\xab\xb3\xb7\x91\x05\
w\x9c\x13\xed(\x90\x96`\xa7]@\xe5\x00\xb7\x85\xf0\
\xe4\xd6\xbe}\xfb\xee%!\x22\x89(\x17f\xd1\xe2\xe5\
\xf7\xffJ\xd5ll\x9a9\xc9\xd7\x89\xaa\xfca\x1d\xb1\
\xae65UW\x0c\xfb\xb5\xea\xd8\xb9\xa3\xea\xd2i\xcf\
\x9f\xe8\xf7\xc3\xdex\xbe\xf0g\xc9\xf8Sm\xa6\xdd\x95\
!;AK\xe0\xe5n\xa3\x0a\xb3\xd3\xe0D\xb0\x15H\
\x05Tr8\xc7\xd0\xb3g\xcf\x82\xc4$\xc1\xc3\xe67\
\xf6j\xa3>\xb3\xf0\xb3\xaa\xe6\x0d\x9d\x04NV\x95\x83\
\xa9/\xd4\xdd\x11\x8b\x9b\xab\xb6}\xff\xaa\xbau\xea&\
\x0a\xa8\x10\xf8\x87\x91W\xf4\x90\xdab\x99\xc0\x5ce\xce\
6.i\xe9\x1d>\x1cL\x07R\xc1\x94\x1c\xfe \x81\
\xb9T\xb1$\x9f \xccQ\xa4\x0e\x1d3\xf7)\xaa\xf6\
\x9d\xdb\xab\x9f\xd6\x9e\xa7j\x9eB\x83w\xf3T\x95\x0d\
\xeb\x8eu\xf8tJ\x9d;\xbe\x85\xba\xa7\xdb=\xaak\
\xe7\xae\xa2\x84\xc2\xc2\x13\xe5y`Gj\x93e\x02s\
\x96\xb9\xab\xb3\xb9\xca\x83;\x0a\xf6\x07\xbd@=\x90\x0a\
\xa5dp\xf9\x02\xd7\xca\xb0\xf1H\x12\xf2D\xe4{\x1c\
\x04\x0f\x8b\xff\xa5\xdf\xb5\xea\xc0\x15\x07\xb9\xe1_\xb5\xc1\
\xba\xfcWJ}b\xcd\xc1\xea\xbaA\xd7\x17MZ\x9c\
\x8c\xe7U>\xec\xa9\x892\x829\xdbk\xde\xbcy\xcc\
a\x9d\xd5U\x1a\xd8\xc9\x9a\x85\x0b\x17RXW\x81\x7f\
\x03\xa9@J\x06e\xc5\xd3(8\xff\x10FJ\x12\x14\
\x15{X\xe7\x8ei\xa1j\x9e\xb7\x1a\xb8\xbf\xd1\x17\x02\
?\x87\xf0\x04_\xfby>6\xfff\x90\xfe\xcd~\x8f\
#\x1a\xa6<_H\xa9\x16\xb5\xe7\xabN]:\x15E\
\x5c\xec\xdd\x8f\x1a5\xca\x93\x16\xf2\xa6\xdc\xf87\xb8\x0a\
x9]\x95av\x0e\x9c\x0c\x9e\x04RA\x94\x0c\xca\
\x8aGkxtG\x12P\x18(\xab\xdb\xba\xdd\xa6\x8e\
\x99\xff\xa5\xcc\xa94Q%\xc1\xf7\x1b9\x99\xfb\x86\xfa\
\x94:\xac\xee\x08uJ\xfd\xe9\xeab\xf5\x0buY\xfd\
\x15\xea\xd2\xfa\xcb\xbd\xfb\xdf\xab\xff\x81:\xbe\xfe\xeb\xea\
\xc0\xba\x83?z\x9f}\xeb\xff\x1eG\xe1\xb0<Q\xd7\
_\x98\x7f\xac\xba\xbd\xe7\xedyI\x8bG\x08\x0d\xfe\xc7\
\x84\xd2\xe2\xd9\x14e*-\xe60s\xb9:\xa5\xa5w\
\xecP0\x15H\x05P2\xb8\x0ef\xc8\x90!E\x93\
\xd5\x1f\x06\xfcQ\xd5<\xdc4\xdaR\x05#\x16\xde\xb7\
\xe4D\x09\xdd\x91\xbeS\x8d\xa9\xc7\x90A\xcdU\xcb\xd2\
\xcb\xd5\x06\xb5QmW\x8fzlV\x0f\xab\x0d\xe9\x8d\
jMz\xadZ\xa9V\xa9E\xe9\xc5j\x9a\x9a\xaeF\
\xd6\x8fV\x1d\xd3\x9d\xd5\xcf\xd2\x17\xaa\x8f\xd7\x1d\xf8\xd1\
g\x9a\xefpD\x87u\xc6:\xdf\xd2T\xfd\xf9\xbek\
T\xf7\xce\xdd=q\xf9E\x14\x06s\xf24\xff\xa0J\
m\xb7\xc40\x97\x99\xd3:\xcb\xab$\xb8C\xa0)\xb8\
\x03|\x08\xa4\x9d/\x09<\xaf\x8bk\xac\xa2\xca\xca;\
\x85\xa3\xd3=\xea\xdcq\xd6\x10\xb0\x10\x8c\xe0\xb4L\x8e\
\xae\xff\xa2\xba*\xfdG5*=\xc6\x13\xd0\xa3\xea1\
\xfc\xb7\xc3\xbb5\x92\xda\xa2\xb6BY\x9b\xd4Z\xb5\xce\
{\x0d%FQ\xcdK\xcfW3\xd5,5\x03\xff\x9f\
\x9a\x9e\xa6\x1eLOT\x13\xea\x1fT\xc3\xd2#\xd4_\
\xeboQ_H\x1f\x97\xf9>\x83\x7f[\x1c\x85\xc1\xb2\
\xe4\x10\xf1\x81\xf3U\xe7\xae\x18\xdeu\xe9&\xca(_\
(-\xf6\xfe\xf9\x87Uj\xc3%\x84\xb9\xcc\x9cfn\
\xebl\xaf\xf0\xe0\x8eh\xce\x03;\x81\xb4\xe3%\x81\xb2\
\xe2\xaf\xd7H\x02\x22f\x01\xa0\x91\x99\xfd\xd8\x86\x0b\x09\
o\xef~\xbb:f^\x84!\xa0\xd5\xe3i\x92\xdeW\
\xfdI\xfd\xc5\x93\x0d{L\xb6\xa0\x1eQ\xdb\x1a\xa0\xa8\
\xf8\xef\xeb\xd1\xc7b\x8fj\xb9Z\xa1\x96\xe1\xff\x8b\xd4\
b5'=W\xcdH\x7f$\xaa\xf1\xea\x015F\xd5\
z=\xad\xa1\xf5\xc3\xd5\xfdj\x98\x1a\xa0\x06\xa9\xbf\xa4\
\xaf\xf3\xbe\xcf\xfbn'\xad\xe2\xc1\xb2\xdc\x95R_\x5c\
x\x9c\xba\xa3\xd7\x1dE\x91\x16/a\x14\xd4\xd3\x9a?\
\x7f~\xa2\xe8\xef\xdc\x09\x98\xdb5\xb8\xd5Y_\xc1\xc1\
\x9d\x00_\x00\xabJQ\xa8~\xcc6\xb0\xe2\xf9\xab'\
\x92\x80\xc2@Y\xfdq\xe0\x9f\x0a\x1f\x02R\x14\xbc\xc5\
\xfb\x9a\xd7}^\xa1\xaf\xe6\xf5\x92()\xbf\xa0l\x1e\
No\x11{U\xf3\xd5\x02o\xa8\xc8^\xd5\xe4\xfa)\
^\x8fjl\xba\xd6\xeb\xa1\xb1g58}\xbf\x1aX\
\x7f\x9f\xeaW\xdf_\xf5L\xf7V=\xea{\xa9;\xeb\
\xdbys]NZE\x86ei\x0d\x11\xc3H\x8b\x82\
\xf2\xc39-\x0e\x0f9\xa7\xe5o\xd7%f\x15`\x8e\
\xeb\xac\xaf\xd0\xe0\x0e\x80\x8f\x83> \x0d\xa4\x9dM\x1c\
V\xb8\xb9\xe0\x9e$\xa1|\xa1\xac.\x1e\xf5\xf3\xcc\x10\
0l\xa2\xf3\xf5\xa4>\xa5\xbe[\x7f\x96\xd7\xeb\xa1\x80\
r\x89\xca\xf4\xaa\xcc<\x95\xd4\xab\x9a\x92~HMV\
\x90\x95z\xd0\x9b\xeb2\xbd\xaaA\xe9\xc1\xea\xde\xf4\x00\
\xd5;\xdd\xd7\x13U\x97\xfan\x0a{\xa1\xeeN\xdf\xa3\
nW\xffP'\xd5\x7f\xdbI+\x0eX\x9e\x18\x22\xfe\
b\xec\xa5\xaaG\x97\x1eYe\x94\x0f\xe6\xf2\xcb<\xaa\
-\xb5\xed\x12\xc1\xdcf\x8e3\xd7u\xf6WXp\xc3\
5-\xc1[@\xda\xd1\xc4aE\x9b\xa5\x0b\x92\x84\xc2\
\xc0s\xcb\xbc\xdf\xce\x0b\x93\xe0|-\xa5\x00\x8e\xad?\
\xde\xeb\xf9PD\x1c\xf2\xf9\xe5\xe4\xc7\x9e\xabZ\x95^\
\xed\xf5\xaa\x96\xa6\x97e\xedUq\x088B\x8d\xf2\x86\
\x7fv\xaf\xaak\xba\xbb\xea\x92\xee\xe6\xf5\xe6\xd8\xbb\xa2\
\xacnN\xffM\xdd\x94\xfe\xabj\x9e\xfe\xbc\x93V\x1c\
\xb0<_K\xa9\x9f>x\x9e(\xa20PZ\x5c\xf2\
Pf\xd2b\x8e3\xd7\xbd\xbc\xaf\xb8\xd0\x1b~\x14X\
\x01\xa4\x1dL\x1cV0\xff:E\x91\x15{U\x1d:\
wP\xa7N9=\xf3\x1bya\x12\xdb\x88\x00P\x14\
<\xba\x97\xaf\xa88\x04d\xafj\xb5Z\x93\x19\x02\xea\
^\x15'\xd6g\xa7\xe7xG\x02\xf7\xeaU\xa9\xe1\xde\
\x10\x90sU\xfdT\xff=zUw\xa5\xdb\xab;\xd3\
\xed\xd4m\xe9;\xbc\x09\xf86\xaa\xadj\x9d\xbeQ]\
\xad0\xbcu\xb2\x8a\x07\x96+\xda\xccw\xa7\x9d\xa9\xba\
v\xef\xaazt\xeb!\x0a)\x1fx\x89#^\xe9\xa1\
\x1c\xa6Y,\x98\xeb\xccym\x81\x0a\x09n\xf0\x82\x05\
\x0bR\xb8\xed\x00\xea\x81\xb4s\x89\xc3\x0a\xe6z\x17I\
D\x94X.x\xb2k\xfb\xae\xed\xd5\x09\xb3\xbf\x96\xb9\
\xbcn\xbe\x89m^\x07aq\x8d\xd4b\xb5\xc4\x13U\
\xd0\xd0\xcf`O\xac\xb3W\xb5\x22\xbd\xd2{\xbf\xbfW\
5)=\xb9ab\xdd\xeeU\xdd\x0b]yC\xc04\
d%\xf4\xaa\xfe\x9a\xbeE\xdd\x98\xbeI][w\xbd\
7\xd1\xff\xc7\xf45\xea\x1c\x85\x9e\xa3\xebe\xc5\x03\xcb\
twJ}u\xde\xd7U\xc7\x9e\x1d#I\x8b\xe7\xb9\
\x8e\x1f?^!\xd7\xca\x85z\xd0\x01\xa4\x80\xb6A\x99\
\x077Ts\x0ex\x05H;\x968\x13&L\xf0*\
\xd9\xc8\xc7^\xc0\x97\x0f\x5cOsg\xf7;U\xf3%\
G{\x0d.\xefd\xd6\x89\xcf%\x04\x1c\xa6QR\xf9\
\x88\x8a\x88\xbd*k\xb9\x82\xdd\xab\x1a\x97\x1e\xafF\xa7\
\xc76L\xac\xdb\xbd\xaa\xae\xaa{\xc3\x5c\x95\xbfWu\
]}k\xf5\xe7\xfa\x8c\xa8\xb8|\xa2\x95\xfa_\xf5\xeb\
\xfa+?:r(\xed\x93#\x1al;\xffI\xa9\xa3\
\x16\x7f^\xb5\xef\xd5>\x92\xb4x!@^+^j\
\xf3%\x829\xcf\xdc\xf7<P\xf6\xa17\xf400\x17\
H;\x948\xbcD\x0c\xff\x1aI\x22\xca\x07\xca\xea\xef\
\xbd\xff\xae\x9a\xad\xfa\xe4G?L*5D?Lx\
\xc0\xd5\xe7\x9cw\xcag\xf8G\x02{UY\x96+\xb0\
W\xc5\x89\xf5\xfb\xea\x87|4\xb1n\xf5\xaa\xeeR\xed\
\xbd^\xd5\xad\xe9\xdb\xf6\xeaUq\x18\xf8\xfb\xf4U\xea\
\xca\xf4\xef\xd5\x15\xe9\xdfz\xbd@o\x02\x9e\xfb\x99\xef\
\xbe:\xc2\xc1r}?\xa5\x0eZ\xfd)uG\xbf;\
\xf6\x90\x16\xe7\xa8\x0c\xfe\xc7\x12\xfc\x81\x0b^\x9aFj\
\xfb%\x82\xb9O\x07h+\x94ip\x03A\x13\xd0\x06\
\xfc\x17H;\x93(\xbc\xf8\x1e/\xdbQH\xaf\x8aP\
V7\xf7\xbb\xd9\xbb\x0eR\xdeWY0\x89\x0eYu\
@\xdf\x86\x12\x0a\xd3\xab\x0aZ\x04\xda\xd0\xab\xaa\xcf\xf4\
\xaa\xec\xe5\x0a\xa6W\xd5\xab\xbe\x8f7\xb1\xce\x95\xedv\
\xaf\xcaL\xacs\xae\x8a\xeb\xaf\xf6\xe8U\xa9+=Q\
\xfd\x22}\x99\xba\xa8\xee\x12\xf5\x93\xfa\xf3\xbc#\x98\xae\
\x97\x15#l#hSM6\xa7\xd4\xad\x03nU=\
\xbb\xf7\x14\x85\x94\x0f\xbc\x9e\x16\x7f\x18E\xca\x81\x12\xc0\
\xdco\xb3d\xc9\x92&<w\xb8l\x03\x1bIN\x00\
\x8f\x01iG\x12\x03\x05\xe5\xad\xb5bEF\x96\x15\x7f\
Q9\xdf\xc4\xd5\xa2:\xb8\xee\x7f\xbc\xdeO!\xbd\xaa\
\xb0\x8b@\xf7X\xae\xc0^U=zU\xf5\xe8U\xa5\
\xdb{\xa7\xf1\xec\xd1\xabR\xd7{C\xc0\xab\xd3\xbe^\
\x95\xba\x5c]\x5c\xff\x0bua\xfd\xc5\xaaE\xdd\x05\xea\
\xdc\xfa\x9f}$^i?\x1d\xc5\x83mk[J\xfd\
-\xa2\xb4\xb8\xae\x90Kv\xd8\xf6M\x0e\xc4E\x1e\x9f\
\xff\x188\x01h;\x94Yp\xc3\xc0\xbe\xa07\x90v\
 2a*\x81\x93\xec\x5c\xbe \x89(\x1f\xcc0\xd0\
\xebY\xe5++\xbe\x0e|\xbf\xfe\x1cO6\xf9\xca\xaa\
X\x8b@\xfd\xbd\xaa\xdb\xeb?Z\xae`\xf7\xaa\xfe\x17\
\x83\xc0V\xf5\x99\xb9*\x0eWM\xaf\xea\x82\xba\x8b<\
Q\xfd\xa8\xfe\xa7\xea\x9c\xba\x9fd\xce9t\xc2J\x06\
\xb4\x1b\xf6\xb4\xee\xeawW$iq\xb9\x03\xdb\xbe\x94\
\x13%\x80.\xa0\x13\xb4%\xca$\xb8A\x9a\xef\x83\x9d\
@\xda\xf8D\xa9\xad\xad\xf5\x16\xe4I2\xca\x06W\x18\
\xf3\xdc/\xca\xaa]\x8fv\x999+\x0e\x03\xa5\x06\xe6\
G\xcb\xea\xca\xba\xdf{=\xa50G\x00C/\x02U\
\x1f\xf5\xaa\xa4\xe5\x0av\xaf\xaaM\xfdG\x13\xebv\xaf\
\xea\xf2\xf4\xaf\x1bzU\x17\xa5/\xf1zU?\xadk\
\xe1\x89\x8a'X\x9fU\xf7}\xf5\xa9\xfa\xc3\x9c\xb0\x92\
\x04m\xed\x93\xab\xffG\xdd\xdd\xfb\xee\xbd\xa4\xc5e\x0c\
\x06\xffc\x1bs\x01@)'J\x00]@'x~\
(\x9b\xd0\x1b\xd4\x0cL\x04\xd2\x86'\x0a'\xd9Yy\
FB\x06\xffc\x09\x9e>\xd1\xa1{\x07\xd5|\xd1\xd1\
\xf9O\xb0[\xb2bo)_Y\xc5\xbd\x08\xd4\xf4\xaa\
\xfeTw\x8d7\xb1\xee\xefU\xf1\x124?\xab\xbfP\
\xb5\xa8\xbf\xc0\x9b\xb3\xfaa\xfa\xc7\x9e\xa8\xbe\x9b>K\
\x9d^\x7f\xa6:\xa4\xee\xd3\x99}s\xd2J\x06\x96\xf3\
\xfb)\xf5\xb9%\xc7\xa8\xce\xbd;\xef%\xa3\x5c\xf0\xc0\
\x12o\xcd$\xbc\x94\x1b%\x80N\xa0\x1b\xb4-J\x1c\
\xdc\x10\xcd\x15`7\x906:1xB3+,\x1f\
9I\xb0\x87\xf5\xd59_\xcf\x7f\xe9B\x01\xb2\x12\x97\
+\xa0WU\xccE\xa0v\xaf\x8a\x13\xeb\xdc>3\xb1\
\xee\xefUq\x08\xc8a\xec\x99\xf5g{\xa2\xfav\xdd\
)\xdeQ\xc2O}\x88\x1e\x96\x13V\xb2\xb0\xac\xdfM\
\xa9o\xcc?Iu\xef\xd9]\xf5\xea\xd1\xcb\x13\x91\xc1\
\x88)\x17<\xa9\x9fWwX\xb4h\x91\x97\x17\xbc-\
\x11\xbb\x01\xddP\x83[m\x8d\x12\x067\x02\x1c\x01V\
\x96\xaa`\xcc\xf7r\xec\xces\x04%\x11\xe5\xcb\xe9\xd3\
\xcf\xc8\x7fQ\xa8\x91\x15\x86X\xf9\xc8*\xe9E\xa0{\
\xf5\xaa\xea2\xbd*ob]\xe8U\x9dR\x7f\xba\xfa\
V\xfd\xc9\xea\xc4\xfao\xa9\xaf\xa5OrsX\xa5\x82\
e\x8e?\x98g\xce\xf8\x9e(\xa3|\xe1\xefhr\xde\
\xd7\x9f/%`%\xa0#\xb45J\x14\xdc\x00\xcd5\
\xe0\xbf@\xda\xd8\xc40?\x1c!\x89(\x17\x1c\x0a\xfe\
d\xc2\xb9\xf9\x9fn\xc3\xd7\x80|e%\xf6\xaa\x0a]\
\x04\xea[\xae`\xf7\xaa\x02\x97+\xa0W\xc5\x89\xf5\xf3\
\xea\xce\xcf\xda\xab\xfaZ\xfd\x89\xde\x95\x1b\x8eK\x9f\xe0\
\x965\x94\x12\xb6\xaf\xb7S\xea\xdc\xc9-T\xef\x9e\xbd\
E!\xd9p\xee\x8a\xd8\xf7\xfb\xf4\xe9\xe3\xfd\xf2\x93\x94\
+\x09C7\xd0\x11\x9e/J\x16z\x03\x9a\x83u@\
\xda\xd0DX\xbcx\xb1\xb7\xde\x8a\x95$\xc9(\x08\x8a\
\x8ag\xd0\xf3Lz\x9e\x9c\x1aFVL\xfa\x5c\x13\xec\
\xd9zUA\xcb\x15\xa2.\x02e\xafj\x8f\xe5\x0aV\
\xaf\xcaL\xac\x9f]\xf7C\xef*\x11v\xaf\xea\xab\x90\
\x15E\xf5\x85\xfa\xe3\xd41\xf5\xc7:a\x95\x1a\xb63\
\xb4\xc9K\xc7\xffR\xf5\xed\xd9\xb7ADa\xe8\xdf\xbf\
\xbf\xb7>K\xca\x9b\x84\xa1#\xe8\x0am\x8f\x84\x83_\
\xaci\x0d>\x04\xd2F&\x02Oj\xe6\x98\xdd/#\
\xff%<$\xbaw\xed\xae\xae\x19\xfc\x17\xef\xf2\x1fy\
\xc9\x8a\xe0u<\x82\xc6\x89\xf2 Y\xb1W\x95s\x11\
\xa8\x9eX\x17\x17\x81\xd6\x17\xbe\x08\xb4a\xb9\x82\xeeU\
\x99\xe5\x0a\xecUq\x08xz\xdd\x99\xea\xe4\xba\xd3\xf6\
\xe8U\xf1\xea\x11\x14\x15\xaf\xcbux\xbayFX\xf9\
\x96\x89#\x1eX\xfe/\xa5\xd4\xf5\xc3Z\xab>\xbd\xfa\
\x88R\xca\x05\xafV\xca\x93\xa4\xa5\xdcI\x10:\xa25\
\x86\xa85\xe8`h\x8b$\x18\xf8rr4\xd8\x04\xa4\
\x0dL\x04\xce_\xf1g\xb9$\x19\x19\xcc)\x0f~x\
:\xc4\x9d}\xeeT5[u\xc3\x90\x1a\x8c\x1f=\x09\
\xcd#w\xd9\xd6Y\x15u\x11({UY\x16\x81J\
\xcb\x15\xa4E\xa0\xf6r\x85=zUu\xe8U\xd5}\
C\x1dW\x97\xe9U\xf1r\xccG\xd6\x1f\xed\xc9\xaaY\
\xfd\xa7\x1a\xf6U,\x07Gr\xb0\x0e\x1eI\xa9\xbb\xfb\
\xdf]\x90\xb4x\xbe!\xa7K\x98/\x1c\x8d\x94\x90M\
\xe0h\xa0-\x92P\xf0\x0b'L\x98\xc0\xdb\xb6\xa0\xce\
/\x11\x1b\xfc{\xac\x98\xa1`\x90\x98\xb2\xc1K||\
i\xd1\x973W\x85\x94\x1a\x8a\x1f&0`/'\x9b\
\xac\xb2\xf5\xaa\xb2-W`\xaf\x8aC\xc0\xc0E\xa0\x9c\
X\x8f\xb0\x08\xd4L\xac\xb3W\xf5\x9d\xfaS\xf7\xecU\
}\x88^U]\xa6WuD\xddQ\xde/\xf04\x1c\
\x1d$R98\x92\x07m\xf4\xb8\xc5\xc7\xab\x9e\xbd?\
\x9a\xa3\x0a\x83\x19\x1a.Y\xb2D\xcc\xa3\x84\xa8\x03t\
F\xb2\xbd,\xfd\x85\xc7\x80-@\xda\xb0D\xe0QA\
\x9e\x8eP\x88\xac\xd8\xbb:\xff\xc1\x0b\xbd\xebn\xe7\xd5\
\x8b\xe0k\x90\xc0\xfc\xd5\x19\xf6\xa0\xfc\xa22\xbd\xaa\xa0\
E\xa0\xe2r\x05\xdd\xab\xca\xb6\x5c\xa1\x18\x8b@\xd9\xab\
2\x13\xeb\xecU\xf1\x08\xe0\x1e\xbd\xaa\x0f\xd1\xab\xfa\xb0\
\xb9\xb7\xee\x8a\xa7\x14y\xbd+7\x7fU^\xb0\xfd\xa1\
\xad\xb6\x9c|\xb1\xea\xd7\xab\x9f'!\xf6\x9c\x88}?\
\x08\x9e\xf9\xc1\xa3\x86R.%\x08\x9dAwh\x9b\xc4\
\x1c\xfc\x22M\x1b@cJ\x1b\x95\x08\xbc\x16\x10W\xfd\
JB\x92\xf0^\xdb\xa3\x9b\xea\xd5\xad\x97\xbav\xf0u\
\xaa\xe6E\xdd\x10\xa4\x06\xe2\x07\xc9\x9b\xaa\xdf\xcf\x13\x91\
\x7f\xde\x8a\xb2\x8a\xb2\x08\x94\xcb\x15\xe2\x5c\x04\xca^\x95\
=\xb1\xce^\x15/w\xe3\xefU\x1d\xf4\xe1!\xea\xc0\
\xf4\xc1\xaaI\x9d\xfbQ\x8a\xb2\x84\xf5\xf1RJ\xb5\x1e\
~\x83\xea\xdb\xbb\xaf(\xa5 \xccQC)\x97\x12\x84\
\xce\xa0;<\x8f\xc4\x1e\xfa\x8b\x0e\x07k\x80\xb4A\xb1\
\xc3n-\xbb\xb7\xbc\x0a\x83\x11\x91\x11\x97\xb9\x9f\x0d\x9e\
\xf2pW\xdf\xbb2?\x1a!5\x0a\x09\xdd\xbb\xa2H\
x\xcdu[VA\xcb\x15\x92^\x04\x9am\xb9\x82\xe9\
U\xd9\x13\xeb^\xaf*\xfdQ\xaf\x8a?\xb6\xcauW\
\x94\xb2\xb7\xbfNV\xe5\x09\xebe[Ju\x18\xd0\xa1\
 i\x0d\x1c8\xd0\xbb(\x80\x19\x1a\xf26I\xf4w\
\xae\x01\x87\x03m\x95\x98\x82_\x80/\xe4m+\xf0>\
\xd8k\x83\x92\x80\x13\xed\xec\xde\xe6#(?\xeca\x1d\
\xbb\xf8+\xf9\xcf[\x114\x12\xf6F(&\xd3\xbb\xca\
\xb6\x5c\xc1\xeeUqb\xbd$\x8b@\x85\xe5\x0a\xa6W\
e&\xd6?S\x7fd\xa6W\x95\xce\xf4\xaa\xf6\xad\xdb\
_5\xad\xfb\xb8\x93U%\x80\xb6\xfb\xe5\xa5'\xa8^\
}\xf2\x1b\x0a\xfa\xe1A*\xce/K\xb9\x95\x10t\x07\
\x1d\xe29%\xb6\xd0_p0\x98\x03\xa4\x0d\x89\x9d\xa5\
K\x97\xaa)S\xa6x\xe3vIHA\xb0wu\xc1\
\x03-\xf3\x9f\xb7\x22\x1c\x1a\xd5\xa7<\xc9\x98\x89\xf6\xa2\
-\x02\x15\x96+\x14m\x11hz\xef\xe5\x0av\xaf\x8a\
\xcb28Wu@\xfdA^\xaf\xca\xbb\xc2(\xcb\xc4\
\xcd]\x95?\xac'\xb4\xe1\x8b&\xfe|\xaf^\x16\x87\
}\x12\x1c\x8d\x18\xee\xbd\xf7^\xef`\x15sI\xca\xb1\
\x84\xa0C\xe8\x12m\x97\x22\x07?Xs\x01x\x07H\
\x1b\x11;\x9ch\xe7/5\x87\xed]QV7\xde\xd7\
&\xfcOr!y\xd9[a\x8f*\xb0W\x15a\x11\
\xe8^\xd7\xac\xcav%\xd0\x02\x17\x81\x8a\xbd*=\x04\
\xf4zU\x94\x94Ys\xe5dU\x19\xb0\xae^J\xa9\
\x9b\x87\xdd\xa2\xfa\xf7\xe9\xbf\x87\x90rA\x81\x99\x09x\
)\xc7\x12\x82\x0e\xa1K\xbc%RE\x0f~0\xd8\x1f\
\xd4\x02i\x03\x12\x81\x97\xce\xe0\x09\xa0\x92\x94$\xbc\x93\
E!\xab.\xbd\xba\xa8\x83\xd6}J\xae\xfcl\xe8\xde\
\x15{I\xecY\x95j\x11\xa8\xbfW\x95\xf7\x22P\xff\
r\x05\xdd\xab\xda\xaf\xfe\x13{\xf6\xaa\x88\x13VE\xf2\
\xa9u\x87\xaa^\xfd{\x89b\x0a\x82\x17\x08\x984i\
\x92\x98cq\xc1\x1e\x9dA?\xae\x05\xfb\x03m\x99\x22\
\x06\xbe\x80\x9c\x01^\xe3\x97%\x0dw\x92WSdw\
\xd6\x88\xc8\x88\xcb\xdc\xcf\x06\xcfx\xbf`\x22\x86\x82a\
~<\x82 yOH\x7f\xc3\x13U\xd0r\x85=z\
U\xbe\xe5\x0a\xf9.\x02\xcd\xf7J\xa0a\x17\x81\xb2W\
\xe5\x9fX\xdf\xa3WeDed\x15\xa6|\x1c\xa5\x85\
u\x856}\xf1C\x97\xa8\x01}\x07\x88b\x0a\x82K\
\x82\xb8\x02\x9e\xb9U\x22^\x03g\x00m\x99\x22\x05?\
\x10\xec\x03\xba\x02\xe9\x8bc\x87\xd2\xe2\xcftIB\x0a\
\x82\xb2\xbau\xe0\xdfU\xcd3\xba\x82\xa5\x8a\x97\xd0\x09\
\xcca\x1b\x85\x15f\x11\xa8t\xcd\xaa|\x16\x81J\xcb\
\x15\xb8\x08\x94\xcb\x15\x0a^\x04\xaa{Ufb\xdd[\
\xb2\xc0}3\x18a\x99[\xa9,\x1c\xe5\x0b\xff\xc8<\
\x97Rw\x0c\xf9\x87\xba\xb7\xef\xbd\xa2\x98\xfc\xb0we\
n9b\x91\xf2-A\xe8\x14\xbaE\xdb\xa6\x08\xc1\x0f\
\x03G\x81\xad@\xfa\xd2XY\xb6l\x99w(\x96\x05\
,I)\x08^S\xa8\xf9\xb2\xa3\x0b\x1b\xea \x819\
\xdck\x98X\xb7zUAW\x02\x8d\xbc\x08T\xb8f\
\x95\xe9UI\xcb\x15\x82\x16\x81\xda\xbd\xaa=\x86\x80\x06\
\xd3\xab\x22R\x198\xca\x1f\xd4\xe11+\xbf\xa4\xfa\xde\
\xdb\xd7\x93\x96-\xa4\x5cp>\x98\xe7\xe2Jy\x97\x10\
t\x0a\xdd\xa2m\x131\xf8A\x9a+\xc1\xfb@\xfa\xd2\
Xa\xef\x8a\x87b%!\x05\xd1\xa7G\x1f\xd5j\xf4\
\xefT\xcd\x9b\xa8\xd4\xb0\x09\x89\xd7s\xa8\xc5!`\xb6\
E\xa0\xd2r\x05\xd3\xab\xca\xb6\x5c!\x9fE\xa0\xa6W\
U\x8cE\xa0{\xf5\xaa\xec!\xa0\x8dT\x06\x8e\xca\x80\
\xf5\xf7VJ]5\xfej5\xb0\xdf@QLAp\
\x01\xb6\x94w\x09A\xa7\xd0-\xde\xb4S\xe4\xe0\x07\x81\
\x03\xc0d }a\xac\xb0w\xc5+'\xb2`\xfdB\
\xf2_\x13\xc8\x86\xd7\x10\xea\xd2\xb7Kf\x81h\xd8\x84\
\xe4\xeb\xf1W\x8bsK\xecY\x85]\x04j~\xb84\
\xca\x22P\xf6\xaa\xa2,\x02\xf5\x96+|\xe8\x9bX7\
\x98\xb9+#\xafBz\x9f\x8e\xf2\x02\xf5\xd8\xe4\x91}\
U\xcf\x81=\xf7\x12R.x\xa5\x13\xf6\xb2\x98k\xfe\
\xfcK\x02|\xefdp\x00\xd0\xd6\x89\x10\xfc\x10p\x1a\
xU\xfa\xb28\xc1wz\xb7\xec]IR2'v\
J\xf0|\xab\xf3\xa7\x5c\xe8]n\xd6KJ\xa9\x92\xb3\
\xc1\x04\x06\xec1QVfb\xbd\x92\x16\x816\xf4\xaa\
\xb8/R\xaf\xca\x16\x96T\x06\x8e\xca\x82\xf5\x88\xb6\xde\
r\xda\xc5\x91zY\xcc\xb9\x12\xf0*\xa0c\xb4u\x0a\
\x0c~\x00h\x02:\x00\xe9\x8bbe\xf9\xf2\xe5\xde\xdc\
\x15\x8f\x0cJR\xca\x06/\xc1q\xe7\xa0;U\xcdS\
\xa8\xc4Bz\x0f:\xc9\xd9\x8b\xf2\x86\x80\x09-\x02\xb5\
\x97+d\xbb\x12\xa8\xbfWeO\xac\xef\xb5\x08\xd4`\
\xa4Ex\xdf<WH\xd98\xca\x17\xd6\xe7\xd3)u\
\xf7\xfdw\xab\xfe\xfd\xfa{\x22b\xee\xd8b\xe2c\x09\
3\x97\xc5\x9c\x93r1\x01\xe8\x18\xbaF\xdb\xa7\x80\xe0\
\x9b\xc1\xe1`#\x90\xbe$v\xc6\x8e\x1d+J)\x08\
\x0a\xeb;sO\x09w\xfa\x8d\x0f\xf6R(\xa9\x8aX\
\x04\x8a^U\xe0r\x05\x83_Z\xc2~;*\x1c\xb4\
\xf9\xd3\x17\x9c\xa1\x06\xdc;@\x14S\x10<b(\xe5\
`B\xd01t\x8d\xb6O\x01\xc17\x83\x0b\xc1n \
}I\xacp\x8d\x08\x7f\xb9Y\x92R6(\xab\xbf\x0f\
\xb9-s\x05\xd1\x08=\x08\xce\x07\x99^URW\x02\
\xf5zU!\x17\x816\xf4\xaa\xa4\xe5\x0a~A9Y\
U?\xac\xdf\x17S\xea\xce\xa1w\xe5\x94\x16\xaf\x91e\
\xe0\xe3!C\x86xg\x92\xd8\xbd,\xdeO\x88\xdd\xe0\
B\xa0\xed\x132\xb0\xb15x\xf3>\xb8\xedc6>\
\x09\xf4\xc6{L\x980\xc1;?\x8a\x22\xb2\xcf\x97\xca\
\x06e\xc5\xb9\xab\x13\x17|3\xff\x1f@\xcdB\xf3\xf4\
\xe7\xbd\xb5UY\x17\x81\xd6g_\x04*-W\xc8w\
\x11\xa8\x99X\x17\xaf\x04\x9ae\xb9\xc2\x1er\xca&-\
#)'\xab\xea\x07m\xff\xdb\x8bNV\x83\xee\x1d\xb4\
\x87\x94\xf2\x81\xbf\xe9i\xe7`\xc2\xf4\x01\xfb\x00m\xa1\
\x10\xc17\x81#\xc1\x16 }x\xac\xf0\x8a\x0c\x1cW\
\xe7++\xc2\x13Ao\x1er\x8b\xaa\xf9'*-B\
\xef\x8ap\xc8\x95s\x11(zUa\xaf\x04j\x96+\
\xc4\xb6\x08T\x92\x96\xe9U\x11a_\x1dU\x06\xeb\x1b\
9p\xe7\x88\xbb\xd4\xc0\xfe\x03E1\x198\x821\xf0\
\xf1\xf0\xe1\xc3\xbd+9H9\x99\x00t\x0d\x9d\xa3-\
\x14\x22\xf8&p\x11`WM\xfa\xf0X\xa1\xe9y\x92\
\xa6$\xa6lPX\xc7/\xfcjdY\x11\x0e\xb5(\
\xaaX\x16\x81\xaa\x9fd]\xae\x10i\x11(\xf1K\x8b\
\xfbc\x84\xe5\xdbGG\x15\x83^\xd6\x89\x8b\xbf\xe9\x09\
\xcb\x96R.x\xbd,^\xc9A\xca\xc9\x04\xa0k\xe8\
\x1cm\xa1<\x83o\x00MA\x7f }p\xacp\xa1\
(\xcf&\x0f\xdb\xbb\xba\xf5\xfe\xbf\x17\xa5w\xe5\xbd\x1f\
p=\x15\x87\x80\xecUU\xcc\x22P#,\xbd\x0f\x0d\
\xf7\xa5\xfdtT/\xacs\xe4\xc2]#\xdb\xa9A\x03\
\x06\x89r\x92`/\x8b\xcb\x88\xb8\xc4A\xca\xcd\x04\xe8\
\xbfb\xc5\x0a\xbaG\xdb(\x8f\xe0\x8bAs\xb0\x0dH\
\x1f\x1a\x1b\xd8\xd8\x86\x85\xa2\x92\x98\xec^\x97\xb9\xd6\x0f\
\xb9\xb7\xf7\xbd\xea\xe4y\xa7F\x9e\xbb\xf2`e#\xf9\
)%o\x08\x88^U\xb6\xe5\x0aQ\x16\x81z\xd7\xac\
\xca\xb1\x08\xb4ab=\xd7\x22P\xbd\xcd\x0d\xcf\xf1\x96\
\xcf9Y5^\xdeO\xa93\x16\x9c\xa5\x06\x0f\x18,\
\xca)\x1b<)\x9aK\x1c\x98\x8b%`\x1bh\x0e\xb4\
\x8d\xf2\x08\xbe\x18\xfc\x1c\xbc\x0b\xa4\x0f\x8d\x0dJ\x8b?\
I\xe4\x17R\x10\xfd\xfa\xf4S\xed\x07\xb5\xf7N\x02-\
J\x82\xead\xa7t8_U\x16\x8b@\x8d\x98\x8c\x8c\
l\xcc\xf3\xb6\xb4\x9c\xac\x1c\xac\xffgS\xaa\xd3\xd0N\
^/\x8b\xc3=[L|\x9c\x0d^\xfb]\xca\xcf\x04\
\xa0s\xe8\x1em\xa3\x1c\xc1\x17\x82&\xa0;\x90>0\
V\xccd\xbb$\xa6l\xf0\x02f?\x9e\xfeSU\xf3\
\x1fT\x10\x93U\xaa\xbc\x02\xe0$w1\x17\x81f\xfb\
\xe1\xd2\xc8\x8b@\xcd\xf3\x06>\x16\xf6\xc7\xd1\xc8`;\
@N\x5c0\xab\xa5\x1a2p\x88(\xa6lp\xf2\x9d\
\xd7_\x97r4\x01\xe8\x1e:H[) \xf8\x22p\
\x08`H\x1f\x16\x1b+W\xae\xf4.\x7f\xcc3\xcd%\
1I\xb0w\xd5\xb9\x7fgU\xf38*\x87\xc9*U\
\x5c!\xe8\xc4\xa7\x94nV\x7f\xcb\x7f\x11h\x96\xe5\x0a\
{,\x02\x15\xaeYU\xf0\x22P\xde7\xdb\xebd\xe5\
\xf0\xc36\xf1XJ\xf5\x1a\xd2K\x14S6x~\xe1\
\xf4\xe9\xd3\xbd\x9c\x94r5f\x18t\x90\xb6R@\xf0\
E\xe0T\xf0:\xf0\x7fP\xacp\x1d\xd6\x88\x11#\xf6\
\x92\x92\xb9\x8e\x8f\x04/\x5c\xd6j\xc2\xefT\xcd;\xa8\
\x98b'+>\xef\xd3\xf5\x9f\xf5d\x15v\x11\xa8Y\
\xaeP\xd0\x95@\xc3,\x02\xf5#\xed\x87\xa3\xf1\xc2\xb6\
\xb2+\xa5\xae\x9e\xf8\x07\xb1\x97E1I\xf0\xdfjk\
k\xbd)\x9a$\xa5\xc5\xef\x02\xaf\x83S\x81\xb6R\x96\
\xe0\x0b\xf0&\xde\xb6\x06\xf5\xfe\x0f\x8b\x13|\x9f\xb7\xb2\
\x9d\x05\xe5\x97\x92}.\x94\x8d\xb9`\xd9\xa7\xd7\x1c\x91\
\xa9\x18\xa9\xc2\xa2\xa0\x85\xc1\x1e\x13e\x15v\x11\xa8\xd7\
\xab\x92\x96+\xe8^UQ\x16\x81RR\xe6\xb1\xc3\x91\
\x85#\xd7}N\x14S\x10C\x87\x0e\xf5\xa6h\x98\x9b\
\x09S\x0f\xe8 \xcfIYC\xbf`?0\x1eH\x1f\
\x14+\x5c{%\x89)\x1b<\xc1\xf3\xf6\xe1w\xa8\x9a\
WP)q\xf5.\xb4,\xd8\x8b\xa2\xacr-W\xf0\
/\x025\x13\xebR\xaf*\xebr\x05\xfd\x9d\x0dr\xb2\
\x9f3\x82\x22\xaeG\xe5\xc8\x07\xb6\x13\xe4\xc8]\xa3\xdb\
\xa9\xc1\x83\x06\x8br\xca\x06\xd7dI\xb9\x9a\x00t\x10\
]\xa4\xed$\x04\xff\x11\x1c\x03\x9e\x04\xd2\x87\xc4\x06\x87\
\x83#G\x8e\x0c\xecQ\xf9\xe1e4\xce\x9e\xfd\x83H\
'9\xe7\x05+\x1c\xb2\xe0\x90\xcf\x0c\x01\x13[\x04j\
\x0b\xca<6H\xdb\xeap\xf8\xe1R\x9fwS\xea\xc7\
\xf3~\xaa\xee\x1ft\xff\x1eB\xe2\x01.\xfb\xbe\x0d\x9f\
\xb3\x87\x85\x09C\x07\xd1E\xdaNB\xf0\x1f\xc1E`\
7\x90>$\x16V\xadZ\xd50\x1c\x94\xc4\x94\x0d^\
\xac\xacf\x07*#\x89\xe4\xe5w@\x18\x1c\xeaQV\
%Y\x04j\x90\xb6\xcf\xe1\xf0CQ\x19\xf8G\xfd\xb1\
\x94\xea3\xb4\xcf^b\x0a\xc2\x0c\x0b\x99\xa3R\xee\xc6\
\x08\x1dD\x17i;\xf9\x82\xff\xa0\xb9\x0bH\x1f\x10+\
\x85\x0c\x07\xff2\xf6ZU\xf36*\x82\xc9-UX\
\x1c\xe0\xbb8\x9c\xe3<\x957\x04\xf4\xf5\xaa\x0a^\x04\
\xaa\x85\xd8 (s\xdf\xfc\xbb\xb4-\x0eG6lY\
\x19a\xbd\x99R7L\xb8Q\x0d\xbdo\xa8\xb78\x94\
B\xe2m.8,\xa4\xb0J\xc0]\xa0\x86\xec\x15\xfa\
\x1f\x0e\x00\x93\x81\xf4\xe6\xd8`\x97s\xd4\xa8Q\x9e\x88\
\xfc\x97\xc0\xc8\x06\xcfD?i\xf1\xb7\x92\xefq\x18\xb9\
\xe0>\x05\xc4\xdeT\xd0\xc4\xba\x7f\x11h\xce\xe5\x0a\xfc\
l\xfb\xd6\xff\xfd\x0eG.\xfc\xb2zO\xf3\x9f\x94:\
y\xc9\xa9j\xd8\xe0a\xa2\x98$(5^\x8d\x94\x07\
\xc6\xa4\xdc\x8d\x19\xba\x88N\xd2\x96\xb2\x82O\x82\xa3\xc0\
\xe3@zsl\xf0\xecp\x16\x8c$\xa6lt\x1f\xd4\
]\xd5<\x89JHZXD\x10\x0c\xe7\xa38\xecc\
\x8f\x8aC\xc0\xac+\xd6\xf9\x1e#*[Z\xb6\xbc\xcc\
w\xf8\xbf\xd7\xe1\xc8\x85$*\x03{Y\x8f\xa7T\xef\
\xa1\xbd\xd5\xfd\x83\xef\x17\x05%\xc1E\xa4<\xbfW\xca\
\xdd\x98\xa1\x8b\xe8$m)+\xf8$8\x07\xec\x02\xd2\
\x9bca\xf5\xea\xd5\xde\x025\x9et)\x89I\x82\x17\
&\xbb\xa6\xf6/\xaa\xe6_\xa8\x80R'\xb6-\x18\xca\
\xcb\x96\x90\x81\x8f\xf9o\xfe\x7f7\xcf\x11>\xf6\x7f\xb6\
\xc3\x11\x86 Y\x19a\xbd\x91R\xd7Oh\x1dJX\
\xbc\xb0\x1f/U\xce\x5c\x95r8F\xe8\x22:I[\
J\x07\x9f\xd0\xdc\x08\xd2@zs,p\xfe\x8a]\xce\
\x5c\xc3\xc1\x86\xeb\xf7@V\x1c\x0e~c\xe9I\x99D\
\x97*\xaeT\xd8\x92\xf2\x0b\xc9l\xab\xfd\xef\xfe\xf7;\
\x1c\x85`\x8b*\x9b\xac\x0c\xef\xa6\xd4\xb7\x96~\xc7\x1b\
\x16RZ\x94Q\x10FZ\x9ccf\xbeRZ6\xd2\
sE$\x0dn\x045\xa4!\xf4\x13\xfb\x82\xe1@z\
clp9\x03/%cK)\x17=\xee\xeb\x91\xdc\
\xd1A\x87\xa3\x9c\xf1\xcb\xca\x8f-+\x9ek\xcb\xdb\xc7\
R\xaa\xdf\xf0~\xa2\xa0\xb2\xc1_]\xe7<\x96\x94\xc3\
1C'\xd1M\xdaV\x08>\x00\x87\x81\x0d@zS\
,\xacY\xb3\xc6[\xce\xc0\xf5\x1e\x92\x98$xA\xb2\
\xbf\x8d\xbe\xb5\xb0\x1fGu8\xaa\x09IP\x06[T\
FV\x86WR\xea\x8e\xf1\xffPC\x87\x0c\x15\xe5$\
\xc1N\x05\x977Hy\x1c3t\x12\xdd\xa4m\x85\xe0\
\x03\xf05\xb0\x13Ho\x8a\x05\x0ak\xea\xd4\xa9\xa2\x98\
\xec\xcb`\xd8\x8f\x07\xdf;X\x9d;\xabE\xfc\x8bE\
\x1d\x8erF\x92\x94!HVdWJ]0\xbb\xa5\
\x1a>d\xb8(\xa7l\xcc\x981\xc3\xcbY)\x97c\
\x84N\xa2\x9b\xb4\xad\x10|\x00Z\x82\xdd@zS,\
p\xfc\xcb\xf9+\xbf\xa0r\xf1?\x9b?\xed\x86\x83\x8e\
\xc6\x89$(\x9b\x5c\xb2\xda\x0d\xdeM\xa9O\xaf?\xc2\
\x93\x10{Y\xf7\xdf\x7f\x7f\x03~I\xd9L\x9a4\xc9\
\xcb\xdb$\xa5\x85\xef\xda\x0dZ\x82\x8c\xacx\x07\xff@\
n\xd2/\x10\xdfXl\xf8=\x5c\x7f\xc5\xab3PB\
\xe6\xecq\xe2\x17\x94\xf9\xf7\xfb\x06\xde\xa7:\x0e\xed\xe8\
\xfd\x8c\x91\x13\x96\xa3\xd1\x13FV\x14\x95\x81\xbf\x86\xfe\
lJu\x1f\xd5]\x0d\xbb\x7f\xd8\x1e\xc2\x0a\x82\xa7\xe9\
\xf0 \x19s7an\x02\x9e\xab\xbc\xff\x81}\xc0\x00\
 \xbd8\x16\xd6\xae]\xeb\xad\xbf\xa2\xb9mY\x05A\
a]3\xe1/\xf1\x5cJ\xc6\xe1\xa8$\xf2\x15\x95_\
V\xe4\xdf\xe0\xb5\x94\xbaa\xe2\x8dj\xc4\xfd#\xf6\x90\
\x12O\xc5\xc9\x06\xcf\xf5\xe5z,)\x9fc\x86n\xa2\
\xa3\x1a\x84u\x10\x98\x07\xa4\x17\xc7\x02\x855s\xe6L\
o\xc2]\x92\x93\x04\xaf\xe7\xf3\xfd\xf9?t\xf3W\x8e\
\xc6MTY\x91])\xf5\xa3\x05?Q#\x87\x8e\x14\
\xe5$\xc1\x89\xf79s\xe6x\xb9+\xe5t\x8c\xd0M\
tT\x83\xb0\x9a\x83'\x81\xf4\xe2\xd8\x988qb\xc3\
p/_\xdc\xfc\x95\xa3\xd1b\x8b*\x8a\xac\x08\x1e\x1f\
\xbe\xfeHQLA\xf0 \x99\x94\xcb1C7\xd1Q\
\x0d\xc2:\x0d\xbc\x09\xa4\x17\xc7\x02'\xdc\xc7\x8e\x1d\xdb\
 ,s\x89\x0b\xd3\xe3\xb2\x1f\x13^\xc7\xa7\xfb\xf0\xee\
\xc5\xfb\xa1\x09\x87\xa3\x92\x88\x22+[T\x84S*\xe4\
\xc9\x94\xea3\xba\x8f\x1a1l\x84\xd7{\xca\x05\x85\xc5\
\x1f\xa7\xe0\x1c4{Y\x09\xf2&8\x0d\xd4\xd4\xf0\x7f\
\xe0r\xf0\x1e\x90^\x1c\x0b\x5c\x84\xc6s\x94$9I\
PX\xb7\x8c\xfd\x9b\xaay\x0b\x05\xed\xe6\xaf\x1c\x8d\x89\
0\xb2\xb2E\x15$+\xb23\xa5\xeex\xe0\x1fy\x0b\
\x8b\xb0\x93\xc1\x89w)\xa7c\x84n\xa2\xa3\x1a\x84\xd5\
\x06H/\x8c\x85u\xeb\xd6y\xbf\xc8\xc1I>IN\
\x12\xbc\xf0\xd8\xc53/\xc9T\x90\x13\x96\xa3\xd20\xe7\
\x90\x12\xfb\xb1\xffu~\xf2\x15UXY\x91\xd7S\xea\
\xf2\xd9W\xa8Q\xc3F\x89r\x92\xe0UU\xf8#\xab\
R^\xc7\x0c\x1d\xd5 \xacn\xfa\xc9D\xa0\xb08y\
\xc7+4Hr\x22\xfc7\x03{WC\x07\x0eU'\
-/\xc1\xe5d\x1c\x8e \xb2\x89(\x1f\xfc\x9f\xe5\xa7\
X\xb2\xf2\x8bj\xd7G\x9c\xbc\xecT5z\xe8ho\
\xb4C!\xf16\x08\x1e)\x9c?\x7f\xbe\x97\xc3Rn\
\xc7\x08\x1d\xe5\x09k?0F?\x99\x08\xdcYN\xde\
\xf9\xc5\x14\xc4\xa0\xc1\x83\xd4A[?\xe5\x84\xe5H\x06\
[*\xb6d\x8a\x85\xff\xfbllQ\x85\x95\x95-\xaa\
\x1c\xb2\xe2\xd5N\x0e\xd9t\x98\x1a6\x22\xb7\xa8l\xf8\
\xcb\xec\xcc\xe1\x84\x19\x03\xf6\xab\xc1\xff\x0e\x01\x0b\xf5\x93\
\x89@iq\xf2._a\x0d\xb9o\x88\xea9\xac\xa7\
\xb7\xd8\xcd\x09\xcb\xb1\x07\xb6\x00l!\x94+\xfe\xed\xf7\
\x93\x94\xac\x0c\x8f\xa5T\xdf1}\xd5\xc8\xe1#E9\
\xf9a/\x8c\x9d\x0d)\xafc\x86\x8e:\x84\xc2:\x12\
<\xaa\x9fL\x04\x1ee\xe0\xaa\xd9\x5c\xc2\xe2e-x\
Ka\xb5\x1b\xd3\xde\xbb\x96\x8f\x9b\xbfj\x04\xf8\x13\xdc\
~\x5c\xc9\xf8\xf7\xd3O\xa1\xa2\x0a++^V\xdc\xf0\
bJu\xae\xed\x22\x0a\x8bg\xa1\xd8\xf7\xcdc.G\
\xe2\x91~)\xb7c\x84\x8e:\x92\xc2:\x11\xbc\xac\x9f\
L\x04.i\xe0\xe4\x9d\x91R.x\xed\x9e?M\xfe\
s\xe6\x94\x02'\xac\xca\xc5\x9f\xbc\xf6\xe3j\xc7_\x16\
~\xe2\x92\x95-*\xbf\xac\xc8\xce\x94j=\xe5\x065\
j\xc4\xa8\x06)\xe5\x82\xe7\xff\xb2\xd3!\xe5v\x8c\xd0\
Q'RX-\xc0[\xfa\xc9D\xe09\x844\xb5_\
L\xf6\x89\x96\xf6c\x9eU~\xe1\x9c\x8b2\x95\xe7\x84\
U~\xd8Ii'\xa9#\x83\xbf\xbc\xfc\x14KV\xb6\
\xa8\xf2\x91\x15\x97\x08\xbd\x9aR\xbf\x98\xf3K5f\xc4\
\x18QN6\x9cp\xe7\xadY\xda \xe5v.\xd6\xaf\
__(o\x81\x16\x14V+\xb0\xdb\xfe\xd08\xe1\x97\
sI\x03\xc7\xc2\xb6\xa0\x82\x181x\x84:e\xf9i\
n\xfe*\x09\xb2%\x9c\xf4\xbc#\x18\x7f\xd9\xfa\xb1E\
\x15VV\xb6\xa8\x0a\x91\x15\xaf'G\xdeH\xa9\xb3\x96\
\x9c\xad\xc6\x0e\x1f\xabF\x8c\xfaHLA\xf0b~\xbc\
\xf0\xa6%\x93$\xd8\x0dZ\xd5\xe0\x7f7\x80\x0f\xf4\x93\
\xb1\xb3a\xc3\x06\xef\xa2}\x5c5+\xc9I\x82=\xac\
\xa36|\xde\x09+\x0a\xfeD\xb2\x1f;\x8a\x8f\xbf\xfc\
\xfd\x84\x91\x95-\xaab\xcaJ\xf3\xa55_VcG\
\x8e\x15\xe5$1z\xf4h\xef\xc2\x05\xcce)\xc7c\
\x82\x8e\xba\x81\xc2j\x0f\xd2\xfa\xc9\xd8\xe1N\xf2\xb0\xa8\
$&\x09^\xafg\xd0\xb0A\xea\xe3\xdb\x0fp\xc2\x92\
\xb0\x13\xc4N\x18G\xe9\xf0\xd7\x91\x9f|E\x15UV\
9D\xe5\x1d\xc4\xc2\xed\x81\x9b\x0eR\xc3\xc6\x0cS\xa3\
G\x8e\xf6\x84\xc4\xf9\xe5\x5c\xb0\xd3\x91\xb0\xb0\xe8\xa8\xf6\
\x14V?\xeb\xc9\xd8\xe1N\xf2Wr(#\xfb\xb2\x16\
\xfe\xc7\x06^\xaf\xa7\xcf\xc8>\xaa\xe6\x19\x14nc\x11\
\x96\xbf\xf1\xdb\x8f\x1d\xe5\x8d\xbf.\xfd\xc4%+[T\
\xf9\xcaJ\x0b\xab\xe6\xd1\x94\x1a8f\xa0\x1a3j\x8c\
('?\x94\x1a\x7fE'aa\x91~\x14\xd6\x18\xdf\
\x93\xb1\xf3\xd0C\x0fe\x15\x94\x1f\x0a\xab\xdb\x98n\xaa\
\xe6e\x14l\xa5\x0b\xcb\xdf\xb0\xed\xc7\x8e\xca\xc7_\xdf\
6\xb6\xa8\xa2\xca\xca\x16U\x14Y\x91\xd7\xc1\x13)\xd5\
{\x5c\xefP\xc2\xe2\xa5\xa1(\xac\x84\x19S\x83\xff\xcd\
\xf2=\x19\x08\x85#=\x9f/|?\x7f2(\x8c\xb0\
:\x8e\xeb\x94)\xe8r=Bh7X\xbb\x01;\x1a\
\x07\xfe\xf6\xe0'\x8a\xaclQE\x95\x95-*\xf2\x1a\
\xa0\xb0\x9eK\xa9\x1e\x13z\x88\xc2\xe2|\x95}\xdf<\
\xe6()\xaa\x0b\x0a`\x16\x85\xb5\xda\xf7d\xac\xf0H\
!W\xb9K\xc2\xe2D\xbc\xff\xf1\xf0\xa1\xc3\xd5\x9d\x13\
\xee\xcaTF\x92\xc2\xf27H\xfb\xb1\xc3a\xf0\xb7\x1b\
?ade\x8b*\xac\xac\x82D\x95MVFX/\
\xa6T\xc7I\x9d\xd4\xd8\xd1c\x1b\xa4\x14\x04\x85\xc5\xd5\
\xee%\x10\xd6j\x0ak\xbb\xef\xc9X\xe1i9\x0f<\
\xf0@\x83\x90rAa\xdd8\xa9M\xa6\xc2\x8a!,\
\x7fc\xb3\x1f;\x1ca\xf0\xb7-?\xf9\x8a\xaaT\xb2\
\xb2\x84u\xcb\x94\xbf\x85\x12\xd6\x94)S\xbc\xce\x87\x94\
\xe31\xb2\x9d\xc2z\xca\xf7d\xacpI?O\xcb\x91\
\xe4$\xc1K\xb8\xfe\xdf\x8c\xab2\x95\x98MX\xfeF\
d?v8\xe2\xc0\xdf\x06\xfd\x14KVA\xa2\x8a*\
\xabW5/\xa7\xd4\x9ff\xfeY\x8d\x1b=\xce[c\
\x95\x0bJ\x8b\xbf\xa0Cam\xdc\xb81I\x9e\xaa\xc1\
\xff\x9e\xf7=\x19+\x14\x16W\xcaRF\xe6\x1a;6\
\x92\xb0.\x9d{Y\xa6\xa2),\xa9\xf18\x1cI\x22\
\x09\xca`\x8b*\xac\xaclQE\x95U\x90\xa8lY\
\x91\x97R\xea\xb7sZ\xa9\xf1c\xc6\x8b\x82\x92\xe0\xf9\
\x84%\x10\xd6\xf3\x14\xd6+\xbe'c\xc5\x08K\x92\x95\
\x04/.v\xf1\xc2K2\x95\xef\x84\xe5(%\x92\xa0\
l\xc2\xc8\xca\x16U)eE\xd0\xc3\xbal\xde\xafB\
\x09\x8b\xf3\xd0\x9c\xde\x91r<F^\xa1\xb0\xde\xf0=\
\x19+\x14\x16w\xd8\x08\xc9\x9c\x0dN\xfc\x8f\xc9\xe8\xe1\
\xa3U\x8bE\xe7g\x1a\x80\xd4\x88\x1c\x8e$\x90\x04e\
\x93\xaf\xa8\xa2\xca*HT\x85\xc8j'\xf8gJ]\
4\xef\xe7\x95 \xac7(\xacw|O\xc6\x8a\x11\x96\
_L\xd9\xa0\xb0~\xba\xf4<',G\xe9\x90\x04e\
\x13\x97\xaclQE\x95\x95_T6\xaf\xa4\xd4\xf9\x0b\
.T\x0f\x8c}\xc0\x1b\xfd\xe4\xc3\x84\x09\x13J!\xac\
w(\xac\xf7|O\xc6\x0a/K\x11VX?Xv\
N\xa6aH\x8d\xc9\xe1\x88\x13\xbf\x9cllQE\x95\
\x95-\xaa\xa8\xb2\xb2E\x95KV\x04C\xc2\xf3\x16\xfd\
LM\xa8\x9d\xe0\x1d\x10\xcb\x07\x0a\x8bsX\x9b6m\
J\x92\xf7j\xf0\xbf:\xdf\x93\xb1b\x0b\xcb\xbetE\
6x\xd9\x8b3W~\xcf\xcd_9\x92E\x12\x94M\
\x14Y\xd9\xa2\x8a*+[T\x05\xca\x8aC\xc2\x1f.\
\xf9\x91zp\xec\x83\xa2\x9c$L\x0fK\xca\xf1\x18\xa9\
+\x99\xb0$9I8a9\x12G\x12\x94M\x18Y\
\xd9\xa2\x8a*+[TQeEQ\x19 \xac\x1f-\
\xfeI\xc5\x08\xeb=\xdf\x93\xb1b\x8e\x12Jr\x92\xa0\
\xb0\xdc\x90\xd0\x91\x18~9\xf9\xc9WTQee\x8b\
*NY\x91\x17\xc3\x0f\x099\xe9^\xaa!\xe1;\xbe\
'c\x85V\x0e+\xacs\x97\xb5\xc84\x10\xa9\x819\
\x1c\xc5B\x12\x94M\x5c\xb2\xb2E\x15UV\x92\xa0l\
\xfc\xb2B\xef\x8a\xeb\xb0.\x5cp\x91zp\xdc\x83j\
\xdc\xb8q\x0dPL\xf6c\x1b\xae\xc3\xe2\xa99\x9b7\
o.*t\x84\xf4\xbc\xe6\x1d\x0a\xeb\x0d\xe1\x1fb\x83\
VfAPF\xe6\x82`\xc4\xff\xd8\xc0\x0b\x8b\xfdl\
\xf1\x05NX\x8ex\x91\x04e\xb0E\x15UV\xb6\xa8\
\xa2\xca\xca\x16UXYQT\x86\x17R\xea\x92\x05\x97\
\xee%\xac \xb8\xd2=\x0ea\xe5\xe0\x8d\x1a\xfc\xef\x15\
\xdf\x93\xb1\xc2\x9d\xe4E\xec%9IPX\x97,\xbe\
4\xd3P\xdc<\x96\xa3\xd8H\x82\xb2\x89\x22+[T\
Qee\x8b\xaa\x98\xb2\xd2\xc2\xfa\xd5\xdc_\xef%,\
\xe6\xa9\xc1\xff\x98\xe7\x12\xf2T;)\xc7c\xe4\x15\x0a\
\xeby\xdf\x93\xb1Ba\xf1\xe4gIN\xc4\x5c\xca\x82\
\xf0q\xed\x88Zu\xf9\x82+T\xcd\xfb(X',\
G1\x91\x04e\x13$\xab Q\x85\x95U\x90\xa8\xa2\
\xca\xca\x16\x95$+\x0c\x07yy\x99V\xf3~\xaf&\
\x8e\x9f\xb8\x87\x94\x82(\x91\xb0\x9e\xa7\xb0\x9e\xf2=\x19\
+\x14\x16'\xec\xfcr\xcaF\xed\xa8Zu\xd5\xec\xab\
3\x8d\xc4\x09\xcbQ,$A\xd9d\x13UTY\xd9\
\xa2\x8a*+IP6\xb9d\xf5\x22\xd0\xc2\xbav\xd6\
uy\x09\x8b\x9d\x0d\xde\xf2\xf22\x5cW\xf9\xf0\xc3\x0f\
'\x06\xfc\xf1\x14\x85\xb5\xdd\x16J\x1c\xd8_\xca\x9d\xe4\
\x05\xfc(#\xffe+\x88$\xac\x9b\xa7\xdf\x92i\x08\
NX\x8eb \x09\xca\xa6X\xb2\xb2EU\x8e\xb22\
\xc2z6\xa5n\x9b~\xbbz\xf0\x81\x07\x1b\xa4\x94\x8b\
\x193fx\x13\xe4vn'\xc0\xf6\x1a\xfco\xb5\xef\
\xc9X\xe1N\xd2\xce\xd9\x84\xe5\x87\xd7\xe8\xb9gRG\
',Gq\x90\x04e\xb0E\x15VV\xb6\xa8\xa2\xca\
*HTae\x95MT\x86\x17\xc0\xd3)\xd5uJ\
7OX\x92\x9c$xMw\x7fg$\x01VSX\
\xb3|O\xc6\x0aw\x92v\x0e#\xac\xee\x93zd*\
\xd5\x09\xcbQ(\x92\xa0l\xc2\xc8\xca\x16U9\xc9\xca\
\x16U\xbe\xb2\x22\x8f\xa7T\xbf\x87\xfay\xc2\xe2\x82P\
\x03\xc5d?\xb6\x9f\x9f;w\xae\x98\xdf13\x8b\xc2\
\x1a\xe3{2vhg[X\x5c\xf9n\xf0?\xae\x1d\
S\xab\xfa>\xd87S!i 5F\x87#\x08I\
P6\xf9\x8a*\xaa\xac\x82DU*Y\xf1\xfe\xf6\x94\
\x1a4y\x90\x9a8a\xa2((?\x14\xd6\x82\x05\x0b\
\xc4\xdc\x8e\x991\x14V?\xdf\x93\xb1\xb2e\xcb\x16\xef\
7\xcd\xfcb\xca\x06\x855\xf0\x81\x81\x99\x82u\xc2r\
\x84E\x12\x94M\x5c\xb2\xb2E\x15UV\x92\xa0l\x0a\
\x95\x15y\x1eli\xaa\x86M\x1e\x96UX<Hf\
0\xcf\xf1\x87T\x99\xcb\xc4\xe4u\x02\xf4\xa3\xb0\xda\x83\
\xb4\xf0\x8f\xb1\xb1p\xe1BQN\xc4\xbe\x84\x05\xa1\xb0\
F\x8e\x1b\xa9\xf6\x7f\xb2\x99\x13\x96#\x1c\x92\xa0\x0c\xb6\
\xa8\xa2\xca\xca\x16UTY\xd9\xa2*\xb6\xaclQY\
\x1c\xb2\xfe05\xee\xc1q{\x88)\x17K\x97.U\
[\xb7n\x15\xf3;&\xe8\xa8\xf65\xf8\xdf\x0d\xe0\x03\
\xfdd\xecp'\xf9\xbb\xfc\x5c\xed\xee\x97S6x\x9d\
\x9e/l9\xd6\x09\xcb\x91\x1f\x92\xa0l\xa2\xc8\xca\x16\
UTY\xd9\xa2\x8a*\xab Q\x05\xc8\x8a=\xac\x13\
V\x7f]Myp\x8a(&\x09\xaer_\xb9re\
\xd2\xc2\xa2\xa3n\xa0\xb0Z\x81\xdd\xfa\xc9D\xe0\x15\x1b\
x\xf8T\x92\x93\xc4\x841\x13\xd4\x99k\xdd\x15\x1b\x1c\
y \x09\xca&\x8c\xaclQE\x95\x95-\xaa\xa8\xb2\
\xb2E\x15EV\xe4\x99\x94:g\xe9\x8f\xd5C\x13\x1e\
\x12\xe5$\xc1eI<'X\xca\xed\x18\xa1\xa3ZQ\
X-\xc0[\xfa\xc9D0\xab\xdd%9I\xb0\x87u\
\xe9\xe2\xcb2\x0d\xccI\xcb\x91\x0dIP6\xf9\x8a*\
\xaa\xaclQ\x95\xb3\xac8\x7f\xf5tJ]\xb9\xf0w\
\xea\xa1\x89\x0fy'4\xe7\x82\xc2\xe2/\xb7s=%\
{XI\x01o\xd0Q-(\xac\x13\xc1\xcb\x14\x89\x8d\
\xf4\xa6b\xc1\xb5X\xecVRF\xf9\x0c\x0d)\xac\x1b\
g\xb7\xc94$',\x87\x84$(\x9bb\xc9*H\
TQe%\x09\xca&\x8c\xac$A\xd9<\x0b(\xac\
\xa7R\xea\xef\xb3o\xcb[X\x84\xcb\x92\xb8<I\xca\
\xed\x18y\x19\x9cX\x83\xff\x1d\x09\x1e\xd5O&\x02\x8f\
*L\x9b6\xcd\x93\x11\x85\x95\x8b\xf1\xb5\xe3U\x8f\x87\
z\xaa\x9a\xb7P\xc0NX\x0e?\x92\xa0\x0c\xb6\xa8\xc2\
\xca\xca\x16UTY\x05\x89*\xac\xac\x82D\x95\xaf\xac\
\x8c\xb0\x1eK\xa9~S\xefU\x93'N\x16\xe5\xe4\x87\
=\xac9s\xe6x9,\xe5v\x8c\xd0QGRX\
\x87\x80\x85\xfa\xc9D`\x0f\x8ek\xb1\xf2\x11\x96w\x96\
8\x845\xe4\xc1!\x99\xcap\x13\xef\x0e\x83$(\x1b\
'\xab\xbd1\xb2\x22\xcf\x81\x87\x9b\xaa\x11\x93Fd\x15\
\x16GB\xfe\xe7\xb8\x06K\xca\xeb\x98\xa1\xa3\x0e\xa1\xb0\
\xf6\x03c\xf4\x93\x89\xf0\xc8#\x8fxK\x1b\xfcb\x0a\
\xa2v|\xad:t\xc7g\x9c\xb0\x1c\x19$A\xd9\x04\
\xc9*HTae\x15$\xaa\xa8\xb2\xb2E\x15UV\
\xb6\xa8,\x9a\xaf;\xbaAL\xf9\xc2%\x0d\xcca)\
\xb7c\x84\x8e\xda\xaf\x06_Liu\xb3\xfe!v\xb8\
\xb3+V\xac\xf0&\xde%9IL\xac\x9d\xa8N]\
\x7f\xba\xaa\xf9\x10\x05-5`G\xe3A\x12\x94M6\
QE\x95\x95-\xaa\xa8\xb2\x92\x04e\x93\x80\xac8\xe1\
\xfe\xfd\xe5?T\xd3&N\x13\xc5$\xc1\xcb\xca\xf0(\
?s8a\xbam\xdb\xb6\xad\xc6\x13\x16hc\xfdC\
\x22\xf0\xca\xa3\x1c\x0f\x9b\xcbV\xe4\x82\x97\xbe\xb8r\xe9\
\xef\xdcu\xb1\x1a;\x92\xa0l\x8a%+[TQe\
e\x8b\xaa\xd8\xb2\x92\x04e#\x89\x8a<\x03\x9eH\xa9\
\xab\x17\xfcAM\x9b<\xcd[\xaa@(%s_\x82\
\x17.\xe0u\xb0\xa4\x9c\x8e\x19:\xaaAX\x97\x83\xf7\
\x80\xf4\xc2X\xe0Q\x06\xdaZ\x92\x93\xc4\x84\xf1\x13T\
\x87\x19\xf7d\x1a\x93\x13V\xe3C\x92\x93\x8d-\xaa\xb0\
\xb2\xb2E\x15UV\xb6\xa8\xa2\xca*HTQdE\
(\xac\xc7R\xaa\xfb\x8c\x1e\xea\xa1\xc9\x0f\x89r\x92\x98\
9s\xa67\xe1.\xe5t\x8c\xd0MtT\x83\xb0N\
\x03o\x02\xe9\xc5\xb1\xc0\x89w\xee<\x87{\x92\xa0\xfc\
PXC&\x0d\xc9T\x9c\x9b\xc7j\x5cH\x82\xb2\x09\
#+[T\xe5$+[TQe%\x09\xca\xe6)\
\x80\xe1 \xcf!\x1c9u\xe4^\xc2bG\xc2`?\
\xe6}\x9e\x07l\xa6u\x12\x84n\xa2\xa3\x1a\x84\xd5\x1c\
<\x09\xa4\x17\xc7\xc6\xfc\xf9\xf3E9qn+\x1bG\
>\xf69'\xac\xc6\x84$(\x9b|E\x15UVA\
\xa2\xaa4Yia\x1d\xbb\xf6+{\xc8)\x1f\x96,\
Y\xa2\xb6m\xdb\x964O\x82\xe6\xa0AX\x07\x81y\
\xd6\x0b\x12a\xf9\xf2\xe5\xde\x99\xdf\x92\x98$&\x8f\x9f\
\xac\xce_}\xa1\x9bxo,H\x82\xb2\x89KV\xb6\
\xa8\xa2\xcaJ\x12\x94M)dE\x9eH\xa9_,\xf9\
\xa5\x9a1y\x86(&\x03W\xb5\x9b\xfb\x9c\xbf\xe2\x84\
\xfb\xf6\xed\xdb\xc5|\x8e\x11\xba\xe9 PS\xc3\xff\x81\
}\xc0\x00 \xbd868y\xc7I>[J\xe6\xf2\
\x15\xf6}\x03/\x7fq\xfb\xdc;T\xcd\xbb(p7\
\x8fU\xddH\x822\xd8\xa2\x8a*+[TQee\
\x8b*\xaa\xac\xc2\x88\x8aH\x822\xd8\xa2\x22O\x82\x1d\
)u\xd7\x9cvj\xdaC\xd3\x1a\xc4\x94\x8b\xe9\xd3\xa7\
{g\xa9H\xb9\x1c3t\x13\x1d\xd5 ,r\x13\x90\
^\x1c\x1b\x9c\xc7\xe2\x8awIN\x12\x14\xd6\xa0)\x83\
2\x95\xed\x86\x85\xd5\x89$(\x9b(\xb2\xb2E\x15U\
V\xb6\xa8\xa2\xca\xca\x16U\xdc\xb2\x22\x9c\xbfz\xb8\xa9\
\x1a9c\xa4',IN\x12\x5c\xe1\xce\x9c\x95r9\
f\xe8&\xcfS^\xe8\x07-\xc1n \xbd!\x168\
\x8f\xc5I\xbc|\x85eh\xbe\xe3h'\xacjD\x12\
\x94M\x18Y\xd9\xa2\x0a+\xab QE\x95\x95-\xaa\
\xa8\xb2\x92\x04e#\xc9\x8ap\xfej\xf5WD)\x05\
\xb1x\xf1b1\x8f\x0ba;\x86\x95\xf9\x80\xd7\xd2I\
tSFV\x0c>\x00_\x03;\xc1^\x1f\x1e\x17\xdc\
 ^\x1bK\x92R6&O\x98\xac~\xb9\xe2\xf2L\
\x03v\xc3\xc2\xea\xc1/'?\xf9\x8a\xca\xc9*\x83$\
*\xc2\xe1\xe0\xe3)\xf5\xbb\xc5\xff\xabfN\x9d\xe9\xcd\
K\xe5\xcb\xaaU\xab\xf6\x12J\x02\xec\x04_\x03\xdaV\
\x08>\x00\x87\x81\x0d@zSl\xf0R3<\x5cj\
\xae\xb5\x93\x0b^h\xac\xeb\xacn\x99\xc6\xe5\x84U\x1d\
H\x82\xb2)\x96\xac\x82D\x15UV\x92\xa0l\xc2\xc8\
J\x12\x94\x8d$(\x1bIT\x06\x0ak{J\xf5\x99\
\xd3WM\x9f:]\x14\x93\x04\xaf\xd0\xc0K\xca0g\
\x13\x86N\xa2\x9b\xb4\xad\x10|\x00\xf6\x05\xc3\x81\xf4\xa6\
\xd8\xe0\x9a\x0e\x16\x06e\xe4?\xc9R\x82'i\xd6N\
\xa9\xcd\x9c\xb8\xe9\x86\x85\x95\x8f$(\x83-\xaa\xb0\xb2\
\xb2E\x15UVA\xa2\x0a+\xab QE\x95\x95_\
N~(+\xdc~l\xe3\xfej\xc2\xf4\x09\xa2\x98l\
8\xbfl\xee\x9b\xf5W\xcc\xd9\x84\xa1\x93\xe8&m+\
\x04\x1fhn\x04i \xbd16x\x22t\xbe\xc2\x22\
\xbcv\xcf\x99\x9b\xdd\x15H+\x1aIP6\xd5 +\
[T\xe5 +\xf2DJ\xfdh\xd9O\xd4\xaci\xb3\
\xbc\x1e\x16\xa5\x94\x0f\x9c\xbaa\xae&\x0c]D'y\
~\xda#\xf4\x93\xe7\x80]@zs,<\xfa\xe8\xa3\
\xde\xd8\x98\xcb\x1b$9IPX\xff\x98\x7fg\xa6q\
:iU\x1e\x92\xa0l\x0a\x15UXY\x05\x89\xaa\x9c\
d%\x09\xcaF\x12\x94\x8d\x91\x15\xc1p\xb0\xc3\xbc{\
<a\xf9\xa5\xc4e\x0b\x06\xfb1G@<\xf7\x97\xb9\
\x9a0\xbb\xc09@[\xca\x0a\xc8\x83\x1c\x05\x1e\xb7\xde\
 \x82\xd7\x88\xcf\x17\x8a\xb9\xa0\x1f\xa5\x95/\xa3\xa6\x8c\
\xcaT\xb4\x1b\x16V\x16\x92\xa0l\xe2\x92\x95-\xaa\xa8\
\xb2\x92\x04eS.\xb2\xb2EE\xd0\xbb\xdag\xe3\xbe\
\xea\x81\x99\x0f\xec!\xa7\x5c\x98\xe5\x0cR\xee\xc6\x0c]\
t\x14\xd0\x96\xb2\x82O\x82\x03\xc0d \xbd96x\
\xc4\x90\xbf$\xcb\xde\x93$'\x89\xa9\x93\xa6\xaa\xb37\
\xfd\xc0\xf5\xb0*\x09IP6\xc5\x92\x95-\xaa\xa8\xb2\
\xb2EUlYI\x82\xb2\x91\x04e\xc3\xf5T\x92\xa8\
\x88_V;\xc0c)u\xee\xf2\x16j\xf6\xf4\xd9\xa2\
\x98\xb2\xc1\xe5\x0c\xdb\x8b\xdcI\xc9\x13\xba\x88N\xd2\x96\
\xb2\x82Oj\xee\x02\xd2\x9bc\x85\xa7\xe9Hb\x22\xe6\
\xa4Lb\x1e\xf3\x84\xcd\xf6\xf3\xeev\xab\xde+\x01I\
N6\xb6\xa8\xc2\xca\xca\x16UTY\xd9\xa2\x8a*\xab\
 Q\x05\xc9\x8a\x07\x93xk\xa4\xc4\xc7\x84r\xcaF\
>\xb2B\xef\x8a\xc3\xc1.s\xbb\x86\x12\x16\x87\x83<\
\x1dG\xca\xd9\x04\xa0\x8b</\x89\xa1\xff\xf1\x22\xb0\x1b\
H\x1f\x10\x1b\x5c\xf2\xcf\xa3\x11\xb6\x9cr1~\xea\xf8\
\xccu\xa9\xdd\xb0\xb0|\x91\x04e\x13FV\xb6\xa8\xca\
IV\xb6\xa8\xf2\x95\x95\xfd\xd8HIB\x12\x94M\x90\
\xac(*\x03\x84\xb5\xff\x86O\xa8I\xb3&y\x12\x0a\
\x82WQ!\xbco\x86\x83\x8f=\xf6X\xa2\xc0\x09t\
\x10]\xa4\xed$\x04\xff\x11\x1c\x03\x9e\x94>$N\xb6\
\xa3\xcb\xc9C\xa7\xfe\x1eU6x\xfe\xd3\xf4I\xd3\xd5\
\xc5k/\xc9\x9c\x0c\xedzY\xe5\x87$(\x9b|E\
\x15UVA\xa22\xb2z\xdd\xc2/+?\xafX\xf8\
e\xf5\x92\x0f[L~$A\xd9H\x82\xb2\xb1E\xf5\
8\x08\x90\x15\x87\x83\xbfYr\xa5\x9a;sn\x83\x90\
\xf2\x81Wg\x80\x0f\xc4\x9c\x8d\x19:\xe8\x18\xa0\xed$\
\x04\xff\x11\xec\x07\xc6\x03\xe9Cb\x85\xbf&K\x11\xd9\
R\x0ab\xea\x94\xa9\xaa\xff\x9c\x01\x99\x06\xe7zY\xe5\
\x85$(\x9b\xb8de\x8b\x8a\xf0\x97\x96l\xfc\xb2\xb2\
E\x95KV\xb6\xa8J)+[T\xb9dE\xf8\xef\
\x0f7UC\xe7\x0dU\xb3g\xce\x16\xc5\x94\x0d\xfe`\
\xaa\x94\xab\x09@\x07\xd1E\xdaNB\xf0\x1f5\xadA\
=\x90>(6x\x15R\x8e\x9b%9\x05\xf1\xa5G\
\xbf\xeczX\xe5\x84$(\x83-\xaa\xa8\xb2\xfa\x97\x8f\
(\xb2\x92\x04e\x13FV\x92\xa0l$A\xd9H\x92\
2\xf8ee\x8bJ\x92\x95\xe6\x9b+\xbf-\x0a)\x08\
\x1e\x08+\xc5p\x10\xd0=t\x90\xe7\xa3\xc0\xd0/:\
\x15\xbc\x0e\xa4\x0f\x8b\x0d\x0e\x0b\xf9\x13B\xf9\xf4\xae\x0c\
\xd3\xa7LW7/\xbd\xc5M\xbe\x97\x03\x92\xa0lr\
\xc9\x8auh\x93MTQee\x8b*\xaa\xaclQ\
E\x95\x95$(\x9bBd\x85\xa1`\xcd\xb6\x94\xbak\
a\xbb\xd0\xc3A\xfe:N>\xc3\xc1\x1d;v\x14\x15\
|&\xddC\x07i+\x05\x04_\x04\x0e\x01+\xc0^\
\x1b\x17'\xdc\xd85k\xd6xg\x86SF\xfe\xb3\xc5\
%xy\x8c\xda\xe9\xb5\x99\xc6\xe2\x86\x85\xf9\x11\xc7\x05\
\x10%A\xd9\xf0\xc7Cl\x82de\x8b*\xac\xac\x82\
D\x15UV\xb6\xa8\xc2\xcaJ\x12\x94\x8d$(\x9b \
YI\xa22<\x9aR\x07n8HM\x993E\xcd\
\x9a5+o\xf8\xbb\xa1\xbc^\x9d_&\x09\xb1\x02\x1c\
\x02\xb4\x95\x02\x82/\x82U\x9b\xe0\xb6;\x90>,V\
x\xc9\x19\x16\x16ed\xcec\xca\x05\xcf:\xbfr\xdd\
\xef2\x89\xd1\x98{Y~\x11\xf1q)\x08\x92U\x90\
\xa8\xcaIV\xb6\xa8\xcaIV\xb9\xe6\xablt\xef\xea\
\x0f\x8b\xff\xa8\xe6\xcd\x9a'\x8a\xc9\x86yGx\x9f\xa7\
\xcbq}\xa4\x94\xa3\x09@\xf7\xd0A\xdaJ9\x82/\
\x04?\x07\xef\x02\xe9\x03c\x85\xe7-Ib\xca\x06\xcf\
\x89\x1a1k\x84\xaa\xd9\x89\x0a\xaa\xc6^\x16%`\xdf\
/g\xe2\x92U\x90\xa8\xaaUV\xb6\xa8\xc2\xca\x8a\xa0\
wU\xb3\xa9\xa9\x1a7w\xdc\x1e22\xf7\x83\xe0\xda\
+)7\x13\x80\xce\xa1{\xb4\x8d\xf2\x08\xbe\x184\x07\
\xdb\x80\xf4\xa1\xb1\xc25Y\x5c\x03\x22\xc9)\x1b\xece\
\x9d\xb7\xe9g\x99\xa4\xb1\x93\xbd\x5c\xf1o\xa7\x9d\xf4\x95\
H\x90\xa8\xc2\xca\xca\x16UTY\x85\x11\x15\x09\x92U\
\x18Q\x11IP6\x92\xa4\x0c~Y\xd9\xa2\xca%\xab\
\xed\x1a\x08\xeb\xd2\xe5\x97\xa9\xf9\xb3\xe7\x8bR\xca\x06\x97\
\x17q\xb2]\xca\xcd\x04\xa0s\xe8\x1em\xa3<\x82/\
\x06MA\x7f }h\xacp\xa2\x8f\x93\xef\xb9\x86\x85\
\xe6\xa4\xcd\xa9\xd33\xc2\x1a8oP\xa6\xc1\x96\xb2\x97\
\xc5\xe4\xf5?\xaev\xa2\xc8\xca\x16U9\xc9\xca\x16U\
\xb1e%\x09\xca\xa6H\xb2\xe2R\x86\xe1\x0b\x86\xaby\
s\xe6y\x0b@m(&\xffs\xe6y\x8ep8\xa7\
\xfc\xf8\xe3\x8f'\x0e\xf2\x9f\xce\xa1{\xb4\x8d\xf2\x0c\xbe\
\x01\x5c\x04vK\x1f\x1c7<;\xdc\x93\x91%\xa6\x5c\
\xcc\x986C\x9d\xb5\xe5\xec\xe0y,&\x98\xf4<\xf1\
'\xa2#7A\xb2\x0a\x12UTY\x05\x89\xaa\x94\xb2\
\x92\x04e#\x09\xca&HV\x92\xa0l\x8c\xac4-\
V\x9e/\xca*\x08.e\xe0\x85\xfa\xa4\x9cL\x00\xba\
\xe6\x22\xa0-\x14\x22\xf8&p$\xd8\x02\xa4\x0f\x8f\x15\
.q`\xd7T\x12\x93\xc8\x8ci\xde%3\xfa\xcf\x1b\
\x90i\xb0\x94\x96\x94`\x8e\xe2\x91\x94\xaclQ\x15[\
V\xb6\xa8J)+\xbf\xa8\xc2\xceW\xd9\xb2\xca\xd1\xbb\
\xb2\xa1\xa0\xec\xc7fe\xbb\x94\x93\x09@\xd7\xd09\xda\
B!\x82o\x02\xfb\x80>@\xfa\xf0\xd8\xe1\xc4\x1f\x17\
\x92\x1a)\xd9'efc\xe6\xf4\x99\xea\x9c\xad?\x96\
\x13\xccQ<\xb2\x89*\xaa\xaclQE\x95\x95$(\
\x9br\x95\x15\xc9WV\xb6\xa8,Z\xae\xb8X\xcd\x9f\
;\xbfAH\xbc\xcd\x07^\xb2\x5c\xca\xc5\x84\xa0k\xe8\
\x1cm\xa1\x90\xc17\x82\x0bAI\x86\x85\x5c\xe2\xc0B\
\x94\xc4\x94\x0d\x0ak\xc8\xdc\xfb3\x0d\xd6\xf5\xb2\x8a\x8f\
-\xaa\xa8\xb2\xb2E\x15UV\xb6\xa8\xa2\xca*\x8c\xa8\
\x88$(\x1bIR\x86 Q\x15\x22+\xf6\xae66\
U\xa3\x17\x8cn\x10V\xbe\x98\xcb\xc8<\xf1\xc4\x13\x89\
\x83|\xa7c\xe8\x1am\x9f\x02\x82o\x06\x87\x83\x8d`\
/\xa1\x84A\xda\xc8\x5c\xf0}<\xbf\xd0\xc8\xc8>\xa3\
<\x08^>\xe3g\x0f_\x90I(77U<\xa2\
\xc8\xca\x16UTY\xd9\xa2\x8a*+[Tae%\
\xc9\xc9F\x12T6\xc2\xf4\xaa\x88$\xabm\x19xd\
p\xe1\xdc\x85\x0d\x22\xe2\xd4\x0a\xb1\xefKp\xdeX\xca\
\xc3\x84\xd8\x08\x0e\x07\xda>\x05\x04\xdf\xfc\xd8c\x8f5\
\xc1m\x07 }I\xec\xb0\x97\xc5.\xad$\xa6l\xcc\
\x9a1K\x8d\x9c32\xd3 ]/\xab8\x04\xc9*\
HTQee\x8b\xca\xc9*\x83$+\xa2{W\xe3\
\x16\x8eS\x0b\xe6-\x10\xa5\x94\x8dE\x8b\x16y\x0bE\
\xa5\x1cL\x08:\x86\xae\xd1\xf6)0\xf8\x01\xe04\xf0\
*\x90\xbe(VL/K\x12S6x\x1e\xd4\x9c\x19\
s\xd4\x1f\xd7\xfd9\x93@\xae\x97\x15\x8d\xa4de\x8b\
\xaa\xd8\xb2\xb2EU\x8d\xb2\xe2\xaa\xf6GR\xea\xfa\xe5\
\xad\xd5\xa2y\x8bD)\x05\xc1\xab2H\xf9\x97\x10t\
\x0b\x1d\xa3\xad\x13!\xf8!\xe0\x000\x19H_\x16;\
f.\xcb/\xa5 x\x19\x0d\x9e?u\xf0s\x878\
aE!\x9b\xa8\xa2\xca\xca\x16UTYI\x82\xb2\x09\
\x92U\x18Q\x11IP6\x92\x94\xb2\x11FV\x92\xa4\
l0\x14<|\xdd\x91j\xfa\xfc\xe9\xa1{W\xa5\x9c\
\xbb\xd2\xd0-t\x8c\xb6N\x84\xe0\x87h\xae\x04\xef\x03\
\xe9\x0bc\x87\xbf\xac#\x89\xc9\x86\xa7\x1d\xd8\x8f\xe7\xcc\
\x9a\xa3\xee^\xd1!\x93,nh\x18\x0e[TQe\
e\x8b*\xaa\xaclQ\x95\x93\xac$!\x05a\x8b*\
\x97\xac\xfc\xf8e\xc5\xa1\xe0\x96\xa6\xaa\xd3\xd2\xcej\xf1\
\xfc\xc5j\xfe\xfc\xf9\xa1\xe0\xdc\xd5\x93O>Y*\xde\
\x07W\x02\xcf3E\x09~\x188\x0al\x05\xd2\x97\xc6\
\x0e\xc7\xd7,\x5cs\xa2f\xbe\xcc\x9c=S}\xe7\xd1\
S\x9d\xb0\xc2\x10FVA\xa2\x0a+\xab QE\x95\
\x95-\xaa\xb0\xb2\x92\x04\xe5G\x92\x92D\xd8!\xa0\x1f\
\xbf\xac\x08zWg\xae\xfe\x9e\x9a\xb7`^\x83\x84x\
\xa6H>\x98uWR\xce%\x04\x9dB\xb7h\xdb\x14\
!\xf8a`\x1f\xd0\x15H_\x9a\x08\xbc\xf4\x8c$%\
\x09\x9eb0k\xce,\xef,\xf5\xe1\x0bGd\x1a\xb0\
\x93Vn\x82de\x8b*\xaa\xaclQ\x15[V\xb6\
\xa8\x92\x90\x95\x8d$)C\x1c\xb2b\xefjsS5\
z\xd1h\xb5h\xc1\x22QJA\xf0\x122R\xae%\
\x08\x9dB\xb7h\xdb\x14)\xf8\x81\xe0\x0c\xf0\x1a\x90\xbe\
8v\xf8\x97\x80\x97\xbd0B\xca\x17\x9e\xfcy\xed\xfa\
\xeb3W\xb0t\xf3Y\xd9\x89KV\xb6\xa8\x9c\xac\xc2\
\xcbJ\x12\x15\xe12\x06\x0c\x05\xdb,\xbdI-Y\xb0\
D\x14\x92\x81yc0\xcf\xf1\x97\xaax\xce\xa0\x94k\
\x09A\x97\xd0)\xda2E\x0c~(\xd8\x1f\xd4\x02\xe9\
\xcb\x13\x81\x7f\x11\xb8\xccA\x12S6\xe6\xce\x9e\xab\xa6\
\xcf\x9d\xae\xbe\xf8\xd4qr\xa26v\x82D\x15VV\
\xb6\xa8\xa2\xca*\x8c\xa8H\x90\xac\xc2\x88\x8aHB\xca\
\x86$(\x1b[T\xc5\x92\x95\xe6\xc4\xb5\xdfRs\x17\
\xcem\x10\x91-\xa6 \xb8\x8c\x81?`\xfc\xd4SO\
\xc5\x0e\xf3Vz\x1e\xd4\x82\xfd\x81\xb6L\x11\x03_j\
\xb8\x00\xbcc}i\xa2p\x99\x03/\xddjdd\xce\
\x81\xb2\x91\x9e\xe79U\x83\x96\xdc\x97\xf9\xc1\x0a74\
\xfc\x88(\xb2\xb2EUN\xb2\xb2EUN\xb2\x92\x84\
\x14\x84 \xa8\x06\x1e\x01\x1b\x9b\xaaaK\x87\xab\xa5\x0b\
\x97\x8aR\x0a\x82\x07\xb1x0K\xca\xb1\x84\xa0C.\
\x005O?\xfd\xb4\xb6L\x91\x83\x1f\x0e\x0e\x06s\x80\
\xb4\x11\x89\xc0k\xf5\xf0p\xac_J\xb9X0g\x81\
\xbanC\xebL\xb2\xb9\xa1a\xb0\xac\x82D\x15UV\
A\xa2*\xa5\xac$!\x05!\x09\xca\xe0\x1f\x02\x1aa\
\xe5+.IR\x06\xcajkJ\xdd\xbc\xfc\x96=d\
\xc5^\x13\xb1\xefKp\xa2\x9d\x07\xb1\xa4\xdcJ\x10:\
\x84.\xd1v\x89!\xf8\xe1\x9aV\xe0} mH\xec\
\xb0\x8b\xc9\xbf\x10\x92\x94r1{\xeel\xf5\xbd\x1d?\
\xc8$hc\x96VR\xb2\xb2EUlY\xd9\xa2*\
wY\xd9H\x82\xb2\x91$e\xe0\xbc\x15\x84u\xee\xea\
\x16j\xe1\xe2`1e\xc3,c\x90r+!\xe8\x0e\
:\xc4\xf3I\xac\xa1\xbf\xe4p\xb0\x06H\x1b\x93\x08\x5c\
\xe8\xc6\xbf$~!q\x81\xa9\xff\xb1\x0dO\x08}p\
\xe1\x83\xea\x13/}\xb2\xf1\x0a+\x9b\xa8\xa2\xca\xca\x16\
UTYI\x82\xb2\xa9FYI\x82\xb2A\xaf\xca[\
 \xba\xfeH5u\xd1T\xb5d\xd1\x12QHA\x98\
\x89v)\xa7\x12\x84\xee\xa0C\xb4Ub\x0c~\x89\xa6\
\x0d\xa8\x03\xd2\x06%\x02/4\xc6\xa1\xa1_J\xb9\xe0\
\x89\xa1\xfd\x96\xdf\x9b\xf9\x15\xe0\xc64\x9fe\x8b*\xaa\
\xaclQE\x95\x95-\xaa\xa8\xb2\x0a#*\x09IP\
\x06IP6\x94\x95M\xbe\xa2\x22\x92\xa0l(+\x0e\
\x0577U\x83\x97\x0dQ\xcb\x17/\xf7V\xa8\x87\x81\
CAN\xa7<\xfd\xf4\xd3\xa5\xa4\x0e\xb4y\xe6\x99g\
<\x8f$\x12\xf8Br\x0c\xd8\x02\xa4\x8dJ\x04vk\
y\x9e\xa1}\x9aA\xbe\xf0|\xab\xeb7\xde\x90I\xc4\
\xc6\xd0\xd3\x8a\x22+[TQee\x8b*\xaa\xacl\
QE\x95\x95$(\x1bIP6I\xc8\x0a\xb7\x7f]\
qsA\xb2\x22<_\x909#\xe5R\x82\xd0\x19t\
\x87\xb6I\x02\xc1/\xe32z\xdc\xb6\x054\xa6\xb4a\
\x89\xc0\xa1!\xbb\xba\x92\x94l\xcc\x0a`bV\x04\xf3\
\xf6\xec\x1d?\xcc$p5K+HVA\xa2\x8a*\
+[TQee\x8b\xaa\x9cd\x15$\xaa\xa8\xb2\xa2\
\xa8\xf40\x90\xc2\xfa\xe9\x9a\xf3\xd4\xa2%\x8bD\x19\xe5\
\xc2\x0c\x05\xa5\x1cJ\x10\xba\x82\xce\x88\xef\xc8`\xb6\xd0\
_z4\xd8\x04\xa4\x8dK\x0c\xae\xcd\xf2\x04\xe4\x13S\
.\x16\xce_\xa8&-\x9e\xa4>\xf1B\x15\xcfg\xc5\
%\xab Q9Y\xe5\x96\x95$(\x1b#+\xb2\xa5\
\xa97o5m\xf14\xb5t\xf1RQH6\x1c\xfa\
\xf9\xe1\x9a+)w\x12\x86\xae\xa03\xb4E\x12\x0c~\
\xa9\xa65\xf8\x10H\x1b\x98\x08\x5cO\xc2\xa1\xa1$\xa5\
\x5c\xf0d\xd1\xfe+\x07d\x92\xaa\xda\xe6\xb3\xb2\x89*\
\xac\xaclQE\x95U\x18Q\x91 Y\xf9Ee#\
\xc9\xc9\x8f$(\x1bIR\x86\xa4de\xcd[\xadX\
\xb2B\x94\x11\xe1\xdaD?\xe6\xdfxT\x90s\xbe\xcf\
<\xf3\x8c\x98?\xd9\xe0\xeb\x8b\xc8\x87\xa0\xf5s\xcf=\
\xe7y\xa3$\xc1/\x06\xcd\xc1:n\x14w2\x0a\xd6\
\xce\x85\x86\xdd]V\x8e\x11\x919\xfd \x1fx\x0e\xd6\
m\x1bnW5\xef\xa0qT\x83\xb4lQ5FY\
\x11IP\x06IN6\x92\xa0l\x82d%\x09\xcaF\
\x12\x94\x8d_V\x0f7U\xedV\xb6W\xcb\x97.\x17\
\xa5\x94\x0b\xfe!\xe7bk)g\x12\x86\x8eh\x0e\xb4\
=J\x10\xfcr\xcd5\xe0\xbf@\xda\xd0\xc4\xe0\x11\x10\
.u\x90\xa4\x94\x0bJ\xeb\xcf\x9b\xff\x92I\xd8J\x96\
V\x18Y\x05\x89*\xac\xac\x82D\x15UV\xb6\xa8l\
a\x99[?\x92\xa4\x0c\x92\xa0l$A\xd9d\x13U\
L\xb2j\xb3\xf2\xa6\x82e\xc5\xdf\x17\xe4\xb5\xe4\xa4\x5c\
I\x18\xba\x81\x8e\xf0|Q\xd2\xd0\x1bq\x04X\x09\xa4\
\x8dM\x0c\xf6\xd2x$D\x12R.(,\xca\xee\xd7\
\xdb\x7f\xabj>@c\xa9\xc49\xad Y\xd9\xa2\x8a\
*+[T\xc5\x96\x95-\xaal\xb2\xb2IJV\xb6\
\xa8\x8a-+[T\x96\xac\xaeZ\xfd\x07QDAP\
R\x06\xfe\x82z\xd4\x91K\x91\xa0\x1b\xe8\x08m\x8d\x12\
\x067Bs\x05\xd8\x0d\xa4\x0dN\x0cv\x7fW\xacX\
!J\x89PJA\xcc[4O\xfdl\xc7\x05\x99$\
\xaf$i\xc5%+[TQe%\x09\xca&\x8c\xac\
\xc2\x88\x8aH\x82\xb2\x91$e\x88\x22+IP6~\
Ymi\xea\xf1\x8b\xb5\xbfTK\x96-\xd9C@\x12\
<\xfa\xe7\x87\xcf\x9b%\x0c\xcf>\xfb\xac\x97\x17\xbc-\
\x05\xf8n:\xe1\x0a\xdc\xf7<Q\x16\xc1\x0d\x01\xcd\xc0\
D\xff\x06\x97\x02^\x86\x86\x7fml\x11\xf9W\xfcJ\
\x98S\x1d\xe6.\x9e\xabN\x7f\xfa\xccL\xe2\x97\xbb\xb4\
\x82D\x15VV\xb6\xa8\xa2\xca\xca\x16U\xa1\xb2\xca&\
\xadb\xcaJ\x12\x94M\x09d\xf5\x83\xb5\xe7\xa8E+\
2\xab\xd2\x0b\x81\xbf\xe7\xb9c\xc7\x0e17J\x00\x9d\
\xd0\x0ch[\x94A<\xff\xfc\xf35\xdc \xf0}\xb0\
\x13H\x1b\x9e([\xb7n\xf5\x0e\xf1\xfa\xa5\x94\x0f<\
\xe5a\xfa\x92\xe9\xea\xb8g\x8f\xcfH\xa1\x5c\xa5\x15E\
V\xb6\xa8\xcaMV6Qd%\x09\xcaF\x12\x94M\
\x90\xac$A\xd9H\x82\xb2\x91d\x85\xdbom8Y\
\xcd_1_\xad\x5c\xbeR\x94Q.8\xc9\xce\xb5\x89\
RN\x94\x00\xba\x80N\xf0\xfcPV\xa17j_\xd0\
\x1bH\x1b\x9f(\xe8\xedy\xa7\xeeHB\xca\x07Jk\
\xd2\xf2I\xea\xd3/\x1d\x91\x99\x84/7i\x05\xc9*\
HTQe\x15$\xaaj\x95\x95-\xaa\xa8\xb2\xf2\x8b\
\x8ahY\x1d\xbd\xfe\x0bj\xc6\x8a\x19\x05\xcb\x8aS!\
<\xf0\xc4\xb6/\xe5D\x09\xa0\x0b\xe8\x04m\x892\x0b\
n\x188\x01<\x06\xa4\x1dH\x14\xae=\xe1e\x95%\
!\x19\xfc\xbd0{\x01\x1e\x17\xe9\x8d_9^\xed\xff\
J\xb3\xf2\x92VR\xb2\xb2EUlYI\x82\xb2)\
\x95\xaclQ%(\xab\xc36\x1c\xae&\xad\x9a\xa4V\
/_\xbd\x97\x84\x88}?\x1b\xfc\x03\xcdIv)\x17\
J\x00\x1d@\x17h;\x94ap\xe3@\x13\xd0\x06\xfc\
\x17H;\x92(\xe6\x17w\xfc2\xca\x17\x9e\xb7Ei\
y=-\xca\xa2\xd4\xd2\xca&\xaa\xa8\xb2\xb2E\x15U\
V\x92\xa0\xfcPJ\xe6\xd6O\xa1\xa2\x22\x92\xa0l$\
I\x19\xa2\xc8J\x12\x94\x8d_TD\xcb\xea\x0b\x1b\x8e\
U\x93VLR\xabV\xac\x12E\x94\x0f\xe6\x921\xcf\
=\xf7\x5c9\xf0_\xc0\x8b#\xd0\x05\xda\x0ee\x1a\xd8\
Pr\x18\x98\x0b\xa4\x9dI\x1cs\xe4\x90\x022\xab\x7f\
\xc3\xb0l\xc925u\xc5T\xf5\xe5\xe7N\xc8\x88\xa2\
\x14\xd2\xb2E\x15UV\xb6\xa8\xa2\xca\xca\x16U\xbe\xb2\
\xb2\xc9&\xaab\xcbJ\x12\x94M\x90\xac$A\xd9H\
\x82\xb2\xf1\x8b\x8aPV\xe0[\xebOV3W\xceT\
kV\xac\xd9KB\xf9b~\x04Uj\xfb%\x82\xb9\
O\x07h+\x94qp#5\xe7\x80W\x80\xb4C\x89\
\xc3#\x87\xecVKB\xca\x07Jk\xe6\xb2\x99\xea\xbb\
\xcf\x9c\x95\x11F\x92\x8bK\xa3\xc8\xca\x16UXY\x05\
\x89*\xaa\xaclQE\x95\x95$(\x1bIP6\xd9\
D\x15\x97\xac\xf4:\xab\x1f\xae\xfb\x91Z\xb0rA\xa4\
\x9e\x959\x22(\xb5\xf9\x12\xc1\x9cg\xee{\x1e\xa8\x88\
\xd0\x1b\x9b\x02\x1d@=\x90v,qxYX\xaeQ\
\x91\x84\xe4\xc7,\xc4\xb3\xefs\xc5\xf1\xfc\xe5\xf3\xd5\x05\
O\xb4\xcc,.MBZA\xb2\x0a\x12\x95\x93U\x06\
IP\x06[T\xc5\x96\x95$*\xa2eu\xe9\xba\xcb\
\xd4\xe2\x95\x8b#\xc9\x8aS\x1d\xfcC,\xb5\xf5\x12\xc1\
\x5cg\xce3\xf7\xb5\x0d*$\xb8\xc1\xe0(\xb0\x02H\
;\x978\x9c\xd3\xe2Q\x14#-#\xa20PZ\x8b\
\x96-R\xbf\xdd\xde*\xf3\xb3aqJ+.Y\x05\
\x89\xaa\x9cd%\x09\xcaF\x12\x94\x8d$)C\x14Y\
I\x82\xb2\x91DE\xb4\xac\xae^\xfbG\xb5|ef\
\x09\x82$\xa2 \xcc{(+\xfe\x01f\xbb~\xfe\xf9\
\xe7\xf7j\xebI\xa3\xb7\x81\xb9\xce\x9c\xd7\x16\xa8\xa0\xe0\
Fs}\x16n[\x82\xb7\xca\xa5PmiQ@\xbc\
\xf5\xe3\x97\x94\x1f\xf3\xba\xeb\x1ei\x9d\x11@\x1c\xd2\xca\
&\xaa\xb0\xb2\xb2E\x15UV~Q\xf9\x91\x04e\x13\
$+[TQe%\x09\xca\xa6\x14\xb2\x82\xa8j6\
5U\x7f]s\xb3'\x9d\xd5+W{\xb7\x85\xe0\x97\
U\x99\xc0\x1co\x09\xbc\xbc\xaf\xc8\xd0\x1b\xffq\xd0\x07\
\xa4\x81\xb4\xa3\x89\xc3\x8a\xe6\xf5\x818\xa7e\x8b*,\
+\x96\xadPw>|W\xe6R\xcb\x9c\x88/\xc6d\
\xbc-\xaaj\x91U\x90\xa8\xc2\xcaJ\x12\x94\x8d$(\
\x9b YI\x82\xb2\x91\x04e#\x89JO\xaeSV\
\x1d\xd6\xdc\x13IT\x84\xb2\xe2\x09\xcde&+\xe66\
s\x9c\xb9\xae\xb3\xbfB\x83;\x00\xbe\x00V\x01ig\
K\x02{Z\x9b7o\x16E\x94\x0bOt+2\xb7\
\x5c\xe47d\xfd\xfd\xea\x93;\x0f\xcd\x08&Jo+\
HVaD\x15VVA\xa2\xaaVY\xd9\xa2\x8a*\
+IT\x84C@\xc8\xea\x88\xf5\xcd\xd5\xf0\xd5#\xd4\
\xda\x95kE\x09\xe5\x0be\xc538\xcaLV\x84\xb9\
\xcd\x1c\xd7Y_\xc1\xc1\x9d\xd0\x9c\x07v\x02i\x87K\
\x82\x91\x96\xd4\xd3\xe2s\xf9\xc2\xc5~\xb3V\xcdR?\
z\xe6\xa7\x85\xcfk%%+[T\x8dEV\xb6\xa8\
\x92\x94\x15\x86\x81\xe7\xaf\xbfP\xcdY9G\xadY\xb5\
F\x94P\xbePV\x9c\xca(CY1\xa7\x99\xdb^\
\x9eWE\xe8\x9di\x0a\xee\x00\x1f\x02i\xc7C\xf3\xc2\
\x0b/\x14\x8cy\xbf\x19\x1er\x22\x93\xf2\xb1'8\xb3\
\xe1\x17\x96y\x1f{]\x7f\xddvKF\x04a\x86\x88\
q\xc9\xca\x16U!\xb2\xb2\x09#*\x12$\xab0\xa2\
\x22\x92\xa0l$I\x19\xa2\xc8J\x12\x94\x8d$*3\
\x04\x84\xacn_{\x87Z\xb9z\xa5'+\x0a\xa7P\
\xb8t\xc1\x0c\x03\xfd\xed\xb8\xc4|\x08\x98\xd3Mq\xab\
\xb3\xbdJ\x82;\x04\x0e\x05S\x81\xb4\xf3%\x83\x0d\x81\
]m\xfe%\xf3\xcb)\x0c|?\xe7(\x86n\x1c\xa6\
>\xf9r\x1eC\xc4 Q\x85\x95\x95-\xaaBde\
(\xb6\xaclQ\x15[V\x92\xa0l\x92\x96\x95\x1e\x02\
~v\xc3Qj\xe4\x9aQj\xdd\xaau\xa2\x80\xc2@\
Yq\x82=\xea\x1f\xe8\x98`.3\xa7u\x96WQ\
\xbc\xf8\xe2\x8bFZ'\x83'\x81T\x00%\x83\x0d\x82\
\x7f\xc5$i\xd9\xcf\xf1~.8W1g\xcd\x1c\xf5\
\xe3g\xcf\xcd>D\x8c\x22+[T\xc5\x94\x15\x89\x22\
+[TQe%\x09\xcaF\x12\x94M\x90\xac$A\
\xd9H\x82\xb2\x91d\xc5\xa3\x80\x1c\x02\xae\xbbP\xcd]\
5\xb71\xc8\x8a9\xcc\x5c\xf6\xf2\xba*\xc3\xec\x1c\xb8\
\x0a\xfc\x1bH\x05Q2\xd80\xd8@\xd8P$\x11\x85\
\x81=\xad\x15\xabV\xa8[\x1e\xb95#\x09#\xa9\x5c\
\xb2\x0a\x12UTYI\x82\xb2\xa9\x06Y\x05\x89*\xaa\
\xac$Qq\xf8\xc7\xdb\xcd\xc5\x1b\x02\x12\x9e\xb4\xcfE\
\xa1e*+\xe6\xeeU\xa0zeeB\xef\xe4\xfe\xa0\
\x17\xa8\x07R\x81\x94\x14\xfe\xa0\x05\x1b\x8c$\xa2\xb0\xb0\
\xb75z\xfd\x18u\xfc\x0b_\xcb\xf4\xb6\xb8B>\x09\
Y\xd9\xa2\x8a*+IP6\xd5 +IP6~\
Q\x11\xf6\xaa \xacoo<E\x8d[3\xbe(\xbd\
*\xc2s\x03y\xba\x0d\xdb\x22F&\xe5F=`\xee\
\xee\x8f[\x9d\xd5U\x1e\xdcQp8\x98\x0e\xa4B)\
9<\x99\x94g\xc0K\x0d*,l\xc8\xcb\xd6,\xcb\
\xf4\xb6(\x07J\x8b\x14KV\xb6\xa8\xa2\xca\xca\x16U\
TY\x85\x11\x15\x91\x04e#I\xca\x90\xa4\xac8W\
E\xd0\xab\xbau\xcd\xdf\xd5\xb2U\xcb\x8a&\xab\xf5\xeb\
\xd7{W]\x90\xdad\x99\xc0\x9ce\xee\xealn\x04\
\xf1\xd2K/\x19i\x9d\x08\xb6\x02\xa9`J\x0e\xaf-\
\xc4k\x0cI\x0d\xab\x10\xd8\xa8'\xad\x9f\xac\xce|\xe6\
\xec\x8cX\x8c\xb8\xc2\xc8\xca\x16UTY\xd9\xa2\x8a*\
+[T\xc5\x96\x95$(\x9b YI\x82\xb2\x91\x04\
ec\x8b\xca:\x02x\xce\x86\x1f\xab)k\xa6\x14M\
T\xc4\x5c\xcfJj\x8be\x02s\x959\xeb\xe5o\xa3\
\x0a\xb3\xd3\xa0%\xd8\x09\xa4\x02*9\x5c\xab\xc5e\x0f\
R\x03+\x04o=\xce\xea\x95\xaa\xf7\x96>\xea3\xff\
\xfclF:v\x0f+\x9b\xa8\xc2\xcaJ\x12\x94M\x14\
Y\xd9\xa2\x8a*+IP6\x92\xa0l\xb2\x89\xaa\x98\
\xb2\xd2?\x15OY}~\xd3\x17U\xef5}\x8a6\
We`\x1bc[\x93\xda`\x99\xc0\x1ce\xae6>\
Y\x99\xd0;\xdf\x14\xb4\x05\xef\x01\xa9\xa0J\x8e\x99\x8c\
\xe7\xbc\x96\xd4\xd8\x0a\x81\x7f\x99\x17\xaf^\xacnz\xf4\
\xaf\xaaf'\x92\x81B\xe2\x1c\x97\x93\xd5GH\x822\
\xd8\xa2*\xb6\xac\xec^\x95\x16U\x93M)u\xf3\xda\
[\xbc:[\xbbz\xadX\xa7\x85\xc06e\x8e\x04J\
m/N0\xd2\x11\x9f\xb7\xd1\xafan\xb6}\xe1\x85\
\x17\x98\xab:{\x1bi\xb0\x00@30\x10\xd4\xe7S\
\x88Ic\xb6\x89\x17\x02\xb4\xe7\xb5x4\xb1PV\xad\
\xc9\xbc\x7f\xfd\xea\xf5j\xda\xdai\xea\x8a\xc7\x7f\x93\x91\
\x05\xe5\xe4\x17V\xbe\xa2\xb2\x85en\xfd\x04\xc9J\x12\
\x94M\x90\xac\xc2\x88\x8aH\x82\xb2\x91$e\x88\x22+\
IP6\xb6\xa8\x08\x86\x7f\xbf]\xdfJ\xcdZ;\xcb\
\xab+\x7f=F\x81\xf3U\x9c+5m\xacLaN\
\x0e\x04\xcd\x80\xce\xdaF\x1e,\x08p\x04\x98\x0c\xa4B\
+\x1b8\xc7\xc0\x1f\xa8\x94\x1a`\xa1\xf0/6\x93\x81\
\xf3[\x17?~IF\x1e\xb6\xa4\xc2\xc8\xca&_Q\
\x95\x93\xac$A\xd9\xc4)+3\xf4\xe3-Du\xd9\
\xfa_\xa9Ik&yu\xc3:\x92\xea\xaeP\xd8\x86\
\xf8c\x11R\x1b+3\x98\x93\xccM\x9d\xad.\x8c\xb0\
\xc8\xb1`\x19\x90\x0a\xael\xe0\xcax.2ew^\
j\x8c\x85b\xc45q\xe3$u\xe1\x93\x17\xa9\x9aW\
\x918\xefX\xe4++[TQe\x15$\xaa\xb0\xb2\
\x92\x04e#\x09\xca&HV\x92\xa0l$A\x19\x8c\
\xa8t\x8f\xea\x92\xf5\x97\xaa\x89\xab'\xc6\x22*{\x08\
(\xb5\xad2\x83\xb9\xc8\x9c\xf4\xf2\xd3\x85\x15\xa6P\xc0\
)`\x1b\x90\x0a\xb0l0CDv\xeb\xa5\x86\x19\x05\
&\x09a\x8f\xeb\xb7;ZeDA\xf1PZ\x92\xa0\
l\x1a\x83\xaclQE\x91\x95\x11\x15\x87\x80\x10\xd5\xef\
7\xfe\x9f\xd7\xa32\xe5/\xd5M\x146l\xd8P\x09\
C@\x03s\x90\xb9\xe8d\x95-L\xe1\x80\x16\xe0\x05\
 \x15dY\xc1n=\x8f\xf0\x14\xa3\xb7e\x7f\x06\xef\
\xaf[\xb3NmX\xb3A\xcdY?G\xb5\xd9\xdeV\
}\xe2\xa5Of$D1I\xbd\xacj\x94\x95-\xaa\
b\xc8\x8a\x92zT\xdf\x87\xac\x0e}\xf83\xaa\xcd\xfa\
\x9b\xd4\xec\xb5\xb3\xbd\xb2f\x99\x17Z\x97|_6x\
\xa5\x05\x1e\x05\xfc\xe7?\xffY\x09\xbc\x00Z\xec\xdc\xb9\
\xd3\xc9*W\xb0\x80\xf0\x17\xa8\x09\x0a\xac\x15xC\x17\
`Y\xc3\xbf\x98\x5c\x1d\xcf\xde\x96\xd4X\xa3b\xc4\xb5\
t\xddR\xd5mKwu\xcaS\xa7g\x8e,\x1aq\
\xf1\x02\x82A\xb2\x0a#*\x12$\xab0\xa2\x22\x92\xa0\
l$I\x19\xa2\xc8J\x12\x95\x99\x9f\xda\xd2T\x9d\xb1\
\xe9,\xd5s]/\xb5d\xcd\x12\xb5~\xed\xfa\x06Q\
\x15\x1b\xf6\xaa\xb8j\x9dmDj;e\x08s\x8e\xb9\
\xc7\x1c\xd4Y\xe9\x220XP \x05\xae\x05\xbb\x80T\
\xb0e\x07\xff\x82\xf2/)O\xad\x90\x1aoT\x8c\xb8\
x\x9f\xc3\xc5\xab\xb7\xffQ\x1d\xf8\xfc\xc1\x99\xb9.\x8a\
\x89\x02\xb3E\x15UV\xb6\xa8\x8a-+IP6A\
\xb2\x92\x04ec$\xf5\x98\xbe\xd5\xb2\xfa\xd4\xc3\x87\xaa\
?m\xb8\xc6\x1b\xf6\xb1\x0c\xe3\x14\x15\xdb\x00\xaf\x00R\
A\xbd*\xc2\x5cc\xce1\xf7t6\xba\xc8+X`\
\xe0c\xa0-x\x07H\x05\x5cv\x98\xb9-\xfee\x95\
\x1ar\xb1`\xa2m\x5c\xbd\xd1\xebu\xdd\xb7y\xb0\xba\
h\xc7\xcf\xd5\xc7^8 \xd3\xf3z\x03PV\xbc%\
\xf9\xc8\xca\x16UTYI\x82\xb2\x91\x04eS\xa8\xac\
((3\xdc\xa3\xa4p{\xc0\x96f\xea\xd2\x8d\x97\xa9\
\xc1\xeb\x86xe\xb5q\xed\xc6\xd8$e\xe0\x8au\xb6\
\x81\x0a\xeaU\x11\xe6\x18s\x8d9\xa7\xb3\xd0E\xa8`\
\xc1\x81\xfd\xc0\xed\xe0] \x15tYb\x8e$r\xdd\
\x96\xd4\xa8\x8b\x85\xe9u\x91E\xeb\x16\xa9\x01\x9b\x06\xaa\
\x96;.V\xfb?\xdb,#\x1e\xca(\x97\xb0\xcaE\
VA\xa2\x92dEA\x19I\x19\xd0\x93\xfa\xe4\x96\xff\
Q\x97l\xbaT\x0d\xdc0H-Y\x9b\x19\xf2\xd9\xf3\
Sq\xc1\xba6G\x00_~\xf9\xe5\x8a\x01\xed\x95\xb9\
\xc5\x1cc\xae\xe9\xecsQP\xb0\x00\xc1\x81\xa0\x03x\
O*p\x09\xbcV|>I\xb8\x0d\x5c\xb7\x15\xe70\
\xd1\xc6\x96\x17{\x13c6\x8cU\xd7o\xbdA}\xe3\
\xa9ofd\xc2\xde\x17\xa1\xa48\x8c4T\x8a\xac\x9e\
\xd0<\x0e('#\xab\xad)\xf5\xcd\xcd\xdfQ\xad7\
\xdd\xa8\xc6\xac\x1d\xeb\xed{R\x92\x22\xac[\xd61\x0f\
\xc0\x94C\xbb\x0b\x09s\xaa\x038\x10\xe8\xacs\x11)\
X\x90\xa0\x19\xe8\x06\xde\x07R\xc1\x97-<\x9a\xc8\xc3\
\xd9\x5c,(5\xf88`\xa2\x12\x0e\x1b\xf9x\xe6\xfa\
\x99\xaa\xff\xc6\x01\xea\xff\xb6]\xad\xbe\xfe\xf8I\x19\x81\
P@\xb6\xac\x08\x85FQ\xfd\x13\xe4+*\xe2\x97\x93\
\x1fIR\x86l\xb22r2PZ\xba\x17EA\xfd\
\xdf\xc6\xabU\xff\xf5\x03\xd4\xecu\xb3\xbd}4\xc3\xbd\
$$e`\x9d\xf2\xea\x0a\xacc\xa9\xee\xcb\x1c\xe6\x12\
s\x8a\xb9\xa5\xb3\xcdEQ\x82\x05\x0a\x0e\xd6\x05\x9cw\
O\xab\x9c0\xd7\xda\x8a{~K\x82I\xcc\x1e\x87\x11\
\xd8\xbcu\xf3\xd4\xc8\x8d\xa3\xd4-[oU\x17lo\
\xa9\x8e\xdbq|F\x1e\xcf\x83\x174~i\x11\xf3o\
\xd9\xf0\x8b\xeaY\x1f~1\xd9\xc22=(\xa2\xe5\xd4\
d\xfb\xbe\xea+\x0f\x7fU]\xb4\xf9\xe7\xea\xd6M\x7f\
W\xa3\xd6\x8d\xf6\xb6\x9d\xfb@A%\xd5\x8b\xf2\xc3y\
*\xd6%\xebT\xaa\xeb\x0a\x809\xc4\x5cbN\xe9,\
sQ\xd4`\xc1\x02\xfe5`\x17v7\x90*\xa2\xec\
\xe1\x1c\x07\xaf&Y\x0aq\x19\x1a\x04\x86\xa4'\xab\xd7\
\xaeV\xf3\xd7\xcc\xf7V\xd9\xf7\xd9\xd4W\xdd\xb8\xe5&\
u\xe9#\x97\xa9\xd3\x1e=C}\xee\x89cT\x93\xa7\
\xf6\xcd\x08\xe7\x19\xc0[[J\x94\x9c\x91\x93y\x8e\xf7\
\x8d\x8cxK9\xd9bb\x8f\x89\xb7\x90R\xea\xd1\xfd\
\xd4\xe7\x1e9F\x9d\xb1\xf5{\xea\xb2-\xbfR7m\
\xfa\xab\xea\xbd\xa1\x8f\x9a\xb8n\x92\xb7M\xdc6\xb3\x9d\
\xa5\x12\x94\x81uV\x8e\xa2z\xe5\x95W\xc4\xe7\xfd\xe8\
\xd71w\x98C\xaeg\x15w\xb0\x80\x01\xc7\xdb\xb7\x83\
w\xf2\xad\xa8r\x81\xdbk\xb69\x9b\xb88'\x127\
\xd2\xf7p\xde\x87\x189lZ\xb3\xc9\xbb]\xb9v\xa5\
Z\xb0v\x817\xac|h\xe3Cj\xdc\xa6\xf1j\xe0\
\xc6A\xea\x9e\xcd\x1d\xd5\xcd\x9boQ7<\xdcF]\
\xf3\xf0\xb5\xea\x0f[\xff\xa4~\xf7\xf0\xff\xaa+\xb6\xfe\
F\xfdf\xcb\x95\xde}>\xf7\x97\xcd\xd7\xa9\x1b\x1f\xbe\
I\xfdm\xf3\xad\xaa\xd3\xa6\xce\xde{k\xd7\x8fSS\
\xd6M\xf1>\x93\x9f\xcd\xef\xf0\xbes\xdd\xa6\x86\xef5\
\xdb\xe3\xdf\xceR`\xf7\xa8L\x1dV(\xcc\x99\xdb\xc1\
\x81@g\x95\x8bX\x83\x05\x0d\xf6\x07m\xc1. U\
L\xc5`\x86\x8a\x9c\x0f\x91\x92\xa5\x1c0\xf2\xb0\x85\xe6\
\x09\x06r\xf1$\x93'\xf6{\xed\xcf\x94\xbe\xb3\x1c`\
\x9d\x98\xcb\x15KuWa0W\x983\xcc\x1d\x9dM\
.\x12\x09\x168\xf88\xb8\x16\xbc\x09\xa4\x0a\xaa(\xb8\
n\x87\x93\xf3<\xd5\x87\x87\xc8\xa5\x04r\xc4\x0f\xcb\x9e\
u`\xce\xfb\x93\xea\xaa\x02a\x8e0W\x983:\x8b\
\x5c$\x1a,x\xb0/\xb8\x12\xbc\x08\xa4\x8a\xaa8x\
\xc4\xe9\xa9\xa7\x9e\xf2VJ\xf3t\x1f)\xa9\x1c\xc5\x87\
Cs\xae\x9dc\xd9\xb3\x0e\xa4\xba\xa9P\x98\x1b\xcc\x11\
\xe6\x8a\xce\x1e\x17%\x09V\x00h\x02\xce\x03\xdb\x80T\
a\x15\x09\xe7\xb9\xb8\x00\x95\xc3E\xfe\xa4~%\xf6\xba\
\xb8\xcd\xe5\x86\x7f\xfbX\xb6\x1c\xf6\x99\x05\x9f;w\xee\
\xac\x1a\xd0\x8e\x98\x13\xcc\x0d\xe6\x88\xce\x1a\x17%\x0dV\
\x84R\xaa\x06\x15t\x0aXfWX\xb5`\x16\xa1r\
%5'\x80M\xe2\xd9\x89\xe8\xc8\x1f\xceM\xb1,Y\
\xa6,[\xa9\xcc\xab\x00\xe6\xc2)K\x97.en\xe8\
lqQ\x16\xc1\x0a\xd1\x1c\x07&\x83z UbE\
\x039{\xf3*\x5c\xac\xc8\xe1\x8b\x91\x97#7,+\
J\x8aC>37%\x95q\x15\xc0\xb6\xcf\x1c`.\
8Y\x95k\x98\xca\x01\x87\x83\x81\xe0?@\xaa\xd0\xaa\
\xc0\x96\x17\x13\x91\xbd\x06\xceyI\xc9\xda\x18aY\x98\
\x9e\x94\xf9\xad\xbf*\x96\x94\x81m\x9em\x9f9\xe0d\
U\x09\xa1+\xaa\x19h\x0b^\x05R\xc5V\x15LD\
N\x14\xf3|6\xcey\xf1\xdc6N\x22K\x89\x5c\xcd\
\xb0\x17\xc5}\xe7\x9c\x94\xb9fz\xb9J\xea\xd5W_\
-*\xf8L\xb6u\xb6y\xb6}\x9d\x0d.*\x22X\
a \x05Z\x82\xadR\x05W\x1a\xd8\x0f\xf1y\x09&\
)\xd7\x0eq\xf8c\x04\xc6d\xae\xa6\x1e\x18\xf7\xc5\x08\
\x8a\xfbh~\x84\x94\xfb.\x95I\x95\xc36\xde\xf2\xb5\
\xd7^K\xe1Vg\x81\x8b\x8a\x0aV\xdc[o\xbd\xc5\
\xdb\x13\xc1\x0cP\x07\xa4\xca\xaez\xec\x1e\x18\xaf\xd5\xc4\
a\x12\xd7\x1a\xd9\x12+\xc7I|\xb3MFN\xdcf\
n;\xf7\xc1\xeeAI\xfb\xdcH`\x9bf\xdbf\x1b\
\xf7\xda\xbc\x8b\x0a\x0eS\x89\xe0p\xd0\x0b\xfc\x1bH\x15\
\xdf\xa8`o\x8d\x87\xf0\x99\xf0\xbc*&\xe7x\xd8K\
1\x22\xe3\xdc\x0f\x87\x94v\x8f\xcc^\x0aP\x0c\xec\xcf\
\xe3\xf7\x10~'\xbf\x9b\xbd&n\x0b\xb7\x89\xdb\xc6\xe5\
\x1d\xdcV\xb3\xec@\xda\xa7F\x08\xdb2\xdb4\xdb\xb6\
\x93U5\x85\xae\xd0\x03\xc0U\xe0I 5\x80F\x0f\
e\xc0\x1e\x0b\x0f\xf5sxEQp\xa8Ei\xb0W\
C\x81l\xdf\xbe\xdd;BI\xa9Pn\x84k\x99\x08\
e\xc3\x9e\x10\xe1}\xf3\xbcy\x1d\xdf\xc3\xf7\xf23\xf8\
Y\xfcL~6\xbf\x83\xdf\xc5\xef\xa4\x94\xb8\x0dNL\
\x81\xb0\x0d\xb3-\xb3M\xebV\xee\xa2\xaa\x82\x15\x0b\x9a\
\x80\x93\xc14\xf0\x01hh\x04\x18\xff;r`\xca\xca\
\x88\xcd\x0fec#\xbd\xc6\x16\x91\xf4\x1d\x85\xd0\x88\xea\
\xef\x030\x0d\x9c\x8c\xb2d[\xd6\xad\xdbEU\x06+\
\x18\x95\xcd\xdbCq{\x07x\x15H\x0d\xc3\xe1(7\
\xd8V\xd9f\xd9vk^\x7f\xfdu\xdd\xaa]T}\
\xb0\xc2A\x0a\x9c\x07V\x834\x90\x1a\x89\xc3Qj\xd8\
6\xd9F\xd9V\xd9fu+v\xd1\xa8\x82\x15\xaf9\
\x06\xf4\x01o\x01\xa9\xc18\x1c\xa5\x82m\x92m\x93m\
\xd4k\xaf.\x1ay\xe8\x86\xb0\x1f\xb8\x10\xac\x00u@\
j<\x8eF\x0e\x86a\x89\x80\xefb\x1bd[d\x9b\
d\xdb\xd4\xad\xd5\x85\x0b\x04\x1b\x84\xa69\xe8\x00vJ\
\x0d),\xf8\x1c\xf1y\x87#\x00\xb6\xbd\x0e\xa09O\
\xea\x7f\xe3\x8d7t+u\xe1\xc2\x17h$d_\xf0\
C0\x17|\x00\xa4F\xe5p\x14\x1b\xb65\xb69\xb6\
=\xb6A\xdd*]\xb8\x08\x086\x14\xcda\xa0\x0d\xd8\
\x01\xd2@jd\x0eGT\xd8\xb6\xd8\xc6\xd8\xd6\xd8\xe6\
\xbc\xf6\xe7\xc2E\xa8\xd0\x0d\xa7\x098\x1e\xf4\x06\xaf\x02\
\xa9\xc19\x1c\x85\xc26\xc5\xb6\xc56\xc6\xb6\xa6[\x9f\
\x0b\x17\x05\x06\x1b\x11\xf8\x18\xf8>\x98\x08v\xbf\xf1\xc6\
\x1b\xca\x11\x0d\x94\xa3\xf8|#\x81mh\x22`\x9bb\
\xdb\xd2\xad\xcd\x85\x8b\x22\xc4\xae]\xbb<q\xa1\x815\
\x03W\x80\x95\xe0\x03 5F\x87#\x1bl3l;\
lClK5o\xbe\xf9\xa6ne.\x5c\x149\xd8\
\xc04G\x80k\xc0z\xf0_ 5N\x87\xc3\xc06\
\xc2\xb6\xc26\xc3\xb6\xe3\x8e\xfe\xb9H.t\x83k\x02\
\x9a\x83\xd6`3\xf8\x10H\x8d\xd5\xd1xa\x9b`\xdb\
`\x1ba[a\x9b\xd1\xad\xc8\x85\x8b\x84\x83\x8dO7\
\xc2\xcf\x81\xb6`+(\x1bqa\xb8\xe1(\x01({\
\xb6\x01\xb6\x05\xb6\x09\xb6\x0d'*\x17\xe5\x13l\x8c\xaf\
\xbf\xfe:\x1b\xe51h\xb0m\xc0Z\xf0\xbei\xc0\x8e\
F\x03\xeb\x9cu\xcf6p\xcc\xdbo\xbf\xdd\x84\x17\x91\
t\xe1\xa2,\x03\x8d\x944\x01\x87\x83V`\x0ex\x07\
H\x8d\xdbQ=\xb0\x8eY\xd7\xacs\xd6=\xdb\x80n\
\x15.\x5c\x94y\xb0\xb1j>\x09.\x00\xb5\xe05\x90\
\x06R\x83wT\x1e\xacK\xd6)\xeb\x96u\xcc\xba\xf6\
\xea\xdd\x85\x8b\x8a\x0c\xd3\x80\xc1\xfe\xe0\xbb\xa0\x0bx\x04\
\xb8\xe1b\x89\xc1P\xad \xf0^\xd6\x1d\xeb\x90u\xc9\
:e\xdd:Q\xb9\xa8\xae\xd0\x8d\xba)8\x0a\x0d\xbf\
\x15\x98\x0c^\x05i&\x82\xa3\xaca\x1d\xb1\xaeXg\
\xac\xbb\xa3\xde~\xfb\xed\xa6@\xd7\xae\x0b\x17U\x1ah\
\xec5\xff\xfe\xf7\xbfy{ 8\x15t\x00\x1b\xc1n\
 %\x8b\xa3t\xb0NX7\xac#\xd6\x15\xeb\xcc\xab\
C\x17.\x1a]\xe8\xc6\xbf\x0f8\x1c\x5c\x00\xfa\x80-\
\xe0] %\x90#~X\xf6\xac\x03\xd6\x05\xeb\x84u\
\xc3:\xd2\xb5\xe6\xc2\x85\x0b#\xaf\x14\xf8,\xb8\x08\xf4\
\x07\xdb\x80\x93W\xfc\xb0\x8cY\xd6,s\x96=\xeb\x80\
u\xa1k\xc7\x85\x0b\x17Y\x83\x89\xa2\x13\xa69\xb8\x18\
t\x07+\xc0\xeb\xa0\xee\xed\xb7\xdfV\x8e\xc2a\x19\xea\
\xb2d\x99\xb2lY\xc6,k')\x17.\xa2\x04O\
\xbc\x06\x9c\xe0=\x04\x9c\x0aZ\x83\xf1\xe0I\xf0.\x10\
\x93\xd2\xb1\x17,+\x96\x19\xcb\x8ee\xc8\xb2<\x84e\
\xcb2v\xe1\xc2E\x91\x03\x09f\xd8\x0f|\x1e\x5c\x04\
\xee\x02\x93\xc1\xe3\xe0_\xa0\x1eH\x09\xdb\x98`\x19\xec\
\x02,\x13\x96\x0d\xcb\x88e\xc52c\xd9y\xe5\xe8\xc2\
\x85\x8b\x04C'^\x13p\x00\xe0\xa1\xf6s\xc0\x8d`\
8\xd8\x00v\x82\xdd\xa0\x9a%\xc6}\xe3>r_\xb9\
\xcf\xdcw\x96\x01\xcb\x82e\xc2\xb2a\x19\xe9Rs\xe1\
\xc2EY\x04\x93R\xf31p(\xf8\x1ah\x09n\x02\
\x03\xc0<\xc0a\xd1\x9b\xe0=\x90\x06\x92\x04\xca\x11n\
+\xb7\x99\xdb\xce}\xe0\xbep\x9f\xb8o\xdcG\xee+\
\xf7\x99\xfb\xee\x95\x83\x0b\x17.*0t\x02s\x1e\xec\
 \xd0|\xd7\xae]\xa7\x81\xcbA\x1b\xd0\x0d\x8c\x01\x0b\
\xc1\xa3\xe0e\xf0\x16\xd8\x0d>\x00i\xa0b\x86\xdf\xc1\
\xef\xe2w\xf2\xbb\xb9\x0d\xdc\x16n\x13\xb7\x8d\xdb\xc8m\
\xe56s\xdb\xb9\x0f\x07\xfd\xeb_\xffj\x0a\xf4^\xba\
p\xe1\xa2\xaa\x83\xc9\x0e\x9a \xf9\xf7\x03\x9c\x80>\x12\
\x9c\x08Z\x80V\xe0\x06\xd0\x0e\xf4\x03\x14\xc7,\xb0\x1a\
l\x07O\x81\xe7\xc1+\xe0\x0d\xf0\x0ex\x0f\xd4ix\
\x9f\xcf\xf1\xdf\xf8\x1a\xbe\x96\xef\xe1{\xf9\x19\xfc,~\
&?\x9b\xdf\xc1\xef\xe2w\xf2\xbb\xb9\x0d\xdc\x16n\xd3\
~\xdcF'\xa6\xc6\x1e55\xff\x0fysU\xd5\x22\
3\x83\x14\x00\x00\x00\x00IEND\xaeB`\x82\
"

qt_resource_name = b"\
\x00\x05\
\x00o\xa6S\
\x00i\
\x00c\x00o\x00n\x00s\
\x00\x14\
\x0e\xe8\x12\xc7\
\x00g\
\x00r\x00e\x00e\x00n\x00-\x00l\x00e\x00d\x00-\x00o\x00n\x00-\x00d\x00i\x00m\x00.\
\x00p\x00n\x00g\
\x00\x0f\
\x07h\xa5G\
\x00b\
\x00l\x00u\x00e\x00-\x00l\x00e\x00d\x00-\x00o\x00n\x00.\x00p\x00n\x00g\
\x00\x0e\
\x06\xc9\x1f\x87\
\x00r\
\x00e\x00d\x00-\x00l\x00e\x00d\x00-\x00o\x00n\x00.\x00p\x00n\x00g\
\x00\x10\
\x0c\x22\xa3G\
\x00g\
\x00r\x00e\x00e\x00n\x00-\x00l\x00e\x00d\x00-\x00o\x00n\x00.\x00p\x00n\x00g\
"

qt_resource_struct = b"\
\x00\x00\x00\x00\x00\x02\x00\x00\x00\x01\x00\x00\x00\x01\
\x00\x00\x00\x00\x00\x00\x00\x00\
\x00\x00\x00\x00\x00\x02\x00\x00\x00\x04\x00\x00\x00\x02\
\x00\x00\x00\x00\x00\x00\x00\x00\
\x00\x00\x00b\x00\x00\x00\x00\x00\x01\x00\x00\xb0\xd9\
\x00\x00\x01\x99\xe6V\x9e\x8d\
\x00\x00\x00>\x00\x00\x00\x00\x00\x01\x00\x00P^\
\x00\x00\x01\x99\xab\xd5\xa7\xe7\
\x00\x00\x00\x84\x00\x00\x00\x00\x00\x01\x00\x01\x0fv\
\x00\x00\x01\x99\xab\xd5\xcd\x18\
\x00\x00\x00\x10\x00\x00\x00\x00\x00\x01\x00\x00\x00\x00\
\x00\x00\x01\x99\xe67_N\
"

def qInitResources():
    QtCore.qRegisterResourceData(0x03, qt_resource_struct, qt_resource_name, qt_resource_data)

def qCleanupResources():
    QtCore.qUnregisterResourceData(0x03, qt_resource_struct, qt_resource_name, qt_resource_data)

qInitResources()
